Date,Open,High,Low,Close,Volume,Return,Future_Return,Target,RSI,MACD,MACD_Signal,BB_High,BB_Low,MA_7,MA_30,EMA_7,Volatility
2020-02-03,9344.68359375,9540.3720703125,9248.6337890625,9293.521484375,30934096509,-0.005441113304621492,-0.012111511652417528,0,65.84180561743406,366.35960161723597,342.0775975622028,9642.17258648447,8206.352706484278,9366.500558035714,8638.565364583334,9256.361431460806,0.022597616838613065
2020-02-04,9292.841796875,9331.265625,9112.8115234375,9180.962890625,29893183716,-0.012111511652417528,0.047104093835473426,1,61.95022873536741,344.4614089238239,342.5543598345271,9667.132665085974,8218.787842726528,9341.125279017857,8697.553548177084,9237.51099740124,0.012231792601500273
2020-02-05,9183.416015625,9701.2998046875,9163.7041015625,9613.423828125,35222060874,0.047104093835473426,0.012105773319493585,1,69.42701043687215,357.8775275096268,345.618993369547,9759.975601134205,8214.908676209545,9383.5244140625,8759.027034505209,9331.492192159358,0.02232964580452015
2020-02-06,9617.8212890625,9824.619140625,9539.818359375,9729.8017578125,37628823716,0.012105773319493585,0.006797836503646293,1,71.0742461931835,373.5940646387062,351.21400762337885,9864.100355609946,8190.860288921304,9415.06849888393,8811.230680338542,9431.071957338307,0.02153207232160188
2020-02-07,9726.0029296875,9834.716796875,9726.0029296875,9795.943359375,34522718159,0.006797836503646293,0.007061676319697785,1,71.99766942032673,386.92636177743043,358.3564784541892,9969.763604435271,8170.510516658479,9478.69907924107,8868.433365885418,9522.291438703449,0.019614464170007458
2020-02-08,9793.0703125,9876.7490234375,9678.91015625,9865.119140625,35172043762,0.007061676319697785,0.02549940694219166,1,72.96959434882368,398.4807724356615,366.3813372504836,10074.555199137581,8181.606324299917,9546.162527901786,8934.6349609375,9607.999513424573,0.019588251748156746
2020-02-09,9863.89453125,10129.435546875,9850.392578125,10116.673828125,35807884663,0.02549940694219166,-0.025706324471686526,0,76.20407239104546,423.05932255324296,377.7169343110355,10213.814123065487,8188.250525372012,9656.49232700893,8999.638948567708,9735.169370994183,0.019791739247261374
2020-02-10,10115.5595703125,10165.765625,9784.5634765625,9856.611328125,39386548075,-0.025706324471686526,0.03567402510806805,1,67.24538958689644,416.7491060065822,385.52336865014485,10285.1189591142,8228.017369010802,9736.93373325893,9060.274739583334,9765.53008927075,0.023776413825920432
2020-02-11,9855.8916015625,10210.052734375,9729.3349609375,10208.236328125,37648059389,0.03567402510806805,0.011541499979814906,1,72.03280943642199,435.1057841423153,395.439851748579,10405.054925770464,8260.817437510786,9883.687081473214,9127.466145833334,9876.207275066245,0.0236721104977342
2020-02-12,10202.3876953125,10393.611328125,10202.3876953125,10326.0546875,43444303830,0.011541499979814906,-0.010814856987217514,0,73.43392629967404,453.9279420148432,407.13746980183186,10495.776838887532,8362.04943064372,9985.491489955357,9200.19482421875,9988.669605309824,0.01914316002229129
2020-02-13,10323.9609375,10457.626953125,10116.1611328125,10214.3798828125,49356071373,-0.010814856987217514,0.009568503349817403,1,69.86128822593238,454.5931474724948,416.6286053359645,10535.619735283397,8499.101065497855,10054.71693638393,9246.41533203125,10045.097354236694,0.02070431508409041
2020-02-14,10211.55078125,10321.99609375,10125.5341796875,10312.1162109375,43338264162,0.009568503349817403,-0.0409897830477971,0,71.18267931289975,457.73040131427297,424.8489645316262,10542.529495632918,8686.618160617081,10128.45591517857,9296.585514322916,10111.852227720718,0.020722925622649515
2020-02-15,10313.8564453125,10341.5556640625,9874.427734375,9889.4248046875,43865054831,-0.0409897830477971,0.004551203932625647,1,59.11193740136407,421.25309027789626,424.12978968088026,10486.880389253338,8871.52673965291,10131.928152901786,9335.44013671875,10056.245272433966,0.02769567680208141
2020-02-16,9889.1796875,10053.96875,9722.38671875,9934.43359375,43374780305,0.004551203932625647,-0.024590331529186438,0,59.891858669928105,391.4638401287084,417.5965997704459,10462.883295978827,8997.985258708672,10105.893833705357,9368.9533203125,10025.79231188316,0.025621187129099676
2020-02-17,9936.560546875,9938.8154296875,9507.6376953125,9690.142578125,45998298413,-0.024590331529186438,0.0466302236506857,1,53.884134408289206,344.17595525964316,402.91247086828537,10459.790505484149,9034.23332264085,10082.112583705357,9393.864453125,9941.879793960998,0.025454274236290715
2020-02-18,9691.23046875,10161.935546875,9632.3828125,10141.99609375,47271023953,0.0466302236506857,-0.05014884351152826,0,61.56402387260953,339.2501041983014,390.17999753428865,10492.125227748249,9084.4352214705,10072.649693080357,9441.722819010416,9991.908906685008,0.028340947895760395
2020-02-19,10143.798828125,10191.67578125,9611.2236328125,9633.38671875,46992019710,-0.05014884351152826,-0.0025859164113087862,0,51.223446679837856,290.9518934898624,370.33437672540344,10490.518004172132,9098.481800515368,9973.69712611607,9474.247623697916,9902.278308941508,0.03312842887988854
2020-02-20,9629.3251953125,9643.216796875,9507.900390625,9608.4755859375,44925260237,-0.0025859164113087862,0.008114275736580634,1,50.77361537957439,247.8085110467564,345.829203589674,10479.167166070582,9135.627267523168,9887.139369419643,9503.000325520834,9828.827596992958,0.03321570586945303
2020-02-21,9611.7822265625,9723.0146484375,9589.7431640625,9686.44140625,40930547513,0.008114275736580634,-0.002401270461409255,0,52.1887774549676,217.40218270689365,320.143799413118,10469.357068110981,9174.794006107768,9797.757254464286,9536.519173177083,9793.231037967724,0.03309018972399522
2020-02-22,9687.70703125,9698.2314453125,9600.728515625,9663.181640625,35838025154,-0.002401270461409255,0.02704430011708836,1,51.71116207492158,189.24656315763605,293.9643521620216,10452.316747106863,9223.715967736887,9765.436802455357,9578.408040364584,9760.71868086429,0.02981427622465587
2020-02-23,9663.318359375,9937.404296875,9657.791015625,9924.515625,41185185761,0.02704430011708836,-0.027642741538078885,0,56.525244952203856,185.8778165303538,272.3470450356881,10431.335522518924,9307.796606387326,9764.019949776786,9627.7107421875,9801.667924235819,0.03189318032360237
2020-02-24,9921.5830078125,9951.74609375,9537.04296875,9650.1748046875,45080496648,-0.027642741538078885,-0.031965195740564556,0,50.79981429078218,159.2354816090592,249.72473235036233,10370.703291972834,9415.350028339668,9758.310267857143,9670.45498046875,9763.794639258918,0.03230829129800693
2020-02-25,9651.3125,9652.7373046875,9305.021484375,9341.705078125,42515259129,-0.031965195740564556,-0.05579095174048332,0,45.24985614171664,111.93993638529355,222.16777315734856,10401.544354533418,9357.337090779083,9643.982979910714,9695.284147135417,9658.27223833951,0.026475323713191237
2020-02-26,9338.2900390625,9354.7783203125,8704.4267578125,8820.5224609375,50420050762,-0.05579095174048332,-0.0040846016176541156,0,37.74634479591618,32.033531931369,184.14092491215268,10529.755118400455,9138.198397224543,9527.85951450893,9692.307584635417,9448.83477815662,0.027900234902916835
2020-02-27,8825.09375,8932.892578125,8577.19921875,8784.494140625,45470195695,-0.0040846016176541156,-0.012754184897438958,0,37.286053737870226,-33.810309439866614,140.55067804174882,10616.393298433704,8950.415295316296,9410.147879464286,9673.171061197916,9282.749609357332,0.027820018966865753
2020-02-28,8788.728515625,8890.4560546875,8492.9326171875,8672.455078125,44605450443,-0.012754184897438958,-0.008411261679117432,0,35.82309889255835,-93.94965100491208,93.65061223241665,10685.619507611771,8761.922679888228,9265.292689732143,9651.698567708334,9130.1759700615,0.026335139859820264
2020-02-29,8671.212890625,8775.6318359375,8599.5087890625,8599.5087890625,35792392544,-0.008411261679117432,-0.0043089307085921735,0,34.863964010987445,-145.81579465197137,45.75733085553905,10708.12655039682,8587.69913319693,9113.339425223214,9621.382421875,8997.509170580799,0.02593680031975288
2020-03-01,8599.7587890625,8726.796875,8471.212890625,8562.4541015625,35349164300,-0.0043089307085921735,0.03587941221856461,1,34.3606916663157,-187.7458732113264,-0.9433099578340318,10738.297099021951,8428.11286191555,8918.759207589286,9595.113248697917,8888.745400724738,0.018997229595779402
2020-03-02,8563.2646484375,8921.30859375,8532.630859375,8869.669921875,42857674409,0.03587941221856461,-0.009231886844013548,0,41.85488113615159,-193.95027532593303,-39.544703031453835,10673.866320166304,8358.687000146198,8807.258510044643,9577.673079427082,8883.976530926753,0.02811585898772542
2020-03-03,8865.3876953125,8901.5986328125,8704.990234375,8787.7861328125,42386715821,-0.009231886844013548,-0.0037028710724991143,0,40.52674843113444,-203.13305473893524,-72.26237337295012,10575.735846695447,8302.990618148302,8728.127232142857,9559.120442708334,8859.928931074648,0.026650759502709762
2020-03-04,8788.5419921875,8843.3662109375,8712.431640625,8755.24609375,34746706368,-0.0037028710724991143,0.03695117168590434,1,39.98376834334827,-210.60842001919082,-99.93158270219827,10481.541106389459,8251.271979548043,8718.802036830357,9541.1779296875,8833.758221479406,0.016576543272188164
2020-03-05,8760.28515625,9142.0546875,8757.25390625,9078.7626953125,39698054597,0.03695117168590434,0.004822595830994203,1,47.51309732436925,-188.25749958683627,-117.59676607912587,10337.205780454668,8272.271953920332,8760.840401785714,9537.771256510418,8895.00934040123,0.02173470126270882
2020-03-06,9078.30859375,9167.6953125,9032.0791015625,9122.5458984375,40826885651,0.004822595830994203,-0.02330399860322019,0,48.45556182925582,-165.1080329066499,-127.0990194446307,10265.581701658068,8267.208142091933,8825.139090401786,9521.408658854167,8951.893480233173,0.02032229698010569
2020-03-07,9121.6005859375,9163.220703125,8890.744140625,8909.9541015625,36216930370,-0.02330399860322019,-0.08999349283790192,0,44.29639714296639,-162.0483031169697,-134.0888761790985,10176.43756836876,8253.904326162492,8869.48842075893,9494.080403645834,8941.408635520871,0.022876016332268233
2020-03-08,8908.2060546875,8914.34375,8105.2529296875,8108.1162109375,39973102121,-0.08999349283790192,-0.022751484424786028,0,32.845038541098646,-221.7686507889648,-151.62483110107178,10184.401575573589,8087.737682238912,8804.5830078125,9437.819498697916,8733.085528709904,0.04297225955413019
2020-03-09,8111.146484375,8177.79345703125,7690.09814453125,7923.64453125,46936995808,-0.022751484424786028,-0.0017561412564156553,0,30.86795816957246,-280.74650844678035,-177.4491665702135,10093.518255228775,7956.785846333723,8669.4365234375,9373.103678385416,8530.725278860364,0.03874085690144591
2020-03-10,7922.14697265625,8136.9453125,7814.76318359375,7909.7294921875,42213940994,-0.0017561412564156553,0.00021501160000858555,1,30.717753508130585,-324.8648728794342,-206.93230783205763,10073.226664208725,7804.711714697523,8543.99986049107,9299.5388671875,8375.476331913333,0.03903841938506988
2020-03-11,7910.08984375,7950.814453125,7642.8125,7911.43017578125,38682762605,0.00021501160000858555,-0.37169538560117077,0,30.76209835717664,-355.5927121581717,-236.66438869728046,10028.535885811261,7679.697952079363,8423.45472935268,9234.699495442708,8259.464792724051,0.03924235226544996
2020-03-12,7913.6162109375,7929.1162109375,4860.35400390625,4970.7880859375,53980357243,-0.37169538560117077,0.11928067241286833,1,14.034712582297487,-610.1960268836574,-311.3707163345559,10626.911311939697,6609.757193919679,7836.601213727678,9060.117887369792,7437.295615196851,0.13600777856740187
2020-03-13,5017.8310546875,5838.11474609375,4106.98095703125,5563.70703125,74156772075,0.11928067241286833,-0.06530552710121185,0,23.112980288540413,-755.4193800837265,-400.18044908439003,10761.5796692236,6065.141375698277,7328.195661272322,8901.372965494791,6968.898468855255,0.15265369060078243
2020-03-14,5573.07763671875,5625.2265625,5125.0693359375,5200.3662109375,36154506008,-0.06530552710121185,0.036910617960911996,1,21.607134205671343,-889.5740455493506,-498.0591683773822,10803.729878113612,5550.576225402012,6798.254534040178,8734.239176432291,6526.765404124578,0.1519914386602173
2020-03-15,5201.06689453125,5836.64501953125,5169.283203125,5392.31494140625,33997889639,0.036910617960911996,-0.07006915676163483,0,24.40901947863793,-969.2312317821825,-592.2935810583423,10763.316714299091,5165.203402888408,6410.282924107143,8570.24580078125,6243.152788324125,0.15558229762304887
2020-03-16,5385.2294921875,5385.2294921875,4575.35791015625,5014.47998046875,45368026430,-0.07006915676163483,0.04210793838741411,1,22.689892979600614,-1050.7360186572532,-683.9820685781244,10749.271645742538,4746.525961679337,5994.68798828125,8407.747639973959,5935.9845862621,0.15555413507197305
2020-03-17,5002.578125,5371.3486328125,4981.9091796875,5225.62939453125,38622642935,0.04210793838741411,0.0024512036855608432,1,25.833565683513285,-1085.775017865988,-764.3406584356972,10717.959012248608,4418.3492885326405,5611.2451171875,8250.7875,5758.395788286814,0.15868963335970004
2020-03-18,5227.11376953125,5331.833984375,5069.3359375,5238.4384765625,37878801016,0.0024512036855608432,0.18187755736638023,1,26.03006863376578,-1099.831913632549,-831.4389094750675,10644.33319284218,4137.36954153282,5229.38916015625,8102.39736328125,5628.406460332364,0.1587958785406367
2020-03-19,5245.41650390625,6329.73583984375,5236.96875,6191.19287109375,51000731797,0.18187755736638023,0.001225199953657663,1,38.98034557581046,-1022.3082544712925,-869.6127784743124,10504.520774437897,4029.055739233978,5403.732700892857,7970.703922526041,5769.1030630416835,0.09209582610833703
2020-03-20,6191.65380859375,6844.26171875,5865.78173828125,6198.7783203125,54442976103,0.001225199953657663,-0.00221203491300348,0,39.07180473036829,-949.3150012936412,-885.5532230381782,10355.829019660048,3937.674447136827,5494.457170758928,7856.216975911459,5876.521877370251,0.08466831687833384
2020-03-21,6206.521484375,6378.13525390625,5932.8232421875,6185.06640625,42494390880,-0.00221203491300348,-0.05736583896317804,0,38.9581318088075,-882.4019784011089,-884.9229741107645,10194.23394018221,3861.5307570834157,5635.128627232143,7742.103336588541,5953.658009596039,0.07730322144663175
2020-03-22,6185.55810546875,6359.697265625,5823.7138671875,5830.2548828125,40099664740,-0.05736583896317804,0.10052048673231173,1,36.03653119402327,-848.2254355156365,-877.583466391739,9964.896539973872,3786.926653385503,5697.691476004465,7613.563785807291,5922.8072278984,0.08335969930987588
2020-03-23,5831.37451171875,6443.9345703125,5785.00439453125,6416.31494140625,46491916000,0.10052048673231173,0.04963733427047878,1,43.56490349210462,-765.0313253270542,-855.0730381788021,9723.275021016243,3791.4010532025077,5897.95361328125,7505.334895833334,6046.184156280627,0.07953324534898855
2020-03-24,6436.642578125,6789.02294921875,6411.06640625,6734.8037109375,48221910672,0.04963733427047878,-0.007979552925792555,0,47.201752491949165,-665.7259374351925,-817.2036180300802,9477.261602822893,3835.3702331146064,6113.549944196428,7399.011165364584,6218.339044950354,0.07964302991490357
2020-03-25,6738.716796875,6892.51123046875,6536.92626953125,6681.06298828125,44590107888,-0.007979552925792555,0.005295181540467819,1,46.655401182322606,-584.6229596983612,-770.6874863637364,9130.022597419384,3942.8392678149926,6319.63916015625,7300.040771484375,6334.020030785855,0.0805430877793084
2020-03-26,6675.1708984375,6735.4638671875,6590.962890625,6716.4404296875,35319797642,0.005295181540467819,-0.03672214358569481,0,47.08957409410173,-511.596238684695,-718.8692368279281,8726.47343581053,4105.777882548845,6394.674525669643,7212.531949869792,6429.625130512987,0.049703344029640814
2020-03-27,6719.38916015625,6793.83642578125,6466.70166015625,6469.79833984375,34585598367,-0.03672214358569481,-0.035179534234601295,0,44.37774123394402,-468.2265671238056,-668.7407028871037,8302.824753366776,4285.410988820724,6433.391671316965,7134.174479166667,6439.668432845814,0.05311950512281805
2020-03-28,6467.25390625,6467.5009765625,6117.837890625,6242.19384765625,34885225901,-0.035179534234601295,-0.051288198783903005,0,41.97541765619712,-447.0680481309564,-624.4061719358742,8029.0744438025595,4372.569062056815,6441.552734375,7049.431136067708,6390.299786547924,0.05551208502284002
2020-03-29,6245.62451171875,6250.46728515625,5920.0859375,5922.04296875,28373690931,-0.051288198783903005,0.08574723804008189,1,38.794211651600214,-450.93516976576666,-589.7119715018528,7751.306326836152,4450.177022773222,6454.665318080357,6957.750732421875,6273.2355820975545,0.054455331096838984
2020-03-30,5925.53857421875,6517.19580078125,5903.234375,6429.841796875,37101651525,0.08574723804008189,0.0013690436954885143,1,45.8094439134826,-408.3179349595257,-553.4331641933874,7465.370586114108,4588.123993964016,6456.597726004465,6885.428499348958,6312.387135792139,0.05018605366514583
2020-03-31,6430.6064453125,6504.51513671875,6374.162109375,6438.64453125,32786468812,0.0013690436954885143,0.026112924097839496,1,45.92514980403841,-369.5729552613657,-516.661122406983,7124.206621919779,4782.009393705221,6414.289271763393,6814.634847005208,6343.951484656739,0.04554882541867331
2020-04-01,6437.3193359375,6612.57373046875,6202.37353515625,6606.7763671875,40346426266,0.026112924097839496,0.028281287899985408,1,48.200129762736964,-321.5933180981465,-477.6475615452158,7147.190374377293,4922.624469372708,6403.676897321428,6739.205061848958,6409.65770528964,0.04704230740553938
2020-04-02,6606.7763671875,7088.24755859375,6595.91845703125,6793.62451171875,47660646124,0.028281287899985408,-0.008866740365705117,0,50.68326342865854,-265.43228807207106,-435.2045068505869,7233.404069512402,4959.402522284472,6414.703194754465,6672.7330078125,6505.649406897148,0.04831291177991858
2020-04-03,6797.396484375,7003.220703125,6673.3359375,6733.38720703125,38976504903,-0.008866740365705117,0.01992164308903499,1,49.8535484563427,-223.21186676663183,-392.8059788337959,7263.853334764568,5082.255356641683,6452.358747209822,6605.337711588541,6562.583856930775,0.04560386251876391
2020-04-04,6738.3828125,6878.95361328125,6696.48486328125,6867.52734375,33185988584,0.01992164308903499,-0.011124520572645125,0,51.74789116994405,-176.88882644131263,-349.6225483552993,7315.75259905064,5177.877332589986,6541.692103794643,6531.629866536458,6638.819728635684,0.041786867197073446
2020-04-05,6862.53759765625,6883.4140625,6715.92919921875,6791.12939453125,29510409856,-0.011124520572645125,0.0707764242948763,1,50.576044355512956,-144.67444234700088,-308.63292715363957,7266.554826421844,5404.74004662503,6665.847307477678,6453.915983072917,6676.897145109614,0.03310964976157985
2020-04-06,6788.0498046875,7271.78125,6782.8896484375,7271.78125,46896904615,0.0707764242948763,-0.013114627068677276,0,57.15047050034821,-79.44394277877109,-262.79513027866585,7306.034799276733,5569.8752593170175,6786.124372209822,6399.310221354167,6825.618171332324,0.028305431370420495
2020-04-07,7273.64404296875,7427.939453125,7136.71435546875,7176.41455078125,44243482668,-0.013114627068677276,0.02197254365887824,1,55.5709722242403,-35.039681883462436,-217.24404059962518,7267.862342728727,5801.845323286899,6891.520089285715,6368.253499348958,6913.3172661946055,0.030195731168892143
2020-04-08,7179.283203125,7356.2236328125,7153.3056640625,7334.0986328125,37563249549,0.02197254365887824,-0.004364445986660415,0,57.65488002327228,12.728080995793789,-171.2496162805414,7384.7014726581965,5799.296769529303,6995.423270089285,6348.601969401042,7018.512607849124,0.03000452206485547
2020-04-09,7337.96630859375,7341.4482421875,7179.09423828125,7302.08935546875,34815139178,-0.004364445986660415,-0.05979058460566089,0,57.069699351115,47.45447046071331,-127.50879893229046,7475.491404480072,5818.837941223053,7068.061104910715,6328.347298177084,7089.406794754053,0.030206273738606647
2020-04-10,7303.8154296875,7303.8154296875,6802.47509765625,6865.4931640625,43622840992,-0.05979058460566089,-0.0009336774645052337,0,49.66521265873014,39.292777758819284,-94.14848359406852,7486.3703828077105,5876.001638676664,7086.933384486607,6293.482731119791,7033.428387081152,0.040196362608168834
2020-04-11,6867.4404296875,6926.06982421875,6789.9208984375,6859.0830078125,31222085946,-0.0009336774645052337,0.016329994685138294,1,49.56353512501872,31.939156735867073,-68.9309555280814,7439.203464794567,6026.051369189808,7085.72705078125,6356.425895182291,6989.842042263982,0.03954112934759856
2020-04-12,6858.06787109375,7119.947265625,6811.078125,6971.091796875,35759567632,0.016329994685138294,-0.018082418492216368,0,51.43451287539822,34.74896780565268,-48.19497086133458,7458.602805204712,6062.129714326537,7111.435965401785,6403.338720703125,6985.154480916735,0.039558827272492554
2020-04-13,6965.61669921875,6965.61669921875,6668.259765625,6845.03759765625,38619308647,-0.018082418492216368,-0.0003812781513637953,0,49.22157418428147,26.498781466174478,-33.25622039583277,7464.960149984436,6066.79575821869,7050.472586495535,6458.161100260417,6950.12526010161,0.026965933851422257
2020-04-14,6843.28173828125,6958.55712890625,6793.8212890625,6842.427734375,34110434052,-0.0003812781513637953,-0.029275847531044064,0,49.17440059205828,19.524785622596028,-22.70001919214701,7472.65127144658,6075.241111365921,7002.760184151785,6506.498193359375,6923.200878669956,0.027015142611524753
2020-04-15,6845.5615234375,6928.66455078125,6633.40283203125,6642.10986328125,32288311031,-0.029275847531044064,0.07146740203164859,1,45.56479698962923,-2.1414491070318036,-18.588305175123967,7470.9067067370515,6069.552619434823,6903.904645647322,6560.752522786458,6852.928124822775,0.024884479665817805
2020-04-16,6640.4541015625,7134.45068359375,6555.50439453125,7116.80419921875,46783242377,0.07146740203164859,-0.002897315751431484,0,54.15313481877231,18.775339075391457,-11.115576325020882,7504.529483799478,6100.630428309897,6877.435337611607,6623.791682942709,6918.897143421772,0.04097402462983683
2020-04-17,7116.552734375,7167.18310546875,7050.33203125,7096.1845703125,32513423567,-0.002897315751431484,0.02275595669052466,1,53.756390377871924,33.304301424364894,-2.2316007751437263,7508.509734081529,6182.049250293471,6910.391252790178,6685.716552734375,6963.219000144456,0.03260939366818012
2020-04-18,7092.29150390625,7269.95654296875,7089.2470703125,7257.6650390625,32447188386,0.02275595669052466,-0.009402505352301915,0,56.44745791322599,57.18948822000766,9.65261702388655,7446.45251445587,6377.668676950379,6967.33154296875,6721.265625,7036.830509873968,0.033095381332083354
2020-04-19,7260.92236328125,7280.52197265625,7167.0546875,7189.4248046875,31311210215,-0.009402505352301915,-0.04276646838190479,0,54.9910923242887,69.80755617847262,21.683604854803768,7448.72225658226,6451.35723560524,6998.52197265625,6754.287174479166,7074.979083577352,0.03351488247898912
2020-04-20,7186.87353515625,7240.29052734375,6835.5029296875,6881.95849609375,37747113936,-0.04276646838190479,-0.00023761461322069355,0,48.87274083072331,54.37075225607714,28.221034335058444,7414.179393477924,6530.231495193951,7003.79638671875,6777.516910807291,7026.723936706451,0.0374066023564799
2020-04-21,6879.7841796875,6934.5517578125,6834.4423828125,6880.3232421875,32589741511,-0.00023761461322069355,0.034429236680519004,1,48.84161618276288,41.52633289123969,30.882094046294696,7397.675792544681,6574.089783627193,7009.210030691965,6812.519189453125,6990.123763076714,0.037405528995901445
2020-04-22,6879.4404296875,7145.86572265625,6867.78173828125,7117.20751953125,33249153866,0.034429236680519004,0.043910071328696176,1,53.4649346050606,49.88655827223556,34.68298689148287,7407.750251030929,6596.373625922196,7077.081124441965,6835.882275390625,7021.894702190348,0.03644184520686814
2020-04-23,7121.30615234375,7491.78515625,7081.5947265625,7429.724609375,43500782316,0.043910071328696176,0.016309658285092787,1,58.76007063078713,80.79822283722206,43.90603408063071,7463.348032473663,6610.409584713838,7121.784040178572,6859.046305338542,7123.852178986511,0.02960174340678451
2020-04-24,7434.181640625,7574.19580078125,7434.181640625,7550.90087890625,34636526286,0.016309658285092787,0.002520911948821203,1,60.630680374755855,113.76246902211369,57.87732106892731,7544.665220509296,6597.429750193829,7186.743512834822,6888.040901692709,7230.614353966445,0.029470887062295996
2020-04-25,7550.48291015625,7641.36376953125,7521.67236328125,7569.93603515625,32941541447,0.002520911948821203,0.014522071498782596,1,60.93047713678053,139.8111932379452,74.2640955027309,7612.337785764092,6607.637849001534,7231.353655133928,6916.490755208333,7315.444774263897,0.028916577526872204
2020-04-26,7570.13916015625,7700.59423828125,7561.40771484375,7679.8671875,33070154491,0.014522071498782596,0.015069777105927384,1,62.69716523282723,167.3958845542611,92.89045331303694,7687.534130029592,6573.2500984860335,7301.416852678572,6956.826383463542,7406.550377572923,0.028141728213130584
2020-04-27,7679.4189453125,7795.60107421875,7679.4189453125,7795.60107421875,36162144725,0.015069777105927384,0.001469741643032707,1,64.51634080635009,196.3325096308845,113.57886457660646,7789.563415307536,6533.139465551839,7431.937220982143,7008.606624348959,7503.813051734381,0.01600502303379045
2020-04-28,7796.97021484375,7814.52734375,7730.806640625,7807.05859375,33187959921,0.001469741643032707,0.1273180520232342,1,64.69987785291076,217.68023727881246,134.39913911704767,7870.442799526913,6499.556077426211,7564.327985491072,7071.440478515625,7579.624437238285,0.015689334594750637
2020-04-29,7806.71240234375,8871.75390625,7786.04931640625,8801.0380859375,60201052203,0.1273180520232342,-0.01618949646720247,0,76.20073815037414,311.21678980107754,169.76266925385366,8243.277084302801,6276.616665697198,7804.875209263393,7150.480354817709,7884.97784941309,0.04447022734848441
2020-04-30,8797.669921875,9440.650390625,8533.255859375,8658.5537109375,66964629541,-0.01618949646720247,0.023816089558295506,1,72.55171751912653,369.58750856010556,209.72763711510407,8487.531846517759,6211.66795816974,7980.422223772322,7224.477327473958,8078.371814794193,0.047399968356840017
2020-05-01,8672.7822265625,9048.0234375,8667.763671875,8864.7666015625,44068389997,0.023816089558295506,0.013968791699848548,1,74.45807367064366,427.55776087347385,253.29366186677805,8740.498704337007,6159.269459725492,8168.117327008928,7299.743668619792,8274.970511486272,0.04730812720913142
2020-05-02,8869.0576171875,9007.1875,8811.3662109375,8988.5966796875,40134388683,0.013968791699848548,-0.010138170944239966,0,75.55595877619753,477.98177947798195,298.2312853890188,8983.4706456497,6118.04800669405,8370.783133370536,7372.909407552083,8453.377053536578,0.04663185806265977
2020-05-03,8983.6142578125,9167.78125,8830.9716796875,8897.46875,47101785174,-0.010138170944239966,0.0017067266322232655,1,73.06690656532832,504.77122667763433,339.53927364674195,9161.244807170235,6145.516960407892,8544.72621372768,7445.045458984375,8564.399977652434,0.048511618519708
2020-05-04,8895.7451171875,8956.90625,8645.0244140625,8912.654296875,45718796276,0.0017067266322232655,0.010144678859214995,1,73.22519718636639,521.2191138163644,375.8752416806664,9311.3760924692,6202.408331358925,8704.305245535714,7513.216357421875,8651.463557458075,0.04909779602988714
2020-05-05,8912.83203125,9062.4150390625,8856.8271484375,9003.0703125,43148462663,0.010144678859214995,0.029511199738283755,1,74.19756214068765,535.3784897291407,407.7758912903613,9431.450056762686,6318.430411987315,8875.1640625,7586.947721354167,8739.365246218556,0.048651362099004766
2020-05-06,9007.44140625,9411.4677734375,8966.7060546875,9268.76171875,49371886931,0.029511199738283755,0.07366214135771076,1,76.85727271586633,561.5655945499302,438.53383194227507,9610.42239126076,6354.653829442367,8941.981724330357,7653.513736979166,8871.714364351417,0.016859181505065175
2020-05-07,9261.8955078125,9992.6640625,9138.322265625,9951.5185546875,61112700562,0.07366214135771076,-0.010938284289408906,0,81.99379395076144,630.1478818826017,476.85664193034046,9910.446313444863,6340.163305695761,9126.690987723214,7746.017203776041,9141.665411935437,0.026957025601863232
2020-05-08,9936.162109375,9996.7431640625,9767.1728515625,9842.666015625,51780748042,-0.010938284289408906,-0.025274608612654736,0,78.98390587317965,668.0158773105322,515.0884890063788,10141.142793403365,6367.966923393511,9266.390904017857,7829.636116536459,9316.915562857828,0.029316312304453706
2020-05-09,9840.90625,9913.86328125,9580.64453125,9593.896484375,46566121841,-0.025274608612654736,-0.0872915214038874,0,72.43925274382835,670.2269552548023,546.1161822560636,10280.891237542904,6468.66564722272,9352.8623046875,7906.0296875,9386.16079323712,0.03314201477692854
2020-05-10,9591.1689453125,9595.5810546875,8395.107421875,8756.4306640625,63325279337,-0.0872915214038874,-0.017659566044374797,0,55.70528242740295,597.5149770351582,556.3959412118825,10252.194550637389,6684.809550925111,9332.71400669643,7969.0609375,9228.728260943464,0.049616594851324934
2020-05-11,8755.53515625,9033.470703125,8374.3232421875,8601.7958984375,57119858802,-0.017659566044374797,0.023562712138033515,1,53.25880516186476,521.4020785848952,549.3971686864851,10182.769565578394,6926.381801609105,9288.3056640625,8027.1513671875,9071.995170316974,0.049965466910071664
2020-05-12,8610.3857421875,8949.8984375,8569.6435546875,8804.4775390625,42142717533,0.023562712138033515,0.05287193516704303,1,55.987250502244024,471.99589781377836,533.9169145119438,10129.520029679159,7148.358339461465,9259.935267857143,8088.264225260416,9005.115762503354,0.05084716871763793
2020-05-13,8805.3876953125,9317.87890625,8805.3876953125,9269.9873046875,45558144023,0.05287193516704303,0.05002535168149658,1,61.54017557730815,465.0431631533447,520.142164240224,10136.359717970066,7325.54492070181,9260.1103515625,8169.095882161459,9071.33364804939,0.05393742762328736
2020-05-14,9271.3291015625,9793.2685546875,9255.03515625,9733.7216796875,56426907637,0.05002535168149658,-0.04166180495059313,0,66.12523326250482,491.28928228658515,514.3715878494963,10200.287421725023,7479.899297024977,9228.996512276786,8265.472347005209,9236.930655958919,0.049180643048650656
2020-05-15,9734.291015625,9755.828125,9261.3984375,9328.197265625,48158802327,-0.04166180495059313,0.005233209039209763,1,59.45061741879891,473.9042168699034,506.2781136535778,10170.665755033322,7685.347086763551,9155.5009765625,8355.00859375,9259.74730837544,0.05142073557012323
2020-05-16,9333.240234375,9564.205078125,9260.6943359375,9377.013671875,36164766408,0.005233209039209763,0.03132400103227817,1,59.97437540504816,458.77700751928387,496.77789242671906,10128.278623946815,7897.448866287559,9124.51771763393,8430.348909505208,9289.063899250328,0.05085296062195404
2020-05-17,9374.9296875,9823.001953125,9349.5458984375,9670.7392578125,40084250663,0.03132400103227817,0.005773698991511145,1,63.065649642490364,465.12807818809597,490.44792957899443,10106.22221286262,8107.019095731131,9255.133231026786,8516.167399088541,9384.48273889087,0.035055209802536916
2020-05-18,9675.6953125,9906.0302734375,9570.359375,9726.5751953125,41827139896,0.005773698991511145,0.00025321252090737545,1,63.640525058429695,469.2575322370176,486.20985011059906,10040.12514226853,8365.06782648147,9415.815987723214,8598.464404296876,9470.005852996279,0.03246015510174558
2020-05-19,9727.0634765625,9836.0478515625,9539.6240234375,9729.0380859375,39254288955,0.00025321252090737545,-0.02117954918100662,0,63.66738814353841,467.34166520569124,482.4362131296175,10095.176568809122,8402.816399940879,9547.896065848214,8683.118180338543,9534.763911231583,0.033004735550632595
2020-05-20,9725.3291015625,9804.7939453125,9447.201171875,9522.9814453125,36546239703,-0.02117954918100662,-0.04633209978369557,0,59.69370706847078,444.07723206626906,474.7644169169478,10100.819998370473,8483.615743817027,9584.0380859375,8771.152278645834,9531.818294751813,0.03055651261928487
2020-05-21,9522.740234375,9555.2421875,8869.9306640625,9081.76171875,39326160532,-0.04633209978369557,0.01110086707949609,1,52.18334495160301,385.5923876635461,456.9300110662675,10094.068241538665,8512.067012367585,9490.900948660714,8844.533561197917,9419.304150751359,0.028105377734007477
2020-05-22,9080.3349609375,9232.9365234375,9008.638671875,9182.5771484375,29810773699,0.01110086707949609,0.0029087652089092586,1,53.619253654827865,343.41896962892133,434.22780277879826,10092.786447447017,8532.746853334234,9470.098074776786,8913.379215494791,9360.122400172893,0.024943717727292924
2020-05-23,9185.0625,9302.501953125,9118.1083984375,9209.287109375,27727866812,0.0029087652089092586,-0.045488748514099786,0,54.01326717282152,308.5942205355095,409.10108633014056,10086.714813182321,8570.00032353643,9446.137137276786,8972.697965494792,9322.413577473419,0.02484704624978573
2020-05-24,9212.283203125,9288.404296875,8787.2509765625,8790.3681640625,32518803300,-0.045488748514099786,0.013260696716498988,1,47.235545148896996,244.37509417773072,376.15588789965864,10095.729428133667,8548.757095303832,9320.369838169643,9014.013541666667,9189.40222412069,0.024477682832292496
2020-05-25,8786.107421875,8951.005859375,8719.66796875,8906.9345703125,31288157264,0.013260696716498988,-0.008070322664891605,0,49.1476954820549,200.57480714040867,341.03967174780865,10099.93913681245,8534.933812406298,9203.2783203125,9058.580159505209,9118.785310668642,0.025587455406617988
2020-05-26,8909.5859375,8991.9677734375,8757.2939453125,8835.052734375,29584186947,-0.008070322664891605,0.039158209254817056,1,47.99268464416323,158.23842659888396,304.4794227180237,10105.994414577191,8485.50763620406,9075.566127232143,9097.086344401041,9047.85216659523,0.025100461094683064
2020-05-27,8837.380859375,9203.3203125,8834.1572265625,9181.017578125,32740536902,0.039158209254817056,0.037548495632866885,1,53.639788797854735,150.86394588573603,273.7563273515662,10010.34228528245,8504.109667842551,9026.714146205357,9143.26689453125,9081.143519477673,0.03152236625117274
2020-05-28,9184.9453125,9546.3193359375,9148.45703125,9525.7509765625,34367073114,0.037548495632866885,-0.009093976247976698,0,58.47790898966588,170.8670717449695,253.17847623024687,9956.958976598016,8525.801472620733,9090.141183035714,9200.556640625,9192.29538374888,0.028930977512072017
2020-05-29,9528.35546875,9573.6669921875,9379.3388671875,9439.1240234375,32896642044,-0.009093976247976698,0.02768159825145977,1,56.87177277129107,177.6814211375895,238.07906521171543,9937.047874257123,8530.235328867877,9126.790736607143,9221.826171875,9254.002543671035,0.02947916673933245
2020-05-30,9438.9140625,9704.0302734375,9366.7294921875,9700.4140625,32722975141,0.02768159825145977,-0.024674768232348376,0,60.404356346040515,201.839089206449,230.83107001066216,9976.468968285575,8585.212574683173,9196.951729910714,9256.554850260416,9365.605423378276,0.030741799269615056
2020-05-31,9700.10546875,9700.34375,9432.296875,9461.05859375,27773290299,-0.024674768232348376,0.07464386293982206,1,55.88832337831764,199.37199301588043,224.53925461170581,9948.936347545055,8698.671464954943,9292.7646484375,9276.43125,9389.468715971207,0.025235641766568475
2020-06-01,9463.60546875,10199.5654296875,9450.8994140625,10167.2685546875,35198901068,0.07464386293982206,-0.06269774820259899,0,64.35578229144303,251.50287473035678,229.93197863543602,10070.59294177161,8713.293972290889,9472.81236049107,9315.7203125,9583.91867565028,0.03499775527777318
2020-06-02,10162.9736328125,10182.3408203125,9460.5712890625,9529.8037109375,39137252109,-0.06269774820259899,0.013317594606312655,1,54.23554639730277,238.62813213081063,231.67120933451096,10083.695285940525,8726.173268746974,9572.0625,9336.79814453125,9570.389934472085,0.04642182351938137
2020-06-03,9533.7607421875,9682.859375,9471.8466796875,9656.7177734375,25007459262,0.013317594606312655,0.014903505382374727,1,55.72823125127901,235.94587289035917,232.52614204568061,10073.182263377235,8728.985900685264,9640.01967075893,9361.600260416666,9591.971894213439,0.044885226200282305
2020-06-04,9655.8544921875,9887.6103515625,9525.2470703125,9800.63671875,25921805072,0.014903505382374727,-0.013785177382049874,0,57.42411633433337,242.63625946034153,234.5481655286128,10117.778878639287,8731.633230735713,9679.2890625,9388.185807291668,9644.138100347578,0.0431935191798842
2020-06-05,9800.2158203125,9869.2373046875,9663.216796875,9665.533203125,23509628646,-0.013785177382049874,-0.0012263695520872142,0,55.283217128514664,234.33544131619237,234.50562068612874,10139.604824804908,8738.65923769509,9711.633231026786,9401.4115234375,9649.486876041932,0.04348169420191254
2020-06-06,9664.904296875,9773.431640625,9591.0244140625,9653.6796875,20438419222,-0.0012263695520872142,0.010894586827723485,1,55.08915837059983,224.2158823634727,232.44767302159755,10137.662339711198,8738.895765757552,9704.95689174107,9391.483561197916,9650.535078906449,0.04223452961404815
2020-06-07,9653.0029296875,9768.498046875,9458.150390625,9758.8525390625,25015250846,0.010894586827723485,0.0012948980117710729,1,56.54664444589742,222.12214333867996,230.38256708501405,10142.07316935612,8737.71267048763,9747.49888392857,9388.689778645834,9677.61444394546,0.04087940333127336
2020-06-08,9760.0634765625,9782.306640625,9675.8857421875,9771.4892578125,21486346312,0.0012948980117710729,0.0024777121338637187,1,56.728351594767545,218.9585003752236,228.097753743056,10147.925757892583,8736.105199138667,9690.958984375,9394.609537760416,9701.083147412219,0.027214096650756275
2020-06-09,9774.3603515625,9836.369140625,9664.7197265625,9795.7001953125,23717842783,0.0024777121338637187,0.007594610876882513,1,57.09850613444878,215.91596599786862,225.66139619401855,10177.643829817396,8733.659002213855,9728.94419642857,9429.25185546875,9724.737409387288,0.010054017162613133
2020-06-10,9794.119140625,9908.896484375,9728.291015625,9870.0947265625,25706567601,0.007594610876882513,-0.05555301055894357,0,58.27948834235074,217.00623966520834,223.93036488825652,10217.184612860055,8772.951519952443,9759.42661830357,9471.528483072916,9761.07673868109,0.009378368366669956
2020-06-11,9870.078125,9938.2978515625,9263.0693359375,9321.78125,30247143440,-0.05555301055894357,0.01706353064227928,1,47.82903461023814,171.6473307082524,213.47375805225573,10214.582885692229,8789.47365727652,9691.01869419643,9488.771940104167,9651.252866510817,0.022834732640362048
2020-06-12,9320.6904296875,9540.4658203125,9285.8515625,9480.84375,22610564515,0.01706353064227928,-0.0005871213994007585,0,50.59661165575891,146.842375477494,200.1474815373034,10215.568193438861,8815.64401359239,9664.634486607143,9495.80048828125,9608.650587383112,0.024219380969883242
2020-06-13,9480.7353515625,9493.2119140625,9396.009765625,9475.27734375,17564322315,-0.0005871213994007585,-0.009338962291258746,0,50.495659250288185,125.29083255621481,185.1761517410857,10166.606934988886,8933.096190011114,9639.1484375,9487.185677083333,9575.307276474834,0.024226159024826763
2020-06-14,9477.5537109375,9482.2705078125,9347.59375,9386.7880859375,18991732746,-0.009338962291258746,0.006808938469139436,1,48.82778762070893,99.91893269203683,168.12470793127594,10122.236509596569,9025.451966965931,9585.996372767857,9489.138704427083,9528.1774788405,0.023573548411995177
2020-06-15,9386.03515625,9504.8603515625,8990.17578125,9450.7021484375,26699704768,0.006808938469139436,0.009239764861221245,1,50.10957598164438,84.00054396435371,151.2998751378915,10041.449394793415,9167.804023175335,9540.169642857143,9491.594986979168,9508.80864623975,0.023919942572344404
2020-06-16,9454.2666015625,9579.4306640625,9400.4453125,9538.0244140625,21565537209,0.009239764861221245,-0.006056760681470541,0,51.882926519314815,77.53747946728618,136.54739600377044,10015.589953160003,9229.364148402497,9503.358816964286,9487.171158854168,9516.112588195438,0.024381033154761325
2020-06-17,9533.7841796875,9540.4228515625,9327.33984375,9480.2548828125,20177709879,-0.006056760681470541,-0.007216479234543938,0,50.60148385249168,66.9818112918947,122.6342790613953,10016.0447619972,9224.3597301903,9447.667410714286,9478.960481770833,9507.148161849704,0.023882945700995716
2020-06-18,9481.5673828125,9482.7822265625,9328.3955078125,9411.8408203125,17770083003,-0.007216479234543938,-0.013156009327927487,0,49.056229071125955,52.49084336197848,108.60559192151194,10017.346411912875,9220.329759962124,9460.53306361607,9468.387239583333,9483.321326465402,0.009875760360454289
2020-06-19,9410.2939453125,9440.8759765625,9274.2958984375,9288.0185546875,19632223107,-0.013156009327927487,0.004771982890003024,1,46.300355926111926,30.66177500963022,93.0168285391356,10019.722248587703,9176.714372506049,9432.986607142857,9460.555143229167,9434.495633520926,0.008388780919881832
2020-06-20,9290.9599609375,9394.9716796875,9247.3798828125,9332.3408203125,17130541557,0.004771982890003024,-0.0030764990320015784,0,47.43861148623039,16.745485951410956,77.76256002159067,10025.228494082656,9158.336349667343,9412.567103794643,9468.907779947916,9408.95693021882,0.008866106624608
2020-06-21,9330.9267578125,9401.107421875,9300.4306640625,9303.6298828125,15324301169,-0.0030764990320015784,0.03709174751916078,1,46.747360800208384,3.361247533131973,62.882297523898934,9910.244372922483,9186.956603640017,9400.68736049107,9472.94287109375,9382.62516836724,0.008317033837620816
2020-06-22,9300.9150390625,9655.0732421875,9296.8720703125,9648.7177734375,21104009514,0.03709174751916078,-0.0019753474772544743,0,55.197647676011265,20.365094776267142,54.37885697437258,9918.660080382637,9190.432302429865,9428.975306919643,9487.590559895832,9449.148319634804,0.016776037646050318
2020-06-23,9644.076171875,9670.541015625,9547.2470703125,9629.658203125,17006433272,-0.0019753474772544743,-0.03282025643027875,0,54.681541407501946,31.934694901645344,49.89002455982714,9915.977113261062,9190.409312520187,9442.065848214286,9515.56689453125,9494.275790507352,0.016625176845364183
2020-06-24,9632.1494140625,9680.3671875,9278.2333984375,9313.6103515625,18961716076,-0.03282025643027875,-0.005239308190707503,0,46.85763959025841,15.423473850711162,42.99671441800395,9887.27535183493,9170.40843722757,9418.259486607143,9529.12275390625,9449.10943077114,0.021118438052980082
2020-06-25,9314.126953125,9340.1611328125,9095.32421875,9264.8134765625,18616048626,-0.005239308190707503,-0.010998117562784016,0,45.76877032599813,-1.5810622872086242,34.081159076961434,9879.041074890607,9138.570741515643,9397.255580357143,9543.448111979167,9403.03544221898,0.021055476411836443
2020-06-26,9260.9951171875,9310.5166015625,9101.73828125,9162.91796875,18341465837,-0.010998117562784016,-0.012826410118569775,0,43.49581691256564,-23.01410333430067,22.662106594709016,9877.199901577656,9091.335742953594,9379.384068080357,9542.844791666666,9343.006073851733,0.02088097928160581
2020-06-27,9167.82421875,9207.810546875,8998.216796875,9045.390625,17273093144,-0.012826410118569775,0.010855408054862181,1,40.96860843966899,-48.919503618095405,8.34578455214813,9864.225121794325,9032.964331330675,9338.391183035714,9526.832779947918,9268.6022116388,0.02102387592509107
2020-06-28,9048.4609375,9197.546875,8975.525390625,9143.58203125,14560870760,0.010855408054862181,0.005170015512075743,1,43.90129504206783,-60.8253374886699,-5.488439856015477,9825.317392019517,9009.081338449234,9315.52720424107,9516.981380208334,9237.347166541598,0.02180008808623445
2020-06-29,9140.029296875,9237.5732421875,9041.8759765625,9190.8544921875,16460547078,0.005170015512075743,-0.005751513982724221,0,45.309968155512585,-65.68908124423797,-17.528568133659974,9767.083066006562,9006.83109414969,9250.1181640625,9499.996061197917,9225.723997953073,0.014210884719982164
2020-06-30,9185.5810546875,9217.8359375,9084.837890625,9137.9931640625,15735797744,-0.005751513982724221,0.00988532488788163,1,43.98004186771527,-72.9679712593479,-28.61644875879756,9674.154792869742,9026.549211036507,9179.880301339286,9489.227213541666,9203.79128948043,0.014066674417396442
2020-07-01,9145.9853515625,9309.7548828125,9104.7353515625,9228.3251953125,15971550355,0.00988532488788163,-0.011368806022981404,0,46.85094004883389,-70.63328748190543,-37.019816503419136,9673.666634646026,9017.691763791474,9167.696707589286,9457.9291015625,9209.924765938447,0.009806178532126732
2020-07-02,9231.1396484375,9274.962890625,9036.623046875,9123.41015625,16338916796,-0.011368806022981404,-0.00395756024273064,0,44.028714801135585,-76.36847239650888,-44.88954768203708,9663.25495862361,8992.360080438892,9147.49623325893,9444.382649739584,9188.296113516335,0.010470629395997577
2020-07-03,9124.8427734375,9202.3447265625,9058.794921875,9087.3037109375,13078970999,-0.00395756024273064,0.004972274697731871,1,43.067209317502915,-82.87184114488446,-52.48600637460656,9652.267377954184,8964.550297827067,9136.69419642857,9425.402180989584,9163.048012871626,0.00979514534433952
2020-07-04,9084.2333984375,9183.2958984375,9053.6298828125,9132.48828125,12290528515,0.004972274697731871,-0.00641072801130238,0,44.69489696819178,-83.41819747671616,-58.67244459502848,9645.769494928196,8945.618200384304,9149.13671875,9403.13056640625,9155.40807996622,0.008478105634395045
2020-07-05,9126.0908203125,9162.18359375,8977.015625,9073.9423828125,12903406143,-0.00641072801130238,0.0332305643833104,1,42.98027346547315,-87.56594778326325,-64.45114523267544,9632.049760466765,8921.661958283235,9139.188197544643,9383.410872395832,9135.041655677791,0.0077492930734444805
2020-07-06,9072.849609375,9375.474609375,9058.6640625,9375.474609375,17889263252,0.0332305643833104,-0.01314037643510968,0,52.98431607781395,-65.76385433430914,-64.71368705300219,9606.665954741204,8930.790783540046,9165.5625,9374.137369791666,9195.149894102093,0.015194202353919328
2020-07-07,9349.1611328125,9360.6171875,9201.8154296875,9252.27734375,13839652595,-0.01314037643510968,0.019028359994139876,1,49.18719474468497,-57.760698555675845,-63.32308935353692,9581.038479131676,8933.620505243325,9181.88881138393,9357.251529947916,9209.431756514068,0.01612689657702059
2020-07-08,9253.0205078125,9450.3359375,9249.5,9428.3330078125,19702359883,0.019028359994139876,-0.015948231171979632,0,54.23470305828655,-36.787851754830626,-58.01604183379567,9583.513101243423,8932.795101881578,9210.461356026786,9345.81298828125,9264.157069338677,0.017216112615483007
2020-07-09,9427.994140625,9431.37890625,9234.9990234375,9277.9677734375,18000702524,-0.015948231171979632,9.052022711308894e-05,1,49.694317644434896,-31.93184686949826,-52.79920284093619,9582.855510350999,8932.447614649,9232.541015625,9328.555240885416,9267.609745363383,0.017933745802661976
2020-07-10,9273.357421875,9287.4716796875,9118.001953125,9278.8076171875,16860035605,9.052022711308894e-05,-0.004145030168397623,0,49.719636822407054,-27.696392863957954,-47.77864084554055,9578.552973824157,8931.396830863345,9259.898716517857,9308.845670572917,9270.409213319412,0.017753697682296114
2020-07-11,9277.51171875,9293.5322265625,9199.4853515625,9240.3466796875,13249910444,-0.004145030168397623,0.003912550206798482,1,48.51538288387048,-27.130497784244653,-43.649012233281375,9574.660639600732,8928.960844774267,9275.307059151786,9306.131184895834,9262.893579911433,0.017928522458199973
2020-07-12,9241.0546875,9319.4189453125,9197.4501953125,9276.5,14452361907,0.003912550206798482,-0.003545059255915528,0,49.747524411657345,-23.49392767937934,-39.617995322500974,9500.522634344787,8965.877072686464,9304.243861607143,9299.3197265625,9266.295184933575,0.017559916913806085
2020-07-13,9277.205078125,9306.4052734375,9224.29296875,9243.6142578125,17519821266,-0.003545059255915528,-4.331537576462985e-05,0,48.60797085275708,-23.000390048879126,-36.29447426777661,9410.257064584528,9017.53824791547,9285.406668526786,9291.597623697917,9260.624953153305,0.011598569066916033
2020-07-14,9238.703125,9283.841796875,9171.6611328125,9243.2138671875,18085038362,-4.331537576462985e-05,-0.005450155524782674,0,48.593375947647594,-22.38354255291597,-33.51228792480448,9401.926322797459,9018.829341265042,9284.111886160714,9286.81181640625,9256.272181661852,0.01049945241222108
2020-07-15,9241.8974609375,9275.3251953125,9171.93359375,9192.8369140625,15844731575,-0.005450155524782674,-0.006593108913667822,0,46.69367802117513,-25.66384869507783,-31.94260007885915,9396.79981050608,9016.758197306419,9250.46958705357,9278.21630859375,9240.413364762013,0.006310171613785734
2020-07-16,9191.98046875,9214.3125,9088.947265625,9132.2275390625,15713967523,-0.006593108913667822,0.002098616025556055,1,44.4425557019627,-32.776359505087385,-32.1093519641048,9397.14371123007,9013.34525361368,9229.64955357143,9264.68974609375,9213.366908337133,0.003712509162552379
2020-07-17,9131.8125,9182.25390625,9089.2021484375,9151.392578125,13944570749,0.002098616025556055,0.0008356608977502233,1,45.33991404805033,-36.44648469307322,-32.97677850989849,9389.938850469534,9031.150309686716,9211.44740513393,9253.727669270833,9197.8733257841,0.0039909532614101715
2020-07-18,9151.18359375,9230.9833984375,9100.82421875,9159.0400390625,12252601475,0.0008356608977502233,0.002923597193133398,1,45.716689168188154,-38.2965404813167,-34.04073090418213,9389.681326887088,9032.953634050411,9199.83217075893,9245.3009765625,9188.1650041037,0.003981801649304625
2020-07-19,9158.005859375,9201.3984375,9097.6328125,9185.8173828125,12939002784,0.002923597193133398,-0.0023499201650132306,0,47.09189906758826,-37.17350217602325,-34.66728515855036,9389.5585161824,9032.572733817598,9186.877511160714,9241.894270833332,9187.5780987809,0.0037803417052830078
2020-07-20,9187.220703125,9214.2705078125,9137.509765625,9164.2314453125,13755604146,-0.0023499201650132306,0.02298678850016933,1,46.078480365832235,-37.59195433368768,-35.25221899357783,9389.079544983571,9035.675533141428,9175.537109375,9236.290625,9181.7414354138,0.0036931007762211485
2020-07-21,9162.5146484375,9407.2626953125,9149.3896484375,9374.8876953125,18069581956,0.02298678850016933,0.016050921443329758,1,56.02435620067609,-20.686915946289446,-32.339158384120154,9410.073302755041,9029.338025369958,9194.34765625,9238.665885416667,9230.028000388475,0.009923900095773012
2020-07-22,9375.080078125,9530.5185546875,9319.6533203125,9525.36328125,16532254884,0.016050921443329758,0.00584848921034431,1,61.48878209813511,4.797271023997382,-24.911872502496646,9466.640102026524,9012.966538598475,9241.85142299107,9234.554069010417,9303.861820603855,0.010519905740672382
2020-07-23,9527.1416015625,9610.2470703125,9483.00390625,9581.072265625,18146399002,0.00584848921034431,-0.004611142289210002,0,63.30665501717303,29.152866167109096,-14.098924768575497,9524.604270078073,9004.379226015679,9305.972098214286,9232.934537760417,9373.16443185914,0.009172702575300442
2020-07-24,9585.5146484375,9623.3369140625,9481.4541015625,9536.892578125,16552768325,-0.004611142289210002,0.014702976045533722,1,60.85339727838541,44.378353203255756,-2.4034691742092473,9562.88197414326,9006.541951637992,9361.043526785714,9240.377278645834,9414.096468425605,0.010066718196154198
2020-07-25,9539.4853515625,9704.556640625,9530.2119140625,9677.11328125,16610070933,0.014702976045533722,0.023566295475673238,1,65.43208644930061,66.98711448424547,11.474647557481696,9624.146112388491,9005.59490323651,9435.053989955357,9254.12060546875,9479.850671631704,0.010254128971288521
2020-07-26,9680.234375,10023.8076171875,9652.84765625,9905.1669921875,20507998997,0.023566295475673238,0.1096100707382146,1,71.30959701331255,102.12946434346122,29.6056109146776,9743.600171483951,8939.1100824223,9537.81821986607,9278.862239583334,9586.179751770653,0.011468741603397685
2020-07-27,9905.2177734375,11298.2216796875,9903.9697265625,10990.873046875,35359749590,0.1096100707382146,-0.007101328925793737,0,84.67168730566267,215.107805896625,66.70604991106708,10249.362757990604,8607.207066228146,9798.767020089286,9343.711653645832,9937.353075546738,0.037793226193932196
2020-07-28,11017.4638671875,11204.3271484375,10632.6318359375,10912.8232421875,28766551142,-0.007101328925793737,0.017194865809297744,1,81.72498117191765,294.946034307688,112.35404679039128,10547.929208732257,8457.089638923993,10018.472098214286,9402.686360677084,10181.22061720693,0.039958656379860916
2020-07-29,10912.953125,11304.3974609375,10856.1416015625,11100.4677734375,24617249715,0.017194865809297744,0.0009680757576464583,1,83.23553780764826,369.10493901085647,163.70422523448434,10842.75325365747,8344.51559399878,10243.487025669643,9466.34013671875,10411.032406264572,0.039929828291507596
2020-07-30,11099.8330078125,11169.3564453125,10895.455078125,11111.2138671875,22857247901,0.0009680757576464583,0.0191025870102548,1,83.32056540384627,423.8575591314493,215.73489201387736,11087.93325050353,8282.576222152718,10462.078683035714,9532.11416015625,10586.077771495304,0.040314761949966596
2020-07-31,11110.2109375,11415.8642578125,10987.0537109375,11323.466796875,23160469766,0.0191025870102548,0.03851523428168302,1,84.94478582167075,478.85648314252467,268.35921023960685,11345.454518947818,8233.366965427182,10717.30357142857,9601.952213541666,10770.425027840227,0.038663835979375075
2020-08-01,11322.5703125,11794.775390625,11239.6826171875,11759.5927734375,26075670303,0.03851523428168302,-0.060034265575901635,0,87.61376861776526,551.2804304765014,324.9434542869858,11669.50464499733,8157.626116721419,11014.80064174107,9689.824967447918,11017.716964239544,0.03860974835708714
2020-08-02,11758.7646484375,12034.14453125,11018.1298828125,11053.6142578125,27410067336,-0.060034265575901635,0.017436321777176023,1,66.92948323308508,545.4230668224736,369.03937679408335,11798.706594655436,8209.424167063313,11178.864536830357,9755.36865234375,11026.691287632782,0.05134212831335779
2020-08-03,11043.7685546875,11453.0791015625,11012.4150390625,11246.3486328125,20271713443,0.017436321777176023,-0.00359726129861071,0,69.0759164292312,549.9931386967,405.2301291746067,11940.927356190961,8267.516882090287,11215.361049107143,9825.8306640625,11081.605623927711,0.03163943263155052
2020-08-04,11246.203125,11385.3818359375,11094.1455078125,11205.892578125,21250197042,-0.00359726129861071,0.04828976175167332,1,68.0770981957347,544.0786876407892,432.99984086784326,12051.377856139034,8358.371948548467,11257.228097098214,9896.895670572916,11112.677362477032,0.03146682837615483
2020-08-05,11203.8232421875,11786.6171875,11158.28515625,11747.0224609375,24411254471,0.04828976175167332,0.002788023660583505,1,73.5800370163889,576.4115877200238,461.6821902382794,12229.481322426078,8441.747974448923,11349.593052455357,9975.947265625,11271.263637092148,0.03553456587588089
2020-08-06,11749.87109375,11902.3359375,11598.7138671875,11779.7734375,23400740340,0.002788023660583505,-0.01513618086086388,0,73.87358530879385,597.7874524341532,488.9032426774542,12378.653334187606,8555.414048624894,11445.1015625,10060.197135416667,11398.39108719411,0.035475442284225216
2020-08-07,11778.89453125,11898.0380859375,11408.59375,11601.47265625,23132312867,-0.01513618086086388,0.013151196120374076,1,69.3556219982733,593.4991080228974,509.8224157465429,12462.616227075048,8715.694417456203,11484.816685267857,10132.635123697917,11449.161479458082,0.036192027688482474
2020-08-08,11604.5537109375,11800.064453125,11558.431640625,11754.0458984375,17572057837,0.013151196120374076,-0.006662100973708895,0,70.99056495982934,595.5468562737897,526.9673038519923,12540.04317346196,8895.09032263179,11484.02427455357,10215.171061197916,11525.382584202936,0.03332069254097522
2020-08-09,11737.3251953125,11806.056640625,11548.7841796875,11675.7392578125,17489608833,-0.006662100973708895,0.017332698670629254,1,68.95710458340814,584.1176750954437,538.3973781006825,12563.43060443022,9122.853672913532,11572.89927455357,10295.068782552084,11562.971752605326,0.02101885952007134
2020-08-10,11662.2568359375,12045.140625,11662.2568359375,11878.111328125,26114112569,0.017332698670629254,-0.03936534391564839,0,71.24914617180258,584.6502176718604,547.6479460149181,12605.315581230856,9331.291059394143,11663.151088169643,10382.994270833333,11641.756646485244,0.021011172748720462
2020-08-11,11881.6474609375,11932.7109375,11195.708984375,11410.525390625,27039782640,-0.03936534391564839,0.015284938573538076,1,60.190891281314244,541.1044686343321,546.3392505388009,12568.2066898588,9556.9161617037,11692.384347098214,10454.128450520833,11583.948832520182,0.027618617939262992
2020-08-12,11404.5966796875,11748.396484375,11249.60546875,11584.9345703125,25064548486,0.015284938573538076,0.017195015111304723,1,62.52712621456991,514.7339790941405,540.0181962498689,12520.114380546423,9805.394701484827,11669.228934151786,10532.1724609375,11584.195266968261,0.020474342943509555
2020-08-13,11588.4052734375,11796.396484375,11216.8720703125,11784.1376953125,27522199497,0.017195015111304723,-0.0012955213149429268,0,65.04998486342046,504.0982724276764,532.8342114854304,12432.900286227703,10117.333307522296,11669.85239955357,10616.869921875,11634.18087405432,0.021699958467001526
2020-08-14,11772.6591796875,12150.994140625,11685.455078125,11768.87109375,24237958589,-0.0012955213149429268,0.008227394765919493,1,64.69052738999537,488.80289559936136,524.0279483082167,12293.347787787363,10466.061587212636,11693.76646205357,10702.737727864584,11667.85342897824,0.020669697585921666
2020-08-15,11768.697265625,11963.203125,11768.697265625,11865.6982421875,23354924400,0.008227394765919493,0.0022843551383793237,1,65.97475223616168,478.97303789584475,515.0169662257423,12117.02191232857,10838.440587671432,11709.716796875,10793.85341796875,11717.314632280555,0.020317048060702843
2020-08-16,11866.685546875,11934.9013671875,11737.1884765625,11892.8037109375,20583375490,0.0022843551383793237,0.03040482644811049,1,66.34378050172663,467.9754598472682,505.60866495004746,12145.40999407046,10900.24557233579,11740.726004464286,10885.2337890625,11761.186901944791,0.019994586480335703
2020-08-17,11895.658203125,12359.056640625,11806.6962890625,12254.40234375,28227687027,0.03040482644811049,-0.021475461465219614,0,70.88099587232409,482.8715450780419,501.06124097564634,12224.122335650869,10955.691140911631,11794.481863839286,10988.412532552084,11884.490762396093,0.022078946367264214
2020-08-18,12251.8955078125,12335.70703125,11954.525390625,11991.2333984375,26043227672,-0.021475461465219614,-0.019426708460436926,0,64.1073225795409,468.0459233954243,494.458177459602,12249.74763412756,11019.142404934939,11877.440150669643,11081.926399739583,11911.176421406444,0.016448902389926957
2020-08-19,11990.884765625,12028.923828125,11687.3330078125,11758.283203125,24502851117,-0.019426708460436926,0.01021312934149976,1,58.75488582590686,432.51362959185826,482.06926788605324,12234.885919440772,11098.711053215478,11902.20424107143,11168.394791666668,11872.953116836083,0.01869546403392501
2020-08-20,11761.5,11900.4111328125,11710.0634765625,11878.3720703125,20175242945,0.01021312934149976,-0.024067507803910648,0,60.58198856554709,409.3257463066784,467.5205635701783,12246.831247167085,11142.256252832916,11915.666294642857,11251.844270833333,11874.307855205187,0.017937592455798537
2020-08-21,11878.0263671875,11899.259765625,11564.9794921875,11592.4892578125,23762425999,-0.024067507803910648,0.007706363621583279,1,54.40343569721185,363.68845388886984,446.7541416339167,12239.342253102686,11133.034895334813,11890.46888950893,11320.748470052084,11803.853205857014,0.020380315737645226
2020-08-22,11585.4775390625,11689.4072265625,11448.8056640625,11681.8251953125,20224191306,0.007706363621583279,-0.0014533293195752028,0,55.916448673456706,330.914656223762,423.5862445518858,12188.774520815146,11246.423721372354,11864.20131138393,11390.773567708333,11773.346203220884,0.0203377422102386
2020-08-23,11679.6962890625,11713.4296875,11559.9208984375,11664.84765625,18482062658,-0.0014533293195752028,0.00940844236539995,1,55.53927276580245,300.1117386267524,398.89134336685913,12158.519288719344,11318.528855811906,11831.636160714286,11461.705403645834,11746.221566478163,0.020253824434233177
2020-08-24,11663.689453125,11807.6318359375,11623.25,11774.595703125,20681511755,0.00940844236539995,-0.034690018052305094,0,57.53342515177891,281.31315178577097,375.3757050506415,12108.547753206716,11425.370703824534,11763.092354910714,11531.621484375,11753.315100639871,0.015566084969093024
2020-08-25,11773.5888671875,11778.2998046875,11189.8505859375,11366.134765625,26301509932,-0.034690018052305094,0.010753745063331488,1,48.766594417820144,230.79528785866933,346.4596216122471,12131.691498728193,11364.138188771809,11673.792550223214,11580.32041015625,11656.520016886152,0.018364216514186033
2020-08-26,11366.89453125,11530.052734375,11296.9931640625,11488.36328125,22466660958,0.010753745063331488,-0.01435938403704018,0,51.164671803479074,198.33604200713853,316.8349056912254,12132.976330195574,11333.712341679426,11635.23256138393,11596.90341796875,11614.480832977113,0.018630866528676314
2020-08-27,11485.6083984375,11570.7861328125,11185.94140625,11323.3974609375,23240415076,-0.01435938403704018,0.01934954061432026,1,47.90554069667206,157.48510255998917,284.96494506497817,12154.25747186009,11284.62368048366,11555.950474330357,11610.589225260417,11541.709989967208,0.01799498995873086
2020-08-28,11325.2958984375,11545.615234375,11316.4228515625,11542.5,19807127588,0.01934954061432026,-0.0030872658111327222,0,52.25557267934117,141.16294397179263,256.2045448463411,12150.043860987893,11267.682701512107,11548.809151785714,11625.3236328125,11541.907492475406,0.01847572617392326
2020-08-29,11541.0546875,11585.640625,11466.29296875,11506.865234375,17485597759,-0.0030872658111327222,0.017784220187846422,1,51.50232307229238,123.9235740995955,229.74835069699196,12150.193213790095,11250.645946366156,11523.814871651786,11638.51201171875,11533.146927950304,0.01812679981614478
2020-08-30,11508.7138671875,11715.2646484375,11492.3818359375,11711.505859375,19760127945,0.017784220187846422,-0.0026201196706430174,0,55.47189055014456,125.32931908178398,208.86454437395037,12134.501396680254,11249.677216600994,11530.48032924107,11651.446647135417,11577.736660806477,0.019622108732532353
2020-08-31,11713.306640625,11768.876953125,11598.318359375,11680.8203125,22285928250,-0.0026201196706430174,0.024797762089964426,1,54.748256089882815,122.55458199139684,191.60255189743967,12128.886008705449,11282.322096763302,11517.08384486607,11648.8208984375,11603.507573729858,0.019259503012718452
2020-09-01,11679.31640625,12067.0810546875,11601.12890625,11970.478515625,27311555343,0.024797762089964426,-0.04648471948812871,0,60.046562511357045,142.09064654888425,181.70017082772858,12159.393211094,11290.369288906,11603.418666294643,11679.383040364582,11695.250309203642,0.01442401881065269
2020-09-02,11964.8232421875,11964.8232421875,11290.7939453125,11414.0341796875,28037405299,-0.04648471948812871,-0.10239476124641311,0,48.33783882079797,111.38869145162971,167.6378749525088,12160.307559327606,11252.444589109893,11592.800223214286,11684.97255859375,11624.946276824607,0.024785682534358526
2020-09-03,11407.19140625,11443.0224609375,10182.46484375,10245.296875,31927261555,-0.10239476124641311,0.02601355576262887,1,33.543167019981,-7.16753917173628,132.67679212765978,12410.588527350545,10849.806199211955,11438.785853794643,11652.952701822916,11280.033926368455,0.04608162025172979
2020-09-04,10230.365234375,10663.919921875,10207.9404296875,10511.8134765625,29965130374,0.02601355576262887,-0.03255823502891142,0,38.18912265081841,-78.71120988680377,90.39919172476706,12473.406358166298,10651.5998918337,11291.544921875,11611.779069010418,11087.978813916965,0.046928077468691924
2020-09-05,10512.5302734375,10581.5712890625,9946.67578125,10169.5673828125,44916565292,-0.03255823502891142,0.010893696409813414,1,34.8225011345381,-161.16863220046798,40.08562693972005,12556.287402954793,10396.395214232707,11100.502371651786,11558.105533854166,10858.375956140848,0.047286055961917824
2020-09-06,10167.216796875,10353.927734375,10056.8857421875,10280.3515625,37071460174,0.010893696409813414,0.00867790498409815,1,36.76576081951906,-215.09786176230773,-10.951070800685507,12514.440116083373,10240.837422979126,10896.0517578125,11514.0681640625,10713.869857730635,0.046519037045631116
2020-09-07,10280.998046875,10399.1533203125,9916.4931640625,10369.5634765625,33703098409,0.00867790498409815,-0.022956306264775628,0,38.35954238345916,-247.78222953640397,-58.3173025478292,12477.21722916482,10115.893317710179,10708.72935267857,11467.91875,10627.7932624386,0.04730977096185161
2020-09-08,10369.306640625,10414.775390625,9945.1103515625,10131.5166015625,33430927462,-0.022956306264775628,0.010939236349907233,1,35.76890595211245,-289.5554053760916,-104.56492311348168,12478.673884898904,9951.760001819846,10446.0205078125,11416.444661458334,10503.724097219574,0.0437803933099185
2020-09-09,10134.1513671875,10350.54296875,10017.2509765625,10242.34765625,24128292755,0.010939236349907233,0.011793293850096198,1,37.87268113537068,-310.14267661016675,-145.68047381281872,12426.047793188938,9840.78365212356,10278.63671875,11361.919205729168,10438.379986977181,0.04395765798601904
2020-09-10,10242.330078125,10503.912109375,10238.1357421875,10363.138671875,54406443211,0.011793293850096198,0.0036452631180188266,1,40.172597310251284,-313.10216505868266,-179.1648120619915,12388.116984204247,9755.779402514501,10295.471261160714,11327.006315104167,10419.569658201635,0.021185867363923055
2020-09-11,10369.0283203125,10434.9228515625,10140.8369140625,10400.9150390625,45201121775,0.0036452631180188266,0.003966560559340859,1,40.90934442808316,-308.83923737166515,-205.09969712392623,12323.790251048224,9692.015120045526,10279.628627232143,11287.538997395834,10414.90600341685,0.018438978853594502
2020-09-12,10409.861328125,10578.837890625,10292.38671875,10442.1708984375,36750077324,0.003966560559340859,-0.011340078630605377,0,41.752955595104424,-298.68873558842824,-223.81750481682664,12248.423891276825,9645.113804035676,10318.571986607143,11242.806770833333,10421.722227172011,0.01228080521707331
2020-09-13,10452.3994140625,10577.21484375,10224.330078125,10323.755859375,36506852789,-0.011340078630605377,0.0345883839286778,1,39.98829064567242,-296.7784169588158,-238.4096872452245,12144.591396160566,9603.862314776936,10324.77260044643,11194.636263020833,10397.230635222759,0.0130094521934662
2020-09-14,10328.734375,10800.0107421875,10266.0087890625,10680.837890625,35453581940,0.0345883839286778,0.010871177190313608,1,47.23098034942505,-263.4144620699881,-243.41064221017723,12092.245896510087,9587.678126927412,10369.24037388393,11155.14091796875,10468.132449073319,0.018283107730504823
2020-09-15,10677.7548828125,10938.6318359375,10656.4599609375,10796.951171875,32509451925,0.010871177190313608,0.01648188444401355,1,49.37073552226831,-225.01013922751736,-239.73054161364527,12021.828649292585,9588.954163207416,10464.302455357143,11118.6125,10550.337129773738,0.013767420637076014
2020-09-16,10797.76171875,11100.1240234375,10704.884765625,10974.9052734375,30769986455,0.01648188444401355,-0.0023612995663134795,0,52.54660836041267,-178.16129540318798,-227.41669237155384,11984.037879172683,9591.895714577317,10568.953543526786,11075.96259765625,10656.479165689678,0.014040194235219246
2020-09-17,10973.251953125,11037.4208984375,10774.6279296875,10948.990234375,38151810523,-0.0023612995663134795,-0.00040225598714782596,0,52.03471065868796,-141.49332919363405,-210.23201973596989,11906.50084262971,9610.081774557792,10652.64662388393,11041.221158854167,10729.606932861008,0.014740830966741466
2020-09-18,10951.8203125,11034.908203125,10829.6572265625,10944.5859375,26341903912,-0.00040225598714782596,0.013683545731443925,1,51.9420986330099,-111.50374596884467,-190.48636498254484,11830.219209886958,9630.135477613041,10730.313895089286,11014.097916666668,10783.351684020756,0.015015964478124519
2020-09-19,10933.7529296875,11134.0927734375,10909.6181640625,11094.3466796875,22764204008,0.013683545731443925,-0.014067993350005525,0,54.88261907028202,-74.79020992342157,-167.3471339707202,11719.224273789614,9679.414495741637,10823.481863839286,10987.963736979167,10861.100432937441,0.01509452933520718
2020-09-20,11095.8701171875,11095.8701171875,10814.4775390625,10938.271484375,24699523788,-0.014067993350005525,-0.04351800185522625,0,51.3559040613532,-57.624176352381255,-145.4025424470524,11586.011732055415,9738.372154663337,10911.269810267857,10966.156477864582,10880.393195796829,0.01572294967564014
2020-09-21,10934.92578125,10988.3046875,10380.2607421875,10462.259765625,28884999244,-0.04351800185522625,0.0072833400259153525,1,42.40578035248394,-81.49076378131213,-132.62018671390436,11291.314602015362,9882.247409703388,10880.044363839286,10925.504296875,10775.859838253871,0.020901565512975385
2020-09-22,10459.6240234375,10568.0771484375,10382.7265625,10538.4599609375,23621787804,0.0072833400259153525,-0.027733979972724532,0,44.08568560006889,-93.18233933424926,-124.73261723797334,11136.549856572849,9949.4547332709,10843.11704799107,10887.958040364583,10716.509868924777,0.020552699040044708
2020-09-23,10535.4921875,10537.828125,10197.865234375,10246.1865234375,23788661867,-0.027733979972724532,0.050153282066164984,1,39.34527052638556,-124.59575862120255,-124.7052455146192,11136.505214858353,9949.588339829148,10739.014369419643,10837.011067708334,10598.929032552956,0.020262452971984996
2020-09-24,10248.7861328125,10771.056640625,10231.490234375,10760.06640625,47144380902,0.050153282066164984,-0.006259218747560857,0,49.605535139846346,-106.79425021857242,-121.12304645540985,11156.126571204168,9954.79227645208,10712.02525111607,10816.8087890625,10639.213375977217,0.030512943998785656
2020-09-25,10761.109375,10777.6962890625,10578.9140625,10692.716796875,39348590957,-0.006259218747560857,0.005424892199001441,1,48.448797046810185,-97.00278939493182,-116.29899504331425,11157.85430451939,10005.37948454311,10676.0439453125,10790.287239583333,10652.589231201662,0.030539369646413198
2020-09-26,10695.5751953125,10772.9990234375,10667.28125,10750.7236328125,46852525493,0.005424892199001441,0.0022831856976197606,1,49.540185432894006,-83.59864611763624,-109.75892525817866,11168.521965362328,10041.749030731422,10626.95493861607,10771.198111979167,10677.12283160437,0.029944642170961516
2020-09-27,10746.892578125,10803.9765625,10622.921875,10775.26953125,53745972818,0.0022831856976197606,-0.006089609852421796,0,50.022356050601445,-70.18605596955422,-101.84435140045379,11182.599963991463,10068.241637571038,10603.6689453125,10745.623763020832,10701.659506515776,0.02967423656755835
2020-09-28,10776.61328125,10945.34765625,10703.8935546875,10709.65234375,47762394731,-0.006089609852421796,0.012604356977915954,1,48.68312082275425,-64.11219481684566,-94.29792008373218,11163.971512132524,10144.683663648724,10639.0107421875,10719.05,10703.657715824333,0.023659908445174994
2020-09-29,10709.650390625,10860.0009765625,10649.4951171875,10844.640625,46582396602,0.012604356977915954,-0.00554646448346463,0,51.55649021788838,-47.85455244857803,-85.00924655670134,11163.407453142941,10205.477019513308,10682.75083705357,10690.1544921875,10738.90344311825,0.023883133085593523
2020-09-30,10843.87109375,10847.2568359375,10669.3212890625,10784.4912109375,44171073700,-0.00554646448346463,-0.015303370300178809,0,50.20746661098173,-39.36997618841269,-75.88139248304361,11162.660891558276,10248.358835004223,10759.65150669643,10660.27685546875,10750.300385073062,0.020087646612303854
2020-10-01,10795.2548828125,10933.6240234375,10472.3564453125,10619.4521484375,40023134100,-0.015303370300178809,-0.00409414143543152,0,46.60416229906309,-45.439364717476565,-69.79298692993021,11153.969646244215,10278.903791255783,10739.563755580357,10615.242643229167,10717.588325914172,0.009228647959542853
2020-10-02,10619.8212890625,10657.837890625,10416.689453125,10575.974609375,48661453918,-0.00409414143543152,-0.0025194375739971964,0,45.67419762983841,-53.14504984674204,-66.46339951329259,11147.576667056532,10298.677141537217,10722.886300223214,10587.30732421875,10682.18489677938,0.00909114514018241
2020-10-03,10575.1005859375,10598.9404296875,10511.1298828125,10549.3291015625,44660271563,-0.0025194375739971964,0.011399199427022166,1,45.080488013813124,-60.70219352170352,-65.31115831497478,11126.566830650288,10342.244302162213,10694.115652901786,10597.441731770834,10648.97094797516,0.00855823790509943
2020-10-04,10550.4404296875,10686.0,10534.3916015625,10669.5830078125,71251776995,0.011399199427022166,0.01159903211277169,1,48.343990049064566,-56.33836549186708,-63.51659975035324,11126.342101363585,10341.343543167666,10679.017578125,10602.700716145833,10654.123962934495,0.010007775362286657
2020-10-05,10676.529296875,10793.5078125,10634.6005859375,10793.33984375,47537578009,0.01159903211277169,-0.017504646058134066,0,51.53577193873056,-42.40503906331469,-59.29428761294553,11126.048545159254,10341.275966559497,10690.972935267857,10623.493131510417,10688.927933138371,0.010816278943215409
2020-10-06,10796.306640625,10797.578125,10528.890625,10604.40625,42623695307,-0.017504646058134066,0.0060882710901424275,1,46.78321742696488,-46.07699262711685,-56.6508286157798,11095.000555175026,10335.274054199974,10656.653738839286,10634.294954427083,10667.797512353778,0.011474642777067199
2020-10-07,10603.35546875,10680.5078125,10562.5068359375,10668.96875,37799458436,0.0060882710901424275,0.023124708925124526,1,48.52995906056319,-43.278500489044745,-53.97636299043279,11065.829028995859,10336.443431941641,10640.15053013393,10644.275130208332,10668.090321765334,0.011902398296255477
2020-10-08,10669.37109375,10945.7373046875,10562.6064453125,10915.685546875,63314794397,0.023124708925124526,0.013629236597062944,1,54.6550438679891,-20.911635382417444,-47.363417468829724,11060.724747932485,10338.657673942516,10682.46958705357,10670.414095052083,10729.98912804275,0.013248116643254175
2020-10-09,10927.9130859375,11102.671875,10846.8505859375,11064.4580078125,22799117613,0.013629236597062944,0.02095930231275278,1,57.90791281289401,8.718459637815613,-36.14704204750066,11052.87502156755,10343.51853311995,10752.2529296875,10697.8177734375,10813.606347985185,0.013133530586281273
2020-10-10,11059.142578125,11442.2109375,11056.9404296875,11296.361328125,22877978588,0.02095930231275278,0.0077742124166433335,1,62.43194228759292,50.332976050245634,-18.8510384279514,11145.691034929296,10286.511504133203,10858.97181919643,10728.9251953125,10934.295093020139,0.013427499816099813
2020-10-11,11296.08203125,11428.8134765625,11288.6279296875,11384.181640625,19968627060,0.0077742124166433335,0.01503679807902314,1,64.0095009855581,89.36895570613524,2.792960398865926,11264.6186424144,10259.7760841481,10961.057338169643,10761.700748697916,11046.766729921354,0.013429914325171521
2020-10-12,11392.6357421875,11698.4677734375,11240.6865234375,11555.36328125,26163972642,0.01503679807902314,-0.011203790312466544,0,66.92500387805771,132.58976630455436,28.752321580003613,11411.287435452461,10214.79762314129,11069.91782924107,10798.807161458333,11173.915867753514,0.01358646751316631
2020-10-13,11548.7197265625,11548.984375,11321.224609375,11425.8994140625,24241420251,-0.011203790312466544,0.0003157232305546209,1,62.78270253829119,154.61362832192754,53.9245829283884,11467.707037531714,10276.349310124535,11187.273995535714,10835.545279947917,11236.91175433076,0.011522313521826909
2020-10-14,11429.0478515625,11539.9775390625,11307.8310546875,11429.5068359375,24103426719,0.0003157232305546209,0.005760771167350187,1,62.85169875621008,170.39458374639798,77.21858309199033,11545.813562372572,10265.186828252426,11295.922293526786,10860.500911458334,11285.060524732444,0.012105275345422294
2020-10-15,11426.6025390625,11569.9140625,11303.603515625,11495.349609375,24487233058,0.005760771167350187,-0.01506927308750361,0,64.15778297411687,186.06917651846015,98.98870177728429,11626.87197351209,10264.39169836291,11378.7314453125,10883.780859375,11337.632795893081,0.010646298180161435
2020-10-16,11502.828125,11540.0615234375,11223.0126953125,11322.123046875,25635480772,-0.01506927308750361,0.0031777181254826203,1,58.345696024568376,182.4107507527715,115.67311157238174,11668.157451471252,10280.246161809999,11415.540736607143,10895.35478515625,11333.75535863856,0.013117045729071207
2020-10-17,11322.123046875,11386.26171875,11285.345703125,11358.1015625,19130430174,0.0031777181254826203,0.011028058853915557,1,59.172959951211695,180.3357887838938,128.60564701468417,11710.265256569084,10296.421559837167,11424.360770089286,10908.991829427083,11339.84190960392,0.01062813021788244
2020-10-18,11355.982421875,11483.359375,11347.578125,11483.359375,18283314340,0.011028058853915557,0.02252631185070797,1,62.00231596095115,186.64707383638233,140.21393237902382,11764.92878840247,10319.128731128778,11438.529017857143,10926.950944010418,11375.72127595294,0.011045551994411939
2020-10-19,11495.0380859375,11799.0927734375,11408.2900390625,11742.037109375,23860769928,0.02252631185070797,0.014843919324981414,1,67.07668621208995,210.10004151897192,154.19115420701343,11864.549643044149,10309.247524924602,11465.196707589286,10948.540625,11467.300234308454,0.012819154200651255
2020-10-20,11745.974609375,11999.91796875,11681.48046875,11916.3349609375,30915821592,0.014843919324981414,0.07614375520341321,1,69.98524286574128,239.98467340041316,171.3498580456934,11986.837297973132,10300.14424499562,11535.25892857143,10981.142740885416,11579.558915965714,0.011977857701412508
2020-10-21,11913.0771484375,13184.56640625,11900.9287109375,12823.689453125,43414712626,0.07614375520341321,0.011089019970212055,1,79.92688922855147,333.04524563700943,203.6889355639566,12336.447744791421,10170.957528646079,11734.42787388393,11059.857063802083,11890.591550255534,0.028619926532452405
2020-10-22,12801.6357421875,13161.59375,12717.09375,12965.8916015625,34729759598,0.011089019970212055,-0.0026494544392426933,0,80.9896312791121,413.50432409503264,245.65201327017184,12641.92820191649,10104.46877073976,11944.505301339286,11140.771451822917,12159.416563082275,0.028343315234078906
2020-10-23,12971.548828125,13015.9619140625,12752.6474609375,12931.5390625,28974975003,-0.0026494544392426933,0.0136506131750318,1,79.88926074097125,469.08939015151736,290.33948864644094,12871.750453185823,10112.867515564178,12174.421875,11230.283203125,12352.447187936708,0.02626426489885067
2020-10-24,12931.57421875,13145.06640625,12885.7470703125,13108.0625,24542317940,0.0136506131750318,-0.0058657541398662305,0,81.29557419004472,521.3748370316498,336.5465583234827,13107.602712824844,10120.863205143907,12424.416294642857,11308.549739583334,12541.351015952532,0.02546899647832704
2020-10-25,13108.0634765625,13329.18359375,12910.0615234375,13031.173828125,24406920575,-0.0058657541398662305,0.003382214014740148,1,78.71361934007327,550.2640556396545,379.2900577867171,13290.364216669048,10161.885099737203,12645.532645089286,11386.498307291668,12663.80671899565,0.027300186453777367
2020-10-26,13031.201171875,13225.2978515625,12822.3828125,13075.248046875,29461458313,0.003382214014740148,0.04427990207523247,1,79.12293478790505,570.1431354676988,417.4606733229135,13430.227139341612,10269.106356752138,12835.99135044643,11463.982454427083,12766.667050965487,0.027788141219416418
2020-10-27,13075.2421875,13759.6689453125,13060.837890625,13654.21875,33749878156,0.04427990207523247,-0.02804507535445777,0,83.58756892250672,625.4062525569898,459.0497891697288,13666.72000468783,10331.138491405922,13084.260463169643,11559.947428385416,12988.554975724115,0.02977566365008881
2020-10-28,13654.21484375,13837.6953125,12932.2509765625,13271.28515625,35867318895,-0.02804507535445777,0.012553242153156674,1,72.53825982305871,631.0290205465244,493.44563544508793,13794.544751128704,10438.873705902546,13148.202706473214,11645.335188802082,13059.237520855588,0.02208276790653859
2020-10-29,13271.298828125,13612.0478515625,12980.0595703125,13437.8828125,56499499598,0.012553242153156674,0.00808458072996765,1,74.1398610258027,641.532950717281,523.0630984995265,13934.337204342943,10536.423733157057,13215.63002232143,11731.776595052082,13153.898843766692,0.022155544185347653
2020-10-30,13437.8740234375,13651.5166015625,13136.1982421875,13546.5224609375,30581485201,0.00808458072996765,0.01730869726353168,1,75.15734704939169,651.1180195216657,548.6740827039544,14080.888529321348,10614.888521459901,13303.484793526786,11823.844303385416,13252.054748059394,0.021881034963755278
2020-10-31,13546.5322265625,14028.2138671875,13457.5302734375,13780.9951171875,30306464719,0.01730869726353168,-0.003184511845067406,0,77.23886450506606,669.9119118809813,572.9216485393597,14248.418552798135,10687.039845639363,13399.61802455357,11929.229069010416,13384.289840341422,0.022112623566968463
2020-11-01,13780.9951171875,13862.033203125,13628.3779296875,13737.109375,24453857900,-0.003184511845067406,-0.013585108198026608,0,75.95606010241882,673.5012907129985,593.0375769740875,14387.627732680286,10766.005275132213,13500.46595982143,12034.600227864583,13472.494724006066,0.021866685706379244
2020-11-02,13737.0322265625,13808.3232421875,13243.16015625,13550.4892578125,30771455468,-0.013585108198026608,0.02950532012761009,1,70.58733645464511,653.7511788460524,605.1802973484805,14460.28660530047,10905.80538688703,13568.35756138393,12134.638899739582,13491.993357457675,0.023325663294198273
2020-11-03,13550.451171875,13984.9814453125,13325.44140625,13950.30078125,29869951617,0.02950532012761009,0.013147117963686394,1,74.71131501966221,662.7210853345314,616.6884549456908,14570.322478904542,11047.848907814208,13610.654994419643,12243.996158854166,13606.570213405757,0.01958364973577901
2020-11-04,13950.48828125,14218.7666015625,13580.4716796875,14133.70703125,35116364962,0.013147117963686394,0.10231863433740651,1,76.34951036603402,676.8271108131466,628.7161861191819,14684.015197801667,11197.991931104583,13733.858119419643,12355.341731770834,13738.354417866818,0.014015562167400492
2020-11-05,14133.7333984375,15706.404296875,14102.0888671875,15579.8486328125,40856321439,0.10231863433740651,-0.0008965281862933772,0,84.74234422390482,795.5274339103416,662.0784356774138,15084.00722755312,11223.772459946878,14039.853236607143,12521.189811197917,14198.727971603239,0.03808317582652934
2020-11-06,15579.7294921875,15903.4375,15226.83984375,15565.880859375,39837841971,-0.0008965281862933772,-0.0470340843373509,0,84.43069224752026,878.3461845081729,705.3319854435657,15380.926539562915,11347.631077624585,14328.3330078125,12684.42021484375,14540.51619354618,0.03877288347714041
2020-11-07,15565.880859375,15737.095703125,14423.203125,14833.75390625,35024953706,-0.0470340843373509,0.04353675277640923,1,69.91649676321282,874.8197371830192,739.2295357914566,15449.848707874635,11613.748362437864,14478.727120535714,12815.022493489583,14613.825621722135,0.04654698678586888
2020-11-08,14833.75390625,15637.3203125,14744.1103515625,15479.5673828125,26632075029,0.04353675277640923,-0.009512665921690977,0,74.13961294917007,913.6052795778924,774.1046845487438,15631.091489918697,11806.258607737553,14727.649693080357,12962.192805989584,14830.261061994726,0.04743709878525689
2020-11-09,15479.595703125,15785.13671875,14865.529296875,15332.3154296875,34149115566,-0.009512665921690977,-0.0027010327388199418,0,71.66916554065105,921.8347620644399,803.650700051883,15736.560566122693,12042.387578408556,14982.1962890625,13096.724609375,14955.77465391792,0.04700615943679744
2020-11-10,15332.3505859375,15450.3291015625,15124.9599609375,15290.90234375,25574938143,-0.0027010327388199418,0.02684194109497806,1,70.95309165568624,914.4735148544496,825.8152630123964,15888.062167122924,12137.607266470826,15173.71079799107,13226.9486328125,15039.55657637594,0.047349866395335026
2020-11-11,15290.9091796875,15916.2607421875,15290.0068359375,15701.33984375,29772374934,0.02684194109497806,0.03662132734990031,1,73.7521581261526,931.0262583240619,846.8574620747296,16097.078092756938,12202.136165055561,15397.65834263393,13365.1478515625,15205.002393219456,0.04758518079067902
2020-11-12,15701.298828125,16305.00390625,15534.771484375,16276.34375,34175758344,0.03662132734990031,0.002547552717421464,1,77.08384041643211,979.2542036113773,873.3368103820592,16387.748070530834,12245.946656031665,15497.157645089286,13526.829329427082,15472.837732414593,0.03150190128981216
2020-11-13,16276.4404296875,16463.177734375,15992.15234375,16317.80859375,31599492172,0.002547552717421464,-0.015300456580341737,0,77.30752995396878,1009.1877755901969,900.5070034236868,16643.93154774395,12310.73778819355,15604.575892857143,13689.772721354168,15684.080447748445,0.03139029399332673
2020-11-14,16317.80859375,16317.80859375,15749.193359375,16068.138671875,27481710135,-0.015300456580341737,-0.007004593596581565,0,72.70557440765486,1001.2226000326882,920.6501227454871,16794.769603331846,12463.596216980655,15780.916573660714,13842.1990234375,15780.095003780085,0.023572887348506894
2020-11-15,16068.1396484375,16123.1103515625,15793.5341796875,15955.587890625,23653867583,-0.007004593596581565,0.04766502135260464,1,70.66344892693861,974.5937238120478,931.4388429587993,16888.79189327266,12657.60791141484,15848.919503348214,13996.6478515625,15823.968225491313,0.019610275696578052
2020-11-16,15955.5771484375,16816.181640625,15880.7060546875,16716.111328125,31526766675,0.04766502135260464,0.05559276937282975,1,75.64202042317316,1003.2926992937446,945.8096142257884,17136.845324221955,12715.743738278044,16046.60463169643,14175.248177083333,16047.004001149735,0.024177572659098256
2020-11-17,16685.69140625,17782.919921875,16564.544921875,17645.40625,39006849170,0.05559276937282975,0.008988152900985202,1,80.08857544507849,1088.4759051991332,974.3428724204575,17516.942397285784,12773.058774589213,16382.962332589286,14380.649739583334,16446.604563362303,0.02777381930294371
2020-11-18,17645.19140625,18393.94921875,17352.90625,17804.005859375,49064800278,0.008988152900985202,0.0007348899162549216,1,80.73495220349989,1155.4624210557868,1010.5667821475234,17866.6423614397,12859.9711151228,16683.343191964286,14582.715364583333,16785.954887365475,0.027966479132631217
2020-11-19,17803.861328125,18119.546875,17382.5546875,17817.08984375,36985055355,0.0007348899162549216,0.045137820846602006,1,80.79035419086169,1195.8208077761756,1047.617587273254,18151.39935562365,13002.270859220102,16903.449776785714,14779.407194010417,17043.738626461603,0.027361720943038893
2020-11-20,17817.083984375,18773.2265625,17765.794921875,18621.314453125,36992873940,0.045137820846602006,0.0011233347035009,1,83.86233188317631,1277.967708572478,1093.6876115330988,18576.178910831193,13061.523237606309,17232.522042410714,14972.661360677082,17438.13258312745,0.029238617519663175
2020-11-21,18621.31640625,18936.62109375,18444.359375,18642.232421875,39650210707,0.0011233347035009,-0.014602889964538845,0,83.9342975335816,1329.4327513351382,1140.8366394935067,18908.368329892048,13219.846123232954,17600.24972098214,15161.872721354166,17739.157542814337,0.026522622668060464
2020-11-22,18642.232421875,18688.96875,17671.384765625,18370.001953125,41280434226,-0.014602889964538845,-0.000320133845930215,0,78.99691783809021,1332.887744581265,1179.2468605110585,19072.269020072024,13537.896702584227,17945.166015625,15343.154817708333,17896.868645392,0.02800930780326428
2020-11-23,18370.017578125,18711.42578125,18000.796875,18364.12109375,42741112308,-0.000320133845930215,0.040478046632625775,1,78.88895804747125,1319.9359158116367,1207.3846715711743,19209.321733656452,13842.226020249796,18180.59598214286,15518.356770833334,18013.681757481503,0.02610665728240667
2020-11-24,18365.015625,19348.271484375,18128.65625,19107.46484375,51469565009,0.040478046632625775,-0.01964382784787766,0,82.20026220520923,1354.0445438033894,1236.7166460176174,19447.04017095354,14101.883364202713,18389.461495535714,15720.8998046875,18287.127529048626,0.022442610057924594
2020-11-25,19104.41015625,19390.96484375,18581.146484375,18732.12109375,43710357371,-0.01964382784787766,-0.08442706722639481,0,75.74015434472494,1335.3951692236697,1256.452350658828,19675.134450256683,14189.016330993314,18522.049386160714,15909.462239583334,18398.37592022397,0.025419945019643914
2020-11-26,18729.83984375,18866.28515625,16351.03515625,17150.623046875,61396835737,-0.08442706722639481,-0.0024617591448197196,0,55.830550080681896,1179.4062689421407,1241.0431343154905,19682.550797641383,14340.074202358617,18426.83984375,16026.009049479168,18086.437701886727,0.043312218682936277
2020-11-27,17153.9140625,17445.0234375,16526.423828125,17108.40234375,38886494645,-0.0024617591448197196,0.03559722915754793,1,55.41177580565627,1040.3841825014279,1200.9113439526782,19602.403755260428,14647.686088489572,18210.709542410714,16153.912955729167,17841.928862352546,0.037554388439362804
2020-11-28,17112.93359375,17853.939453125,16910.65234375,17717.4140625,32601040734,0.03559722915754793,0.02596712538731971,1,60.06492967081922,968.1896458170922,1154.367004325561,19606.723783202302,14867.15072851645,18078.592633928572,16296.563997395833,17810.80016238941,0.04152239255801439
2020-11-29,17719.634765625,18283.62890625,17559.1171875,18177.484375,31133957704,0.02596712538731971,0.07967832801396635,1,63.19010946105256,937.294240057945,1110.9524514720379,19612.208743485717,15146.182662764279,18051.09012276786,16450.92939453125,17902.471215542057,0.04300502546533398
2020-11-30,18178.322265625,19749.263671875,18178.322265625,19625.8359375,47728480399,0.07967832801396635,-0.04192625951044282,0,70.90842112571397,1017.9450383656476,1092.35096885076,19817.589380735295,15374.295384889705,18231.335100446428,16645.757421875,18333.312396031542,0.052663753806900256
2020-12-01,19633.76953125,19845.974609375,18321.921875,18802.998046875,49633658712,-0.04192625951044282,0.021171823185194727,1,62.84608357035005,1003.892982649566,1074.6593716105212,19851.74075830762,15650.309827629879,18187.83984375,16814.620377604166,18450.733808742407,0.05409918712499267
2020-12-02,18801.744140625,19308.330078125,18347.71875,19201.091796875,37387697139,0.021171823185194727,0.012723580680175761,1,64.92400409654007,1013.1999277990762,1062.3674828482322,19974.054788289683,15820.470602335317,18254.83565848214,17002.973795572918,18638.323305775553,0.05395810584921341
2020-12-03,19205.92578125,19566.19140625,18925.78515625,19445.3984375,31930317405,0.012723580680175761,-0.038344949058079725,0,66.17428032682771,1028.434104843007,1055.5808072471873,20101.97248767242,16005.311887327583,18582.660714285714,17186.143717447918,18840.092088706664,0.03701772465245688
2020-12-04,19446.966796875,19511.404296875,18697.193359375,18699.765625,33872388058,-0.038344949058079725,0.024303237423597412,1,59.23450872048756,969.168986659839,1038.2984431297177,20034.940451764247,16335.50661854825,18809.99832589286,17338.345670572915,18805.010472779995,0.04251018957498538
2020-12-05,18698.384765625,19160.44921875,18590.193359375,19154.23046875,27242455064,0.024303237423597412,0.009965977245154134,1,61.859920953575624,947.9451467110957,1020.2277838459934,19930.29899958694,16760.012328538058,19015.2578125,17457.491731770835,18892.315471772494,0.04174142932895914
2020-12-06,19154.1796875,19390.5,18897.89453125,19345.12109375,25293775714,0.009965977245154134,-0.007934312410408761,0,62.939574016632925,935.7417305494164,1003.3305731866781,19930.150631575132,17023.061673112366,19182.063058035714,17583.46640625,19005.51687726687,0.04128076398966461
2020-12-07,19343.12890625,19411.828125,18931.142578125,19191.630859375,26896357742,-0.007934312410408761,-0.0453576006387062,0,61.43369493012059,903.2726908652039,983.3189967223833,19986.73169683907,17121.103068785927,19120.033761160714,17728.728971354165,19052.045372793902,0.027488865921369163
2020-12-08,19191.529296875,19283.478515625,18269.9453125,18321.14453125,31692288756,-0.0453576006387062,0.012705073309037251,1,53.60109643668783,798.0997738734077,946.2751521525882,19975.713325069588,17183.83530774291,19051.19754464286,17823.448209635415,18869.320162407927,0.02831959692156598
2020-12-09,18320.884765625,18626.29296875,17935.546875,18553.916015625,34420373071,0.012705073309037251,-0.015572121156616547,0,55.24433182149395,725.1728516348412,902.0546920490389,19968.285997986717,17264.94525201328,18958.74386160714,17930.834895833334,18790.469125712192,0.027258479843991597
2020-12-10,18553.298828125,18553.298828125,17957.064453125,18264.9921875,25547132265,-0.015572121156616547,-0.011283218109780502,0,52.747264397561686,636.7242413509484,848.9886019094208,19959.118053165188,17238.48097027231,18790.114397321428,18029.971223958335,18659.09989115914,0.026350715781961607
2020-12-11,18263.9296875,18268.453125,17619.533203125,18058.904296875,27919640985,-0.011283218109780502,0.041240151721379625,1,50.97726597053569,543.7307207498816,787.937025677513,19949.84464804261,17189.42156289489,18698.56277901786,18108.556705729166,18509.050992588105,0.023037099238218117
2020-12-12,18051.3203125,18919.55078125,18046.041015625,18803.65625,21752580802,0.041240151721379625,0.018013866983980886,1,56.63976830079119,524.0866000638634,735.1669405547832,19971.92662310964,17210.705017515356,18648.48074776786,18192.800455729168,18582.70230694108,0.027122863808917853
2020-12-13,18806.765625,19381.53515625,18734.33203125,19142.3828125,25450468637,0.018013866983980886,0.005446642655266398,1,58.961563754076856,529.744332716542,694.082418987135,20026.81071659682,17233.647095903176,18619.518136160714,18286.9529296875,18722.62243333081,0.027890134537963917
2020-12-14,19144.4921875,19305.099609375,19012.708984375,19246.64453125,22473997681,0.005446642655266398,0.008855135259981495,1,59.67728261592734,536.4572309319847,662.557381376105,20044.557728186544,17229.818053063453,18627.37723214286,18392.903125,18853.627957810608,0.027807661012787317
2020-12-15,19246.919921875,19525.0078125,19079.841796875,19417.076171875,26741982541,0.008855135259981495,0.09751836309514528,1,60.87838079460138,549.1988378351707,639.8856726679182,20119.13758509865,17223.73370396385,18783.938895089286,18508.286067708334,18994.490011326703,0.018975442086309968
2020-12-16,19418.818359375,21458.908203125,19298.31640625,21310.59765625,44409011479,0.09751836309514528,0.07013245133867341,1,71.15768167094956,703.9730489734502,652.7031479290247,20568.590393429924,17190.278356570077,19177.750558035714,18661.435611979166,19573.516922557526,0.0388193819937855
2020-12-17,21308.3515625,23642.66015625,21234.67578125,22805.162109375,71378606374,0.07013245133867341,0.014593135822884129,1,76.42339407883875,936.4369251974786,709.4499033827154,21396.686772406734,16931.857954155763,19826.346261160714,18833.427473958334,20381.428219261896,0.0390233310966008
2020-12-18,22806.796875,23238.6015625,22399.8125,23137.9609375,40387896275,0.014593135822884129,0.03163075154837203,1,77.41229089630161,1134.4431515459546,794.4485530153634,22160.957645639424,16709.641768423073,20551.92578125,19011.2259765625,21070.56139882142,0.03518294089844125
2020-12-19,23132.865234375,24085.85546875,22826.47265625,23869.83203125,38487546580,0.03163075154837203,-0.01644490454985592,0,79.45331847779325,1335.030987057773,902.5650398238454,22994.32978297075,16445.50439671675,21275.665178571428,19212.984049479168,21770.379056928567,0.035156573546999
2020-12-20,23861.765625,24209.66015625,23147.7109375,23477.294921875,37844228422,-0.01644490454985592,-0.028717656479103182,0,75.51215576348028,1445.6591686960055,1011.1838655982774,23572.44202012874,16252.538057996262,21894.938337053572,19374.850065104165,22197.108023165176,0.04003341792431861
2020-12-21,23474.455078125,24059.982421875,22159.3671875,22803.08203125,45852713981,-0.028717656479103182,0.042974334095805755,1,69.16606327329677,1462.075557124008,1101.3622039034235,23941.35199246907,16283.636484093431,22403.000837053572,19513.545052083333,22348.60152518638,0.04529735582445952
2020-12-22,22794.0390625,23789.90234375,22430.60546875,23783.029296875,44171632681,0.042974334095805755,-0.022776055438033516,0,72.75062753608496,1536.4480016445377,1188.3793634516464,24462.106230411395,16221.075996151108,23026.708426339286,19693.979296875,22707.208468108533,0.04505957758388429
2020-12-23,23781.974609375,24024.490234375,22802.646484375,23241.345703125,51146161904,-0.022776055438033516,0.021281190940612982,1,68.04181963758542,1533.996405096299,1257.502771780577,24815.736238813268,16247.040714311734,23302.52957589286,19856.553450520834,22840.742776862648,0.037415438292932784
2020-12-24,23240.203125,23768.337890625,22777.59765625,23735.94921875,41080759713,0.021281190940612982,0.03913227940938091,1,69.95411689817455,1554.0497491599672,1316.812167256455,25197.365499910255,16369.029812589743,23435.499162946428,20010.836263020832,23064.544387334485,0.02848538392692786
2020-12-25,23733.5703125,24710.1015625,23463.673828125,24664.791015625,42068395846,0.03913227940938091,0.07185327832809496,1,73.19763090240906,1626.1467318761206,1378.6790801803882,25713.171038146207,16404.280329041296,23653.617745535714,20208.591927083333,23464.60604440711,0.031098211890184416
2020-12-26,24677.015625,26718.0703125,24522.689453125,26437.037109375,48332647295,0.07185327832809496,-0.0062314920850786715,0,78.06354292076918,1805.477141974232,1464.0386925391572,26547.410249799614,16279.232718950385,24020.361328125,20518.1390625,24207.713810649082,0.03865006992801256
2020-12-27,26439.373046875,28288.83984375,25922.76953125,26272.294921875,66479895605,-0.0062314920850786715,0.03092663485588698,1,76.670120802371,1912.2611105186297,1553.6831761350518,27207.230802102516,16327.478572897484,24419.647042410714,20823.6021484375,24723.859088455563,0.037424013743477105
2020-12-28,26280.822265625,27389.111328125,26207.640625,27084.80859375,49056742893,0.03092663485588698,0.010250355112868093,1,78.69043773256116,2038.9475199777044,1650.7360449035823,27871.57922342782,16539.49655782218,25031.322265625,21135.8486328125,25314.096464779173,0.031686677513128265
2020-12-29,27081.810546875,27370.720703125,25987.298828125,27362.4375,45265946774,0.010250355112868093,0.054034499850387885,1,79.34851514490644,2137.1144199672635,1748.0117199163187,28475.19874569292,16816.729183994583,25542.66629464286,21442.013736979166,25826.18172358438,0.03105362475012576
2020-12-30,27360.08984375,28937.740234375,27360.08984375,28840.953125,51287442704,0.054034499850387885,0.005574281038085438,1,82.45580532929489,2307.6154949452102,1859.9324749220973,29232.687731704144,17116.836291733358,26342.610212053572,21749.184309895834,26579.874573938287,0.026376531525307216
2020-12-31,28841.57421875,29244.876953125,28201.9921875,29001.720703125,46754964848,0.005574281038085438,0.012841708408869223,1,82.75956903487199,2427.7261098359595,1973.49120190487,29809.373670270827,17634.431993791673,27094.86328125,22089.141731770833,27185.336106234965,0.028018311400581093
2021-01-01,28994.009765625,29600.626953125,28803.5859375,29374.15234375,40730301359,0.012841708408869223,0.09372577639540935,1,83.47343680884146,2523.873120072749,2083.567585538446,30373.47445590525,18127.38081753225,27767.62918526786,22428.24375,27732.540165613726,0.028251602139784303
2021-01-02,29376.455078125,33155.1171875,29091.181640625,32127.267578125,67865420765,0.09372577639540935,0.020380066800975483,1,87.5705933610295,2790.0616155067255,2224.866391532102,31456.815089346113,18342.528660653887,28580.51925223214,22850.972721354166,28831.222018741544,0.03469395283796833
2021-01-03,32129.408203125,34608.55859375,32052.31640625,32782.0234375,78665235202,0.020380066800975483,-0.024712000360334718,0,88.31268003274072,3019.0495181985098,2383.7030168653837,32446.594524067594,18706.287116557403,29510.48046875,23320.381315104165,29818.92237343116,0.0315388129350192
2021-01-04,32810.94921875,33440.21875,28722.755859375,31971.9140625,81163475344,-0.024712000360334718,0.06319658000613337,1,81.80490505548616,3099.4267622653097,2526.847765945369,33002.39081642788,19405.974613259626,30208.63839285714,23747.637434895834,30357.17029569837,0.0382979331178643
2021-01-05,31977.041015625,34437.58984375,30221.1875,33992.4296875,67547324782,0.06319658000613337,0.08331071417326141,1,84.81122645829888,3288.2600174485233,2679.1302162459997,34045.85837710475,19630.69025570775,31155.780133928572,24235.8810546875,31265.98514364878,0.04017730508980742
2021-01-06,34013.61328125,36879.69921875,33514.03515625,36824.36328125,75289433811,0.08331071417326141,0.0691574669750421,1,87.84309094381925,3624.6424839174433,2868.2326697802887,35704.715605455065,19373.753144544935,32296.26729910714,24823.638802083333,32655.579678049085,0.04416147648877338
2021-01-07,36833.875,40180.3671875,36491.19140625,39371.04296875,84762141031,0.0691574669750421,0.0362338992996023,1,89.81247990632723,4050.037468513692,3104.5936295269694,37740.45990171709,18961.31705140791,33777.59905133928,25525.302083333332,34334.445500724316,0.04331179395954396
2021-01-08,39381.765625,41946.73828125,36838.63671875,40797.609375,88107519480,0.0362338992996023,-0.013311135341493308,0,90.71943369894221,4450.970033370999,3373.8689102957755,39792.87803184639,18601.67665565361,35409.521484375,26266.758528645834,35950.23646929324,0.04123227484643647
2021-01-09,40788.640625,41436.3515625,38980.875,40254.546875,61984162837,-0.013311135341493308,-0.047152573214749416,0,87.52501824619438,4671.046458448709,3633.3044199263622,41321.57277433882,18750.70710847368,36570.56138392857,26999.743684895835,37026.31407071993,0.04162124208939538
2021-01-10,40254.21875,41420.19140625,35984.62890625,38356.44140625,79980747690,-0.047152573214749416,-0.07273315912449108,0,77.28206907294567,4638.823888470284,3834.4083136351464,42141.82549025361,19485.790330058895,37366.90680803572,27676.328255208333,37358.84590460244,0.05175331440478488
2021-01-11,38346.53125,38346.53125,30549.599609375,35566.65625,123320567399,-0.07273315912449108,-0.046214502171538774,0,65.2038911341549,4338.167231282401,3935.1600971645976,42428.73129813827,20377.24721748673,37880.44140625,28235.094921875,36910.798490951835,0.06151954131309343
2021-01-12,35516.359375,36568.52734375,32697.9765625,33922.9609375,74773277909,-0.046214502171538774,0.10003249550509552,1,59.32130099665154,3922.0512244396705,3932.5383226196127,42347.333457609355,21526.806581453144,37870.517299107145,28727.780859375,36163.83910258888,0.061712287919588694
2021-01-13,33915.12109375,37599.9609375,32584.66796875,37316.359375,69364315979,0.10003249550509552,0.050138030111625875,1,66.11753465733915,3822.037120366993,3910.438082169089,42559.17776251555,22673.003292171947,37940.802455357145,29330.1046875,36451.96917069166,0.06561495096119316
2021-01-14,37325.109375,39966.40625,36868.5625,39187.328125,63615990033,0.050138030111625875,-0.06027358971670127,0,69.17537887186302,3849.3735816164153,3898.2251820585543,42972.76995539436,23711.664810230643,37914.55747767857,29989.1130859375,37135.80890926874,0.06278624543365378
2021-01-15,39156.70703125,39577.7109375,34659.58984375,36825.3671875,67760757881,-0.06027358971670127,-0.017575563040677422,0,61.61540148501253,3638.5049954828683,3846.281144743417,43057.2052352423,24666.062538195205,37347.09430803572,30506.2720703125,37058.19847882655,0.0643363316417699
2021-01-16,36821.6484375,37864.3671875,35633.5546875,36178.140625,57706187875,-0.017575563040677422,-0.010693288117263444,0,59.690354159067425,3380.1995113841294,3753.06481807156,42908.586954663755,25805.265389086242,36764.75055803572,30952.038020833334,36838.18401536991,0.06436229810722259
2021-01-17,36163.6484375,36722.3515625,34069.3203125,35791.27734375,52359854336,-0.010693288117263444,0.023435790428599335,1,58.51357591768084,3108.441739168491,3624.140202290946,42679.429714189195,26905.069504560808,36398.298549107145,31373.815234375,36576.45734746493,0.0626272109822092
2021-01-18,35792.23828125,37299.28515625,34883.84375,36630.07421875,49511702429,0.023435790428599335,-0.015295342507474663,0,60.33929871823841,2927.0148394078715,3484.715129714331,42395.92677289604,28115.33611772896,36550.21540178572,31799.156640625,36589.8615652862,0.056341045736913446
2021-01-19,36642.234375,37755.890625,36069.8046875,36069.8046875,57244195486,-0.015295342507474663,-0.014473454791977813,0,58.487818217084914,2706.8210967674167,3329.1363231249484,42125.85351263715,29108.294534237844,36856.90736607143,32218.906966145834,36459.84734583965,0.05270085409339324
2021-01-20,36050.11328125,36378.328125,33570.4765625,35547.75,66834573161,-0.014473454791977813,-0.1328368400602007,0,56.74071967230574,2461.812279493359,3155.6715143986307,41704.93854209828,30183.812434464216,36604.24888392857,32643.729231770834,36231.82300937974,0.03482508595728966
2021-01-21,35549.3984375,35552.6796875,30250.75,30825.69921875,75643067688,-0.1328368400602007,0.07072224005462169,1,43.95193402998014,1865.1111520194536,2897.5594419227955,41473.1071306526,30560.798533409903,35409.73046875,32878.48489583333,34880.292061722306,0.05047588210412218
2021-01-22,30817.625,33811.8515625,28953.373046875,33005.76171875,77207272511,0.07072224005462169,-0.02842289017956734,0,49.599862223217166,1550.263560385829,2628.1002656154023,41404.04385877058,30717.711219354424,34864.072544642855,33203.9654296875,34411.65947597923,0.06154520917217834
2021-01-23,32985.7578125,33360.9765625,31493.16015625,32067.642578125,48354737975,-0.02842289017956734,0.006914643868341619,1,47.38696538111205,1211.0855607325866,2344.6973246388393,41464.21458761591,30586.10240457158,34276.85853794643,33481.68854166667,33825.65525151567,0.06179169378793425
2021-01-24,32064.376953125,32944.0078125,31106.685546875,32289.37890625,48643830599,0.006914643868341619,0.0023851084933719235,1,47.97775563398107,949.2346349204163,2065.604786695155,41434.34009851258,30647.723378049923,33776.58733258928,33735.841471354164,33441.58616519925,0.0623693180962417
2021-01-25,32285.798828125,34802.7421875,32087.787109375,32366.392578125,59897054838,0.0023851084933719235,0.006286058316783416,1,48.195338389816676,739.4068277251718,1800.3651949011585,41520.53698436783,30398.922781257166,33167.489955357145,33933.486653645836,33172.78776843069,0.06081625511883007
2021-01-26,32358.61328125,32794.55078125,31030.265625,32569.849609375,60255421470,0.006286058316783416,-0.06562212475675022,0,48.804533556228506,582.8157239799039,1556.8553007169078,41482.01128079902,30011.997117638468,32667.49637276786,34143.40514322917,33022.053228666766,0.06139382523305122
2021-01-27,32564.029296875,32564.029296875,29367.138671875,30432.546875,62576762015,-0.06562212475675022,0.09968113394222766,1,43.07416568243317,282.9915274318482,1302.0825460598958,41225.72695671139,29374.431832351103,31936.753069196428,34254.996419270836,32374.676640250073,0.0645902490374844
2021-01-28,30441.041015625,33858.3125,30023.20703125,33466.09765625,76517157706,0.09968113394222766,0.02540747568580648,1,51.73609618856,286.85421037929336,1099.0368789237755,40337.56885413022,29529.438763057275,32313.95284598214,34458.4517578125,32647.531894250056,0.056180405026237314
2021-01-29,34318.671875,38406.26171875,32064.814453125,34316.38671875,117894572511,0.02540747568580648,-0.0013656239986477026,0,53.85555380132926,354.44086200046877,950.1176755391141,39459.952349242274,29813.23925232023,32501.184988839286,34640.9662109375,33064.74560037504,0.0507910643516291
2021-01-30,34295.93359375,34834.70703125,32940.1875,34269.5234375,65141828798,-0.0013656239986477026,-0.03370820328466961,0,53.715545732483356,399.6157733190412,840.0172950950996,38944.14945430862,29920.350350378874,32815.73939732143,34816.55963541667,33365.940059656285,0.04866096478378118
2021-01-31,34270.87890625,34288.33203125,32270.17578125,33114.359375,52754542671,-0.03370820328466961,0.012768370405776608,1,50.24788937442427,338.30535670745303,739.6749074175704,38824.841754137306,29794.428363050185,32933.59375,34941.233203125,33303.044888492215,0.05150286226381466
2021-02-01,33114.578125,34638.21484375,32384.228515625,33537.17578125,61400400660,0.012768370405776608,0.05883361479570781,1,51.482492540015514,320.14374240541656,655.7686744151396,38815.28099296464,29765.41060859786,33100.84849330357,34988.230143229164,33361.57761168166,0.05157376766165295
2021-02-02,33533.19921875,35896.8828125,33489.21875,35510.2890625,63088585433,0.05883361479570781,0.055245981743407446,1,56.86220090206187,459.6655457453453,616.5480486811807,38548.45812035579,29851.6264499567,33520.91127232143,35079.17233072917,33898.75547438625,0.0552784473681795
2021-02-03,35510.8203125,37480.1875,35443.984375,37472.08984375,61166818159,0.055245981743407446,-0.014571470120209207,0,61.440264903953555,720.2360745501865,637.2856538549819,38120.02061325601,30108.54012893149,34526.560267857145,35262.5115234375,34792.08906672718,0.044117319061031654
2021-02-04,37475.10546875,38592.17578125,36317.5,36926.06640625,68838074392,-0.014571470120209207,0.032991388091470286,1,59.546097978463315,872.6215300291951,684.3528290898246,38138.90278357814,30099.727880484363,35020.841517857145,35360.2994140625,35325.58340160788,0.034564912843765186
2021-02-05,36931.546875,38225.90625,36658.76171875,38144.30859375,58598066402,0.032991388091470286,0.029406828078771152,1,62.33605797203738,1079.2491522132696,763.3320937145136,38520.04013869826,29915.207322239243,35567.6875,35404.297591145834,36030.26469964341,0.03507310359872519
2021-02-06,38138.38671875,40846.546875,38138.38671875,39266.01171875,71326033653,0.029406828078771152,-0.009233693380855112,0,64.74687451326864,1318.3183459220163,874.3293441560141,39186.35953964205,29596.36135879545,36281.47154017857,35400.796549479164,36839.20145442006,0.03449520283173572
2021-02-07,39250.19140625,39621.8359375,37446.15234375,38903.44140625,65500641143,-0.009233693380855112,0.18746473766529936,1,63.33568336033224,1461.6767109824577,991.7988175213029,39605.003449476906,29405.05416771059,37108.48325892857,35337.6576171875,37355.261442377545,0.0289171853399021
2021-02-08,38886.828125,46203.9296875,38076.32421875,46196.46484375,101467222687,0.18746473766529936,0.006161523959955284,1,75.09447672928351,2139.1168813462573,1221.262430286294,42210.83953920241,27811.884093610093,38916.953125,35535.72154947917,39565.56229272066,0.06755206398677925
2021-02-09,46184.9921875,48003.72265625,45166.9609375,46481.10546875,91809846886,0.006161523959955284,-0.03362488605290981,0,75.42574021502944,2668.20382386665,1510.6507090023651,44326.755739996566,26789.303439690928,40484.212611607145,35806.543684895834,41294.44808672799,0.06913598628941596
2021-02-10,46469.76171875,47145.56640625,43881.15234375,44918.18359375,87301089896,-0.03362488605290981,0.0665910372634968,1,69.9260061573042,2927.646221010924,1794.049811404077,45640.7177657712,26884.5898514163,41547.94029017857,36118.26126302083,42200.38196348349,0.0740812141133484
2021-02-11,44898.7109375,48463.46875,44187.76171875,47909.33203125,81388911810,0.0665910372634968,-0.008442623839676311,0,73.85511629097934,3336.159698448624,2102.4717888129862,47530.8771788108,26484.787469626695,43116.978236607145,36584.4736328125,43627.61948042511,0.07257626159263611
2021-02-12,47877.03515625,48745.734375,46424.9765625,47504.8515625,76555041196,-0.008442623839676311,-0.008406213773231364,0,72.4761847906238,3585.9349530827385,2399.1644216669365,48982.71854470889,26576.667002166105,44454.19866071428,36924.0900390625,44596.927500943835,0.07489249881378104
2021-02-13,47491.203125,48047.74609375,46392.28125,47105.515625,70250456155,-0.008406213773231364,0.03421623595697554,1,71.06544756855394,3708.906602547271,2661.1128578430034,50125.58868524094,26915.410533509064,45574.12779017857,37188.029622395836,45224.07453195787,0.07662651402811387
2021-02-14,47114.5078125,49487.640625,47114.5078125,48717.2890625,71248675228,0.03421623595697554,-0.01585126109458379,0,73.32252187129608,3891.559689278205,2907.202224130044,51388.9726410063,27287.1162261812,46976.10602678572,37584.427018229166,46097.3781645934,0.0747845162547035
2021-02-15,48696.53515625,48875.5703125,46347.4765625,47945.05859375,77069903166,-0.01585126109458379,0.026171883752032166,1,70.48553886900305,3928.7132703861644,3111.5044333812684,52293.492146461685,27920.11761916332,47225.90513392857,37976.6576171875,46559.298271882544,0.03398757295877822
2021-02-16,47944.45703125,50341.1015625,47201.3046875,49199.87109375,77049582886,0.026171883752032166,0.05994196027730325,1,72.35716261118017,4013.1495431016665,3291.8334553253485,52995.557652419404,29094.784535080606,47614.30022321428,38423.6107421875,47219.441477349406,0.03485293168957094
2021-02-17,49207.27734375,52533.9140625,49072.37890625,52149.0078125,80820545404,0.05994196027730325,-0.008997504596578998,0,76.18030624345518,4268.828189681037,3487.2324021964864,54328.07341039511,29630.559792729895,48647.275111607145,38940.908528645836,48451.833061137055,0.03385901199379856
2021-02-18,52140.97265625,52474.10546875,51015.765625,51679.796875,52054723579,-0.008997504596578998,0.08143096900475189,1,74.41684010647815,4383.068670594432,3666.399655876076,55359.58842092287,30335.385797827126,49185.91294642857,39461.2416015625,49258.8240146028,0.02898166546910297
2021-02-19,51675.98046875,56113.65234375,50937.27734375,55888.1328125,63495496918,0.08143096900475189,0.0037823185014820293,1,79.09171311469416,4758.331530477073,3884.7860307962756,57011.78229967254,30845.052856577466,50383.52455357143,40139.25436197917,50916.1512140771,0.03747513328969738
2021-02-20,55887.3359375,57505.2265625,54626.55859375,56099.51953125,68145460026,0.0037823185014820293,0.025676258785917394,1,79.2963642839548,5014.977651476547,4110.824354932331,58197.493806839324,31957.85736503567,51668.38225446428,40981.7150390625,52211.99329337033,0.035967393534934874
2021-02-21,56068.56640625,58330.5703125,55672.609375,57539.9453125,51897585191,0.025676258785917394,-0.05791845963531039,0,80.6838073768816,5273.808690063306,4343.421221958526,59346.6053951721,33209.022729827906,52928.76171875,41799.521158854164,53543.98129815275,0.03577921825554301
2021-02-22,57532.73828125,57533.390625,48967.56640625,54207.3203125,92052420332,-0.05791845963531039,-0.09930198541853996,0,69.13933690991541,5150.645729525138,4504.866123471849,59730.05401355467,34695.277236445334,53823.37053571428,42537.510416666664,53709.816051739566,0.045826764390662696
2021-02-23,54204.9296875,54204.9296875,45290.58984375,48824.42578125,106102492824,-0.09930198541853996,0.018042326886684945,1,55.36077478253338,4566.049023140251,4517.10270340553,59482.42101307896,36078.14383067105,53769.73549107143,43088.67864583333,52488.46848411718,0.06349667205966981
2021-02-24,48835.0859375,51290.13671875,47213.5,49705.33203125,63695521388,0.018042326886684945,-0.052539242009451814,0,56.87539019338956,4126.268637532259,4438.935890230876,59025.15506750968,37813.33633874032,53420.638950892855,43666.643294270834,51792.68437090039,0.05877624871441687
2021-02-25,49709.08203125,51948.96875,47093.8515625,47093.8515625,54506565949,-0.052539242009451814,-0.016012490351298148,0,51.31654122867492,3526.3651226680886,4256.421736718318,58401.96472879487,39331.48097433014,52765.50390625,44150.776692708336,50617.97616880029,0.061471678608251173
2021-02-26,47180.46484375,48370.78515625,44454.84375,46339.76171875,350967941479,-0.016012490351298148,-0.003265200081699504,0,49.80285547982221,2956.0134340546356,3996.340076185582,57779.781469168505,40661.0392339565,51401.450892857145,44681.0171875,49548.42255628772,0.045991327845171834
2021-02-27,46344.7734375,48253.26953125,45269.02734375,46188.453125,45910946382,-0.003265200081699504,-0.022747754528746222,0,49.48742880200484,2463.3997339694033,3689.7520077423464,56884.16114316593,42285.16073183406,49985.584263392855,45105.095703125,48708.43019846579,0.045316499518202186
2021-02-28,46194.015625,46716.4296875,43241.6171875,45137.76953125,53443887451,-0.022747754528746222,0.09955017057586457,1,47.24955821013827,1965.5606824471251,3344.9137426833026,56943.236745079725,42120.21559867028,48213.84486607143,45465.80846354167,47815.76503166184,0.039329275884012166
2021-03-01,45159.50390625,49784.015625,45115.09375,49631.2421875,53891300112,0.09955017057586457,-0.025231161886280384,0,56.34231574788223,1911.5699487621823,3058.2449838990788,56967.41813295623,42411.047882668776,47560.119419642855,45977.86575520833,48269.63432062138,0.06165824206381005
2021-03-02,49612.10546875,50127.51171875,47228.84375,48378.98828125,47530897720,-0.025231161886280384,0.04463205996986197,1,53.570950076064,1747.5903449633042,2796.114056111924,56836.72467376439,42887.82181061061,47496.48549107143,46486.68671875,48296.972810778534,0.049017979151168026
2021-03-03,48415.81640625,52535.13671875,48274.3203125,50538.2421875,53220811975,0.04463205996986197,-0.039120359814156846,0,57.456794031796996,1771.4489117737103,2591.1810272442817,56914.878480396226,43072.559019603774,47615.47265625,47053.388932291666,48857.2901549589,0.05163785097329708
2021-03-04,50522.3046875,51735.08984375,47656.9296875,48561.16796875,52343816680,-0.039120359814156846,0.007539701660092213,1,53.07651383747712,1612.2387468186425,2395.392571159154,56906.770888612795,43186.2982520122,47825.08928571428,47488.418229166666,48783.259608406675,0.04941257630398223
2021-03-05,48527.03125,49396.4296875,46542.515625,48927.3046875,48625928883,0.007539701660092213,-0.0003049805235605385,0,53.779266231505304,1498.3358344969383,2215.9812238267114,56886.71802247342,43388.53002440158,48194.73828125,47870.25872395833,48819.27087818,0.048505018060084545
2021-03-06,48899.23046875,49147.21875,47257.52734375,48912.3828125,34363564661,-0.0003049805235605385,0.046906498146797926,1,53.74393926432111,1390.8302597776856,2050.951031016906,56888.792666247864,43405.96475562713,48583.87109375,48269.80260416667,48842.54886176,0.04839542949283214
2021-03-07,48918.6796875,51384.3671875,48918.6796875,51206.69140625,43137459378,0.046906498146797926,0.020306565464276005,1,58.281602090542016,1473.7740960685478,1935.5156440272347,56988.384095391404,43632.53660773359,49450.85993303572,48705.21536458333,49433.584497882504,0.0478928713998317
2021-03-08,51174.1171875,52314.0703125,49506.0546875,52246.5234375,48597428048,0.020306565464276005,0.049335220420617,1,60.18783270848667,1604.9130005435145,1869.3951153304906,57171.35697142519,43754.22896607481,49824.47154017857,49137.899088541664,50136.81923278688,0.03266156495383705
2021-03-09,52272.96875,54824.1171875,51981.83203125,54824.1171875,50912227385,0.049335220420617,0.021604243798385436,1,64.51610936902914,1894.9875638724188,1874.5136050388764,57536.92555727251,43656.171317727494,50745.20424107143,49668.58828125,51308.64372146517,0.03224319946091454
2021-03-10,54824.01171875,57258.25390625,53290.890625,56008.55078125,57295577614,0.021604243798385436,0.032076714848716215,1,66.32767165260883,2195.143390895093,1938.63956221012,58134.51069393601,43491.46157168898,51526.67689732143,49995.6578125,52483.620486411375,0.030241776287626025
2021-03-11,55963.1796875,58091.0625,54484.59375,57805.12109375,56772343595,0.032076714848716215,-0.008183206626845796,0,68.91962110815113,2548.608483822878,2060.6333465326716,58537.37020018521,43280.300893564796,52847.24162946428,50373.125,53813.99563824604,0.018708615438872735
2021-03-12,57821.21875,57996.62109375,55376.6484375,57332.08984375,55689944702,-0.008183206626845796,0.06821652767950437,1,67.44748011410269,2758.7611665005097,2200.258910526239,58783.42430611684,43157.50381888317,54047.92522321428,50786.921875,54693.51918962203,0.02187879493367718
2021-03-13,57343.37109375,61683.86328125,56217.97265625,61243.0859375,60669829814,0.06821652767950437,-0.031689610370558396,0,72.6493190560654,3203.960122897508,2400.999153000493,59721.77253544057,42589.46965205943,55809.45424107143,51231.38033854167,56330.91087659152,0.024793318167379143
2021-03-14,61221.1328125,61597.91796875,59302.31640625,59302.31640625,43901225564,-0.031689610370558396,-0.05725100456855314,0,66.93339549439848,3361.4311361242435,2593.0855496252434,60604.4187528171,42216.32304405789,56965.97209821428,51624.629166666666,57073.762259006144,0.033616882011629635
2021-03-15,59267.4296875,60540.9921875,55393.1640625,55907.19921875,66419369890,-0.05725100456855314,0.01605702194966918,1,58.29294565854092,3175.6633949358,2709.6011186873548,61077.711474684824,42451.30766594017,57488.92578125,51918.01861979167,56782.12149894211,0.04499518836608949
2021-03-16,55840.78515625,56833.1796875,53555.02734375,56804.90234375,59749798599,0.01605702194966918,0.036369962842253134,1,59.77167305233608,3065.5406174242235,2780.789018434729,61630.78453594952,42608.191635925476,57771.89508928572,52187.605729166666,56787.816710144085,0.041868229443087185
2021-03-17,56825.828125,58969.81640625,54528.62890625,58870.89453125,60258313191,0.036369962842253134,-0.017189693893861602,0,63.02114423906237,3109.1356458134396,2846.4583439104713,62359.385051075056,43057.29541767494,58180.80133928572,52551.80026041667,57308.586165420566,0.04314765438505136
2021-03-18,58893.078125,60116.25,54253.578125,57858.921875,55746041000,-0.017189693893861602,0.008429650137686817,1,60.44559326217023,3027.1323861233614,2882.5931523530494,62718.79321183544,43849.80327253956,58188.48716517857,52840.435286458334,57446.170092815424,0.042569026402086936
2021-03-19,57850.44140625,59498.375,56643.703125,58346.65234375,49063873786,0.008429650137686817,-0.0005657190459794625,0,61.267189921628486,2967.2948566810155,2899.5334932186424,62979.93396232255,44804.48244392745,58333.42466517857,53047.0234375,57671.29065554907,0.04244084892347589
2021-03-20,58332.26171875,60031.28515625,58213.296875,58313.64453125,50361731222,-0.0005657190459794625,-0.013551247955811196,0,61.1745802535081,2883.965173566008,2896.4198292881156,62883.61878117098,46218.38512507902,57914.93303571428,53268.151692708336,57831.879124474304,0.031435640952384804
2021-03-21,58309.9140625,58767.8984375,56005.6171875,57523.421875,51943414539,-0.013551247955811196,-0.05205318540083803,0,58.8799474548354,2722.7749800449383,2861.69085943948,63053.37801659993,46837.843858400076,57660.80524553572,53322.661328125,57754.76481210573,0.029718567705266277
2021-03-22,57517.890625,58471.48046875,54288.15625,54529.14453125,56521454974,-0.05205318540083803,0.0038474981233158623,1,51.063958955441336,2326.597861060691,2754.672259763722,62787.587876722486,47718.64962327752,57463.94029017857,53270.31549479167,56948.3597418918,0.028190705098413288
2021-03-23,54511.66015625,55985.44140625,53470.6953125,54738.9453125,56435023914,0.0038474981233158623,-0.035891807492523076,0,51.549266025939886,2006.4249912888554,2605.0228060687487,62688.0157470698,48238.2920654302,57168.80357142857,53176.948828125,56396.00613454385,0.027158403688608522
2021-03-24,54710.48828125,57262.3828125,52514.33203125,52774.265625,70567223787,-0.035891807492523076,-0.020277031922222966,0,46.86240871613613,1575.98547447288,2399.215339749575,62302.50917162938,49045.10840649562,56297.85658482143,53129.180338541664,55490.571007157894,0.022091733050607795
2021-03-25,52726.74609375,53392.38671875,50856.5703125,51704.16015625,67999812841,-0.020277031922222966,0.06639992475218648,1,44.4897321103594,1135.4220495518384,2146.4566817100276,61969.852065489744,49655.45105951026,55418.60491071428,53225.171484375,54543.968294430924,0.02216685570811139
2021-03-26,51683.01171875,55137.3125,51579.85546875,55137.3125,56652197978,0.06639992475218648,0.015165759461888806,1,52.75441746467055,1051.181695060397,1927.4016843801016,61424.095717084696,50823.70037666531,54960.12779017857,53406.2375,54692.3043458232,0.037923115690736295
2021-03-27,55137.56640625,56568.21484375,54242.91015625,55973.51171875,47266542233,0.015165759461888806,-0.0004067213991215679,0,54.53015132186507,1039.9074895322265,1749.9028454105269,61161.573241799844,51562.90488320015,54625.82310267857,53702.226171875,55012.6061890549,0.038853225179507546
2021-03-28,55974.94140625,56610.3125,55071.11328125,55950.74609375,47686580918,-0.0004067213991215679,0.03216137854506651,1,54.4701266829586,1017.4075636679117,1603.4037890620039,60968.13319471625,52126.76719590875,54401.15513392857,54022.59231770833,55247.14116522868,0.0386993502978143
2021-03-29,55947.8984375,58342.09765625,55139.33984375,57750.19921875,57625587027,0.03216137854506651,0.020216245195582738,1,58.37077521834468,1131.731146666898,1509.0692605829827,61070.072878993305,52317.43571475669,54861.30580357143,54407.98385416667,55872.90567860901,0.03380359711749927
2021-03-30,57750.1328125,59447.22265625,57251.55078125,58917.69140625,54414116432,0.020216245195582738,1.9359634988669328e-05,1,60.72196793255119,1301.5369642966762,1467.5628013257215,61307.18758389895,52371.235072351046,55458.26953125,54867.31458333333,56634.102110519256,0.03397655230945583
2021-03-31,58930.27734375,59930.02734375,57726.41796875,58918.83203125,65520826225,1.9359634988669328e-05,0.0030037350775407035,1,60.724301860279546,1419.834370253935,1458.0171151113643,61436.78815731225,52353.00559268775,56336.064732142855,55176.90091145833,57205.284590701944,0.02786923635694067
2021-04-01,58926.5625,59586.0703125,58505.27734375,59095.80859375,61669163792,0.0030037350775407035,0.004881969011259368,1,61.11042729240575,1510.4548628671328,1468.504664662518,61622.93672425351,52343.228900746486,57392.01450892857,55534.128255208336,57677.91559146396,0.023899481340583575
2021-04-02,59098.87890625,60267.1875,58869.28125,59384.3125,58727860620,0.004881969011259368,-0.029981350293480258,0,61.77024898442819,1587.255220109757,1492.254775751966,61251.03274421477,52529.255537035235,57998.728794642855,55828.997265625,58104.51481859797,0.012258379086629342
2021-04-03,59397.41015625,60110.26953125,57603.890625,57603.890625,59641344484,-0.029981350293480258,0.0200448971410081,1,55.51092036633599,1487.3101057544409,1491.265841752461,61039.21325218417,52571.232450940835,58231.64006696428,56130.42135416667,57979.35877019848,0.019353226803934167
2021-04-04,57604.83984375,58913.74609375,57168.67578125,58758.5546875,50749662970,0.0200448971410081,0.005094138552963257,1,58.45142548737892,1484.1660797694567,1489.8458893558602,61242.80915763803,52652.77209236197,58632.755580357145,56458.1296875,58174.15774952386,0.02006024401697218
2021-04-05,58760.875,59891.296875,57694.82421875,59057.87890625,60706272115,0.005094138552963257,-0.014655445594718208,0,59.204182909849116,1488.6669534448083,1489.61010217365,61451.66209158714,52669.21681466286,58819.56696428572,56796.312890625,58395.0880387054,0.01678673367747429
2021-04-06,59171.93359375,59479.578125,57646.80859375,58192.359375,66058027988,-0.014655445594718208,-0.036833390122360865,0,56.04237729593913,1406.184120316444,1472.9249058022087,61371.50189954368,52681.52349108132,58715.94810267857,57029.16848958333,58344.40587277905,0.01609901322985069
2021-04-07,58186.5078125,58731.14453125,55604.0234375,56048.9375,75645303584,-0.036833390122360865,0.04058980823677527,1,49.05546008533758,1154.5507069501618,1409.2500660317994,61283.27932931644,52588.74762380855,58305.963169642855,57155.915625,57770.53877958428,0.020799383379119157
2021-04-08,56099.9140625,58338.73828125,55879.0859375,58323.953125,53053855641,0.04058980823677527,-0.0013536328475677317,0,55.40979274459169,1125.727476170876,1352.5455480596147,61280.68225403659,52589.07477721341,58195.69810267857,57272.576822916664,57908.89236593821,0.02754580976288527
2021-04-09,58326.5625,58937.046875,57807.86328125,58245.00390625,46655208546,-0.0013536328475677317,0.026581343719059625,1,55.1527015340115,1084.018426330469,1298.8401237137857,61272.995698664956,52589.89727008505,58032.939732142855,57347.125260416666,57992.92025101616,0.027403548349315236
2021-04-10,58253.77734375,61276.6640625,58038.70703125,59793.234375,58238470525,0.026581343719059625,0.006885903949730876,1,59.15502172262979,1162.492473947459,1271.5705937605205,61557.74201384568,52532.13220490432,58345.703125,57413.395703125,58442.998782012124,0.026244468808190934
2021-04-11,59846.23046875,60790.5546875,59289.796875,60204.96484375,46280252580,0.006885903949730876,-0.005174186540237491,0,60.17294676171891,1243.571808203531,1265.9708366491227,61886.641171646545,52770.81507835346,58552.33314732143,57509.158203125,58883.490297446595,0.025501310050997
2021-04-12,60175.9453125,61253.03515625,59589.875,59893.453125,51828688519,-0.005174186540237491,0.06027376479221824,1,58.97539565414098,1268.0738069574,1266.3914307107782,62112.27384953579,53060.633181714205,58671.700892857145,57464.17044270833,59135.98100433495,0.025706176075079253
2021-04-13,59890.01953125,63742.28515625,59869.95703125,63503.45703125,69983454362,0.06027376479221824,-0.00620063437737306,0,67.13763849588305,1560.7970656596299,1325.2725577005485,62781.52338026016,53464.30279161484,59430.42912946428,57604.20846354167,60227.85001106371,0.03224266297775595
2021-04-14,63523.75390625,64863.09765625,61554.796875,63109.6953125,77451779687,-0.00620063437737306,0.003237480473297971,1,65.60440390827517,1740.9405977265124,1408.4061657057414,62832.67158823469,54553.70809926531,60439.10881696428,57844.291666666664,60948.31133642278,0.025784514758135625
2021-04-15,63075.1953125,63821.671875,62208.96484375,63314.01171875,60954381579,0.003237480473297971,-0.027501379378466195,0,66.03780768928746,1878.53765841735,1502.4324642480633,63369.13989982141,54834.90970955358,61151.974330357145,58061.261979166666,61539.73643200459,0.023980665936856976
2021-04-16,63258.50390625,63594.72265625,60222.53125,61572.7890625,84293007468,-0.027501379378466195,-0.014437688523377457,0,59.192509664665714,1826.0328341475833,1567.1525382279674,63524.230642735434,55239.74670101456,61627.37220982143,58151.32513020833,61547.999589628445,0.028097062098394226
2021-04-17,61529.921875,62572.17578125,60361.3515625,60683.8203125,66138759198,-0.014437688523377457,-0.0736215468265391,0,56.00088736570749,1693.1721987892379,1592.3564703402214,63481.07900076167,55756.20576486333,61754.59877232143,58245.48841145833,61331.95477034633,0.027925870185334236
2021-04-18,60701.88671875,61057.45703125,52829.53515625,56216.18359375,97468872758,-0.0736215468265391,-0.008750468945115109,0,43.35025051349394,1213.3910260151679,1516.563381475211,63605.43932877788,55478.443874347126,61184.77287946428,58174.47278645833,60053.01197619725,0.039830624352005746
2021-04-19,56191.5859375,57520.0546875,54368.59375,55724.265625,65344865159,-0.008750468945115109,0.013436976092944253,1,42.219339499925965,784.424958374344,1370.1356968550376,63769.4136208518,54995.12700414819,60589.17466517857,58088.16015625,58970.82538839794,0.039795386427433126
2021-04-20,55681.79296875,57062.1484375,53448.046875,56473.03125,67849323955,0.013436976092944253,-0.045454287638402646,0,44.58891929118862,499.13170784806425,1195.934899053643,63824.7350718741,54695.225475000894,59584.828125,58053.147135416664,58346.37685379846,0.028400946194571147
2021-04-21,56471.12890625,56757.97265625,53695.46875,53906.08984375,54926612466,-0.045454287638402646,-0.0397694659817468,0,38.72562126317772,65.15298961125518,969.7785171651655,64128.36842188644,53872.62024998857,58270.02734375,58032.378645833334,57236.30510128634,0.029917896376208727
2021-04-22,53857.10546875,55410.23046875,50583.8125,51762.2734375,74798630778,-0.0397694659817468,-0.012917150838772984,0,34.62996589739639,-446.6180042593114,686.4992128802701,64632.96394428464,52605.820821340356,56619.779017857145,57933.15625,55867.79718533976,0.028273217603303764
2021-04-23,51739.80859375,52120.79296875,47714.6640625,51093.65234375,86668667320,-0.012917150838772984,-0.02040928977310741,0,33.442025233921896,-895.8258160039477,370.0342071034266,65139.33989549746,51448.42104200254,55122.759486607145,57877.13580729167,54674.26097494232,0.02884878629337949
2021-04-24,51143.2265625,51167.5625,48805.28515625,50050.8671875,49014494781,-0.02040928977310741,-0.02091099195802515,0,31.6201998639103,-1320.7455577155124,31.878254139638784,65581.7302422352,50135.26194526481,53603.76618303572,57822.026041666664,53518.412528081746,0.028538918909717784
2021-04-25,50052.83203125,50506.01953125,47159.484375,49004.25390625,46117114240,-0.02091099195802515,0.10238907033660749,1,29.861843586940765,-1722.0991720027523,-318.91723108883946,65959.84930862277,48751.78037887722,52573.490513392855,57617.59075520833,52389.87287262381,0.019708709884375838
2021-04-26,49077.79296875,54288.00390625,48852.796875,54021.75390625,58284039825,0.10238907033660749,0.018721407731506323,1,45.50668923892957,-1616.6685373616638,-578.4674923434044,65861.56599160013,48433.00314902487,52330.27455357143,57552.53216145833,52797.843131030364,0.05041930084557013
2021-04-27,54030.3046875,55416.96484375,53319.1875,55033.1171875,49448222757,0.018721407731506323,-0.003787066282106566,0,48.02337779073956,-1434.964062858111,-749.7668064463458,65847.55344863536,48345.43366073964,52124.572544642855,57521.94453125,53356.661645147775,0.05075146972189622
2021-04-28,55036.63671875,56227.20703125,53887.91796875,54824.703125,48000572955,-0.003787066282106566,-0.02315733013830157,0,47.53616915280324,-1292.875763741562,-858.3885979053891,65707.28524620523,48135.77686316977,52255.803013392855,57424.427994791666,53723.67201511083,0.04721045244901479
2021-04-29,54858.08984375,55115.84375,52418.02734375,53555.109375,46088929780,-0.02315733013830157,0.07833176806484676,1,44.56979868710607,-1268.0975292343937,-940.3303841711901,65568.80239766085,47805.27025858915,52511.92243303572,57245.67526041667,53681.53135508313,0.045050936736037064
2021-04-30,53568.6640625,57900.71875,53129.6015625,57750.17578125,52395931985,0.07833176806484676,0.0013484807439372304,1,54.641799887331715,-899.5839566377836,-932.1810986645089,65367.843461415105,47801.9233354599,53462.85435267857,57206.720052083336,54698.69246162485,0.05150415707346831
2021-05-01,57714.6640625,58448.33984375,57052.2734375,57828.05078125,42836427360,0.0013484807439372304,-0.020698824187899145,0,54.80597007133944,-594.3985768924322,-864.6245943100937,65113.117280782564,47818.95810984244,54573.880580357145,57164.46145833333,55481.03204153114,0.04935965574579817
2021-05-02,57825.86328125,57902.59375,56141.90625,56631.078125,38177405335,-0.020698824187899145,0.010051280367532334,1,51.708068325462825,-444.0044476544208,-780.5005649789592,64807.12771592727,47798.71017469773,55663.42689732143,57072.68697916667,55768.54356239836,0.04932907890996623
2021-05-03,56620.2734375,58973.30859375,56590.87109375,57200.29296875,51713139031,0.010051280367532334,-0.06760024652955021,0,53.066687222487715,-275.706957751092,-679.5418435333858,63843.69953550775,48131.82194886725,56117.50390625,57059.233723958336,56126.48091398627,0.03425392565779268
2021-05-04,57214.1796875,57214.1796875,53191.42578125,53333.5390625,68564706967,-0.06760024652955021,0.07669599321369813,1,44.00896102314254,-449.1669914279555,-633.4668731122997,62711.763072369205,48286.14278700579,55874.70703125,56878.39986979167,55428.24545111471,0.04414855817805414
2021-05-05,53252.1640625,57911.36328125,52969.0546875,57424.0078125,69241316747,0.07669599321369813,-0.01789307689659958,0,53.12400802436383,-253.64481563144363,-557.5024616161285,61545.10310947717,48863.802359272835,56246.03627232143,56823.9375,55927.186041461035,0.05357828434710679
2021-05-06,57441.30859375,58363.31640625,55382.5078125,56396.515625,69523285106,-0.01789307689659958,0.017020319573156195,1,50.88319859869601,-179.5325752993449,-481.9084843527718,60612.11683812952,49279.161286870476,56651.951450892855,56764.07604166667,56044.51843734578,0.05310532950353591
2021-05-07,56413.953125,58606.6328125,55321.84765625,57356.40234375,68434023376,0.017020319573156195,0.02523475916996243,1,52.8826951840862,-42.84931456566119,-394.0966503953497,59934.38837472589,49624.147953399115,56595.69810267857,56807.658203125,56372.48941394684,0.04395650260193222
2021-05-08,57352.765625,59464.61328125,56975.2109375,58803.77734375,65382980634,0.02523475916996243,-0.009718099130935132,0,55.80426783632546,180.18713546290383,-279.239893223699,60324.79940126111,49492.49630186389,56735.087611607145,56823.65234375,56980.31139639763,0.04500713918707386
2021-05-09,58877.390625,59210.8828125,56482.00390625,58232.31640625,65906690347,-0.009718099130935132,-0.04074231762821234,0,54.37078653649904,307.29075075066066,-161.93376442882712,60632.98801162987,49435.11276962014,56963.8359375,56823.22942708333,57293.31264886072,0.044217392523941225
2021-05-10,58250.87109375,59519.35546875,54071.45703125,55859.796875,71776546298,-0.04074231762821234,0.01512317249631967,1,48.76958027434723,214.11064911571157,-86.72488171991938,60577.1289051904,49429.6484385596,56772.33649553572,56692.11484375,56934.933705395546,0.047278949643974125
2021-05-11,55847.2421875,56872.54296875,54608.65234375,56704.57421875,61308396325,0.01512317249631967,-0.1332174549686006,0,50.71644218008588,206.05593424085237,-28.16871852776503,60740.29945035926,49546.32633089073,57253.91294642857,56575.43515625,56877.343833734165,0.0376275146561567
2021-05-12,56714.53125,57939.36328125,49150.53515625,49150.53515625,75215403907,-0.1332174549686006,0.011508648851976444,1,37.128898567189516,-405.2043622763813,-103.57584727748828,61025.58205494614,48999.869898178855,56071.98828125,56217.337890625,54945.641664363124,0.054782001242486444
2021-05-13,49735.43359375,51330.84375,46980.01953125,49716.19140625,96721152926,0.011508648851976444,0.00330563837155351,1,38.458490475039255,-834.3707129690738,-249.73482041580542,61162.7187664807,48724.9870928943,55117.65625,55757.762369791664,53638.27909983484,0.05613449328312845
2021-05-14,49682.98046875,51438.1171875,48868.578125,49880.53515625,55737497453,0.00330563837155351,-0.06255641898138342,0,38.86302586461734,-1147.993614930936,-429.38657931883154,61181.38929350534,48689.28336274466,54049.67522321428,55316.790364583336,52698.84311393864,0.05500158704269968
2021-05-15,49855.49609375,50639.6640625,46664.140625,46760.1875,59161047474,-0.06255641898138342,-0.0065040138312105755,0,34.258441328984475,-1629.54363759415,-669.4179909738953,61553.20605640297,48093.05995922204,52329.162388392855,54764.99622395833,51214.17921045398,0.053390364601591106
2021-05-16,46716.63671875,49720.04296875,43963.3515625,46456.05859375,64047871555,-0.0065040138312105755,-0.06282381595309616,0,33.837624494604626,-2012.517116389041,-938.0378160569245,62099.56123099091,46790.13525338409,50646.83984375,54261.105208333334,50024.64905627799,0.05361622692316502
2021-05-17,46415.8984375,46623.55859375,42207.2890625,43537.51171875,74903638450,-0.06282381595309616,-0.014426855146374762,0,30.02594912454994,-2522.4514488763307,-1254.9205426208057,62869.95282505361,44870.18311244639,48886.513392857145,53689.56158854167,48402.86472189599,0.054956193342657916
2021-05-18,43488.05859375,45812.45703125,42367.83203125,42909.40234375,56187365084,-0.014426855146374762,-0.13766122609163733,0,29.26198475332633,-2943.3323552538204,-1592.6029051474088,63444.02052812396,43104.585331251044,46915.77455357143,53246.002213541666,47029.499127359486,0.05162415374779667
2021-05-19,42944.9765625,43546.1171875,30681.49609375,37002.44140625,126358098747,-0.13766122609163733,0.10216344466291027,1,23.266537087216832,-3710.750663182007,-2016.2324567543285,64841.11074087099,40052.228321629016,45180.33258928572,52621.94140625,44522.73469708211,0.053001772243124384
2021-05-20,36753.66796875,42462.984375,35050.6171875,40782.73828125,88281943359,0.10216344466291027,-0.08528232829817228,0,32.76129064891238,-3968.154422519685,-2406.6168499074,64725.64530449085,38470.950008009146,43904.125,52098.931640625,43587.73559312408,0.07411429011394552
2021-05-21,40596.94921875,42172.171875,33616.453125,37304.69140625,82051616861,-0.08528232829817228,0.006217486259949112,1,29.183385831013595,-4402.053934279749,-2805.70426678187,64757.1444778955,36387.1148971045,42107.575892857145,51545.55169270833,42016.97454640556,0.07591720218227942
2021-05-22,37371.03125,38831.0546875,35383.68359375,37536.6328125,57377273240,0.006217486259949112,-0.0736893688644572,0,29.734494816197312,-4673.3353890429935,-3179.2304912340946,64591.09536799532,34643.71947575468,40789.92522321428,51071.363671875,40896.889112929166,0.07667947035614507
2021-05-23,37531.44921875,38289.21875,31227.33984375,34770.58203125,78469274361,-0.0736893688644572,0.11318183957815453,1,27.032666403784432,-5053.27407958066,-3554.039208903408,64363.05852825069,32628.785221749313,39120.57142857143,50527.261328125,39365.31234250937,0.07769016087232185
2021-05-24,34700.36328125,39835.140625,34551.08203125,38705.98046875,67359584098,0.11318183957815453,-0.007847826326095597,0,35.94990201717037,-4979.424755733184,-3839.1163182693635,64016.14243302435,31512.945457600646,38430.35267857143,50149.0984375,39200.479374069524,0.09487171722522333
2021-05-25,38795.78125,39776.3515625,36581.4296875,38402.22265625,56211915803,-0.007847826326095597,0.023227211885217036,1,35.588381100796425,-4889.051410060849,-4049.103336627661,62918.29041606673,30708.61895893327,37786.46986607143,49795.69739583333,39000.91519461464,0.09488533147183352
2021-05-26,38392.625,40782.078125,37905.8359375,39294.19921875,51346735160,0.023227211885217036,-0.021815700174415475,0,37.57362781214513,-4691.375571171571,-4177.557783536443,61750.16177507316,30166.51595930184,38113.86383928572,49304.77890625,39074.23620064848,0.07715996488620541
2021-05-27,39316.890625,40379.6171875,37247.90234375,38436.96875,43210968721,-0.021815700174415475,-0.07126897282320166,0,36.41211238023687,-4551.421426287714,-4252.330512086697,60215.43439657771,29809.299978422292,37778.75390625,48751.573958333334,38914.91933798636,0.0662402209012299
2021-05-28,38507.08203125,38856.96875,34779.0390625,35697.60546875,55200191952,-0.07126897282320166,-0.03029724398312339,0,32.91090092413711,-4608.4273987287015,-4323.549889415099,58178.60387114233,29535.51331635767,37549.170200892855,48114.00403645833,38110.59087067727,0.06362513787306796
2021-05-29,35684.15625,37234.5,33693.9296875,34616.06640625,45231013335,-0.03029724398312339,0.03068120125307594,1,31.61823199243554,-4686.849126866466,-4396.209736905372,55915.542388436224,29436.949799063772,37131.94642857143,47482.70260416667,37236.95975457045,0.06408840190553455
2021-05-30,34607.40625,36400.66796875,33520.73828125,35678.12890625,31646080921,0.03068120125307594,0.04637929771620186,1,34.34535993405305,-4610.156331226637,-4438.999055769626,53760.11501276257,29574.21037786243,37261.595982142855,46746.96770833333,36847.25204249034,0.05865429800752598
2021-05-31,35658.59375,37468.25,34241.9453125,37332.85546875,39009847639,0.04637929771620186,-0.017355481635803582,0,38.46312418192415,-4365.531009642989,-4424.305446544298,50749.41531191506,30647.73820370995,37065.435267857145,46063.79453125,36968.652899055254,0.04088563032791068
2021-06-01,37293.79296875,37896.734375,35787.0859375,36684.92578125,34639423297,-0.017355481635803582,0.02426756732611457,1,37.47208630856423,-4175.810051739638,-4374.606367583367,49477.4343516673,30673.158226457694,36820.107142857145,45398.92278645833,36897.721119603935,0.04117536911467289
2021-06-02,36699.921875,38231.33984375,35966.30859375,37575.1796875,33070867190,0.02426756732611457,0.043475133082156336,1,39.76844875017825,-3908.5632910405548,-4281.397752274805,47810.12219255432,31126.36921369568,36574.532924107145,44744.75234375,37067.085761577946,0.04129920581574032
2021-06-03,37599.41015625,39478.953125,37243.97265625,39208.765625,35460750427,0.043475133082156336,-0.05902658087058821,0,43.84390450328259,-3524.325346292957,-4129.983271078435,45774.127115864576,32095.187337260424,36684.78962053572,44273.9265625,37602.50572743346,0.04429839435515002
2021-06-04,39242.484375,39242.484375,35717.72265625,36894.40625,41831090187,-0.05902658087058821,-0.03638625350557034,0,39.741231108659726,-3367.7422303648564,-3977.5350629357195,44305.64578089791,32577.09054722709,36855.76116071428,43589.60651041667,37425.48085807509,0.04096139919205612
2021-06-05,36880.15625,37917.71484375,34900.4140625,35551.95703125,35959473399,-0.03638625350557034,0.008731498936251025,1,37.54651139077884,-3313.774288266024,-3844.7829080017805,42589.07736819357,33203.24880368143,36989.45982142857,42894.787890625,36957.09990136882,0.041900839295339824
2021-06-06,35538.609375,36436.421875,35304.578125,35862.37890625,28913440585,0.008731498936251025,-0.06418068028941804,0,38.39374214627904,-3208.96490441919,-3717.6193072852625,41499.468090463015,33525.34480016199,37015.78125,42178.32044270833,36683.41965258911,0.040416703769934274
2021-06-07,35835.265625,36790.5703125,33480.640625,33560.70703125,33683936663,-0.06418068028941804,-0.0026243254847995168,0,34.64129249280188,-3273.8890420956595,-3628.873254247342,40555.00760942396,33534.93574995104,36476.90290178572,41336.884765625,35902.74149725433,0.04151614343095181
2021-06-08,33589.51953125,34017.38671875,31114.443359375,33472.6328125,49902050442,-0.0026243254847995168,0.11569117681725527,1,34.502331488052164,-3294.472118499216,-3561.993027097717,40708.756757372845,33028.20574262715,36018.00390625,40511.56197916667,35295.21432606574,0.04171151497428154
2021-06-09,33416.9765625,37537.37109375,32475.865234375,37345.12109375,53972919008,0.11569117681725527,-0.01720501684509279,0,44.95733750980065,-2964.1381745162507,-3442.422056581424,40104.04801898876,33289.152762261234,35985.138392857145,39894.40611979167,35807.69101798681,0.06361382095659471
2021-06-10,37389.515625,38334.32421875,35847.59375,36702.59765625,43576032854,-0.01720501684509279,0.01721406171757467,1,43.71061748991578,-2722.8056074410924,-3298.498766753358,40062.5414077624,33270.4499984876,35627.11439732143,39227.673567708334,36031.41767755261,0.06090798779928332
2021-06-11,36697.03125,37608.6953125,36044.44921875,37334.3984375,38699736985,0.01721406171757467,-0.047727642256857994,0,45.31645241666649,-2452.2981993202047,-3129.2586532667274,40043.197905342124,33269.57006340788,35689.970424107145,38833.80234375,36357.16286753945,0.05691891779102911
2021-06-12,37340.14453125,37408.92578125,34728.19140625,35552.515625,37924228550,-0.047727642256857994,0.09972131894675185,1,41.702976749835145,-2354.5602754440624,-2974.3189777021944,40011.630480263535,33379.33084786147,35690.05022321428,38361.67981770833,36156.00105690459,0.058370940014545486
2021-06-13,35555.7890625,39322.78125,34864.109375,39097.859375,40669112838,0.09972131894675185,0.028661855288592664,1,50.209960378374305,-1968.332938783904,-2773.1217699185363,40082.7409696224,33347.4082491276,36152.26171875,38002.25729166667,36891.46563642844,0.06936740322067796
2021-06-14,39016.96875,40978.36328125,38757.28515625,40218.4765625,43148914673,0.028661855288592664,0.004669320789865594,1,52.56610331425355,-1553.9080653175843,-2529.279028998346,40438.19514875021,33173.579460624795,37103.37165178572,37784.20026041667,37723.21836794633,0.06009124736414746
2021-06-15,40427.16796875,41295.26953125,39609.46875,40406.26953125,46420149185,0.004669320789865594,-0.05096256237308472,0,52.96776601232802,-1196.5272231822382,-2262.7286678351247,40674.03648815391,33048.94515247109,38093.89118303572,37582.540625,38393.98115877224,0.05953898891093952
2021-06-16,40168.69140625,40516.77734375,38176.03515625,38347.0625,39211635100,-0.05096256237308472,-0.007655308506355651,0,48.15273563606196,-1067.1595775840833,-2023.6148497849165,40662.305237617664,33051.68577800733,38237.025669642855,37409.525651041666,38382.25149407918,0.05177889413909266
2021-06-17,38341.421875,39513.671875,37439.67578125,38053.50390625,37096670047,-0.007655308506355651,-0.0595545108824469,0,47.48995681970163,-977.0595769435458,-1814.3037952166424,40775.10212509388,33174.47873428112,38430.01227678572,37247.662369791666,38300.064597121884,0.051221910190493984
2021-06-18,38099.4765625,38187.26171875,35255.85546875,35787.24609375,36200887275,-0.0595545108824469,-0.004788717174578294,0,42.61360401959019,-1076.1179252799484,-1666.6666212293035,40720.89451478379,33345.80431334121,38208.990513392855,37207.155859375,37671.85997127891,0.05644165557702383
2021-06-19,35854.52734375,36457.796875,34933.0625,35615.87109375,31207279719,-0.004788717174578294,0.002314299179515533,1,42.2602191701406,-1155.135230383632,-1564.3603430601693,40722.454629434695,33338.01841744031,38218.041294642855,37034.926953125,37157.862751896675,0.05322680403862588
2021-06-20,35563.140625,36059.484375,33432.07421875,35698.296875,36664034054,0.002314299179515533,-0.11265533282181261,0,42.50717178055844,-1197.3041651613457,-1490.9491074804048,40682.44133611334,33214.57585138665,37732.38950892857,36981.38046875,36792.97128267251,0.03158315249243133
2021-06-21,35641.14453125,35721.640625,31295.935546875,31676.693359375,52809038594,-0.11265533282181261,0.02616961270137308,1,34.70740676346426,-1537.5096889240958,-1500.261223769143,41083.97679292566,32312.21715238683,36512.134765625,36786.049153645836,35513.90180184813,0.04373456785276432
2021-06-22,31622.376953125,33292.453125,28893.62109375,32505.66015625,58964353058,0.02616961270137308,0.0374509295196066,1,37.26285239433188,-1720.4025948117269,-1544.28949797766,41171.18338214616,31718.05861004134,35383.476283482145,36710.5517578125,34761.8413904486,0.04739507865829892
2021-06-23,32515.71484375,34753.41015625,31772.6328125,33723.02734375,46317108925,0.0374509295196066,0.027856637741157764,1,40.91976103061824,-1746.9771175748392,-1584.8270218970958,40859.97948868356,31480.68867537894,34722.89983258928,36544.4533203125,34502.137878773945,0.052279406146660864
2021-06-24,33682.80078125,35228.8515625,32385.21484375,34662.4375,33123368116,0.027856637741157764,-0.0872604012088013,0,43.64940610610792,-1672.9503395536376,-1602.4516854284043,40780.26627713973,31337.20501192276,34238.46177455357,36419.79381510417,34542.21278408045,0.05498576302224388
2021-06-25,34659.10546875,35487.24609375,31350.884765625,31637.779296875,40230904226,-0.0872604012088013,0.017336806155961115,1,37.622226076079144,-1837.170465973737,-1649.395441537471,40961.77657853308,30764.27693709192,33645.68080357143,36164.579817708334,33816.104412279084,0.05977725115232397
2021-06-26,31594.6640625,32637.587890625,30184.501953125,32186.27734375,38585385521,0.017336806155961115,0.07653470332064805,1,39.260147346246,-1901.1417126664164,-1699.74469576326,41023.920892378475,30334.52246699653,33155.73883928572,35956.2234375,33408.64764514681,0.061031088348832904
2021-06-27,32287.5234375,34656.12890625,32071.7578125,34649.64453125,35511640894,0.07653470332064805,-0.006213875976586625,0,46.104808039749265,-1733.088278876734,-1706.4134123859549,41012.71551253307,30454.62159684194,33005.931361607145,35921.29140625,33718.89686667261,0.06987706609569899
2021-06-28,34679.12109375,35219.890625,33902.07421875,34434.3359375,33892523752,-0.006213875976586625,0.04162825758718758,1,45.62090430369319,-1598.8478037124369,-1684.9002906512512,40994.64969864526,30568.857723229732,33399.88030133928,35915.233723958336,33897.75663437945,0.050775132699985404
2021-06-29,34475.55859375,36542.109375,34252.484375,35867.77734375,37901460044,0.04162825758718758,-0.02305527321430456,0,49.42663352726499,-1361.1045522593558,-1620.1411429728723,40871.71413785833,30544.05890901666,33880.18275669643,35921.555338541664,34390.26181172209,0.051763601181843526
2021-06-30,35908.38671875,36074.7578125,34086.15234375,35040.8359375,34059036099,-0.02305527321430456,-0.04191448950075438,0,47.36713040169118,-1225.294144898573,-1541.1717433580127,40775.39086562396,30474.206009376045,34068.441127232145,35845.1546875,34552.90534316657,0.052501293062583845
2021-07-01,35035.984375,35035.984375,32883.78125,33572.1171875,37838957079,-0.04191448950075438,0.00967855812266083,1,43.87070235256379,-1222.0892628364381,-1477.3552472536978,40598.58406304385,30274.784686956147,33912.68108258928,35741.39440104167,34307.70830424992,0.05440158047878657
2021-07-02,33549.6015625,33939.58984375,32770.6796875,33897.046875,38728974942,0.00967855812266083,0.022760094790705843,1,44.84076809420763,-1179.7310552340641,-1417.8304088497712,40558.64109113821,30149.180783861782,34235.43359375,35618.78997395833,34205.04294693744,0.039852898073744085
2021-07-03,33854.421875,34909.26171875,33402.6953125,34668.546875,24383958643,0.022760094790705843,0.017861561294527206,1,47.175197074529834,-1071.5560372523396,-1348.5755345302848,40050.12186541256,30214.76875958744,34590.04352678572,35467.44934895833,34320.918928953084,0.040058541890034216
2021-07-04,34665.56640625,35937.56640625,34396.4765625,35287.78125,24924307911,0.017861561294527206,-0.043691535402215154,0,49.03943152763837,-925.1944515144787,-1263.8993179271238,39218.543486776485,30553.277606973512,34681.20591517857,35413.895182291664,34562.63450921481,0.028662250468506786
2021-07-05,35284.34375,35284.34375,33213.66015625,33746.00390625,26721554282,-0.043691535402215154,0.014496276584600176,1,44.80013983625239,-922.9709522011763,-1195.7136447819344,38087.45828172844,31018.33624952156,34582.872767857145,35353.69674479167,34358.47685847361,0.033716874389974234
2021-07-06,33723.5078125,35038.53515625,33599.91796875,34235.1953125,26501259870,0.014496276584600176,-0.011095808977648836,0,46.38388413600408,-871.6868909619661,-1130.9082940179408,37423.84352080688,31270.764291693133,34349.646763392855,35299.457291666666,34327.656471980205,0.029049726485485244
2021-07-07,34225.6796875,34997.6640625,33839.2890625,33855.328125,24796027477,-0.011095808977648836,-0.028886355129662422,0,45.29707106249833,-851.8761127436519,-1075.101857763083,36704.508972649,31570.281261726006,34180.28850446428,35309.277994791664,34209.57438523515,0.028238106410895313
2021-07-08,33889.60546875,33907.90625,32133.18359375,32877.37109375,29910396946,-0.028886355129662422,0.02800225791699673,1,42.53397258708926,-904.6605241795114,-1041.0135910463687,36497.60092633286,31486.20180804214,34081.0390625,35289.4359375,33876.523562363865,0.02567896533150995
2021-07-09,32861.671875,34042.29296875,32318.880859375,33798.01171875,27436021028,0.02800225791699673,-0.008210311003178261,0,45.88079519274331,-862.2648932625452,-1005.263851489604,36293.81997861352,31508.19681826148,34066.89118303572,35171.198958333334,33856.8956014604,0.027981454447332587
2021-07-10,33811.2421875,34209.0703125,33116.01171875,33520.51953125,22971873468,-0.008210311003178261,0.021469475378479208,1,45.02953122173829,-841.3586914812986,-972.482819487943,36041.79179596965,31542.447266530347,33902.88727678572,35065.1296875,33772.80158390779,0.0261573332710335
2021-07-11,33509.078125,34584.703125,33346.73828125,34240.1875,20108729370,0.021469475378479208,-0.031668630428790756,0,47.73777235429831,-757.9816448124475,-929.5825845528439,35955.1056987738,31885.482777788697,33753.23102678572,34961.98932291667,33889.64806293084,0.026701360156884024
2021-07-12,34254.015625,34592.15625,32697.30859375,33155.84765625,24321499537,-0.031668630428790756,-0.013687548281983153,0,44.204008914936736,-770.5198249030946,-897.7700326228941,35915.6760085345,31989.931218027996,33668.92299107143,34882.100390625,33706.19796126063,0.023968633496656126
2021-07-13,33125.46875,33327.1015625,32261.419921875,32702.025390625,19120856669,-0.013687548281983153,0.003679352094793975,1,42.77679639258813,-807.7646786433033,-879.768961826976,35937.625170668776,31865.881860581227,33449.898716517855,34668.905924479164,33455.154818601724,0.02303158835989838
2021-07-14,32723.845703125,33061.3984375,31639.125,32822.34765625,21376531210,0.003679352094793975,-0.031734999531688124,0,43.29950389457432,-818.1414667529534,-867.4434628121714,35866.01006389751,31753.48798297749,33302.330078125,34422.36829427083,33296.95302801379,0.023194928130289158
2021-07-15,32827.875,33159.640625,31175.708984375,31780.73046875,21300524237,-0.031734999531688124,-0.011302175908234458,0,39.90150911937791,-900.0398488416686,-873.9627400180709,35843.691558483166,31790.10160557934,33145.66713169643,34134.850325520834,32917.89738819784,0.023719573210397398
2021-07-16,31841.55078125,32218.40625,31100.673828125,31421.5390625,23699476918,-0.011302175908234458,0.003549453661488622,1,38.77156845102661,-982.6018290525899,-895.6905578249748,35950.71246184992,31606.606874087578,32806.17103794643,33903.99954427083,32543.807806773377,0.018874968433073486
2021-07-17,31397.30859375,31935.9453125,31223.990234375,31533.068359375,18895018942,0.003549453661488622,0.008363987433579023,1,39.34591508924249,-1027.1924755747896,-921.9909413749378,35963.23595415868,31282.42576459132,32522.249441964286,33686.651692708336,32291.122944923784,0.019592104938047913
2021-07-18,31533.884765625,32398.99609375,31215.4921875,31796.810546875,18787986667,0.008363987433579023,-0.030788575922789052,0,40.76106839178763,-1029.383007316399,-943.4693545632301,35928.80047172297,31053.108707964526,32173.19559151786,33553.63717447917,32167.544845411587,0.016653635126877713
2021-07-19,31800.01171875,31885.859375,30563.734375,30817.83203125,20434789545,-0.030788575922789052,-0.03278895069501786,0,37.28377340370619,-1097.4635276502377,-974.2681891806317,35685.35998455454,30791.55466388295,31839.193359375,33393.7025390625,31830.11664187119,0.01646860783557614
2021-07-20,30838.28515625,31006.1875,29360.955078125,29807.34765625,23148267245,-0.03278895069501786,0.07727442675168827,1,34.05445386368305,-1218.9046999613565,-1023.1954913367767,35700.42525284033,30253.140567472172,31425.66796875,33197.337565104164,31324.424395465892,0.018576077404179006
2021-07-21,29796.28515625,32752.326171875,29526.18359375,32110.693359375,28203024559,0.07727442675168827,0.006303573302191001,1,45.61733042112532,-1116.4175885602563,-1041.8399107814728,35637.94061488249,30169.482822617498,31324.003069196428,33211.80423177083,31520.99163644317,0.03909051051012733
2021-07-22,32138.873046875,32576.400390625,31745.298828125,32313.10546875,19555230518,0.006303573302191001,0.03925482537500802,1,46.5050086946724,-1007.2518761612737,-1034.922303857433,35530.68152330701,30118.34777356799,31400.056640625,33205.3857421875,31719.020094519878,0.03693175210562512
2021-07-23,32305.958984375,33581.55078125,32057.892578125,33581.55078125,22552046192,0.03925482537500802,0.021169199000986128,1,51.81316177820629,-809.0580095961268,-989.7494450051719,35367.481405187835,30172.84828231216,31708.629743303572,33200.66985677083,32184.65276620241,0.038587670848897054
2021-07-24,33593.73046875,34490.390625,33424.859375,34292.4453125,21664706865,0.021169199000986128,0.030844758309330533,1,54.53596587680153,-587.8483451551001,-909.3692250351576,35155.95454906053,30284.841544689476,32102.82645089286,33188.33678385417,32711.60090277681,0.03865867096961413
2021-07-25,34290.29296875,35364.92578125,33881.8359375,35350.1875,20856685287,0.030844758309330533,0.05621887171744144,1,58.31058473064665,-323.4585093946953,-792.1870819070651,35461.24370363152,30139.970749493477,32610.451729910714,33312.083723958334,33371.247552082605,0.03917036868657104
2021-07-26,35384.03125,40499.67578125,35287.3125,37337.53515625,51022126212,0.05621887171744144,0.055424286615063156,1,64.3067067253948,45.90551694914757,-624.5685621358226,36224.95589463685,29686.49254286315,33541.837890625,33483.792317708336,34362.81945312445,0.035522266289977296
2021-07-27,37276.03515625,39406.94140625,36441.7265625,39406.94140625,35097370560,0.055424286615063156,0.014945713184850051,1,69.26403916130234,499.8509875382151,-399.68465220101507,37539.283848484236,28927.325917140774,34913.20842633928,33642.368880208334,35623.84994140584,0.024009540580310428
2021-07-28,39503.1875,40816.0703125,38862.4375,39995.90625,38702404695,0.014945713184850051,0.00031292265067750513,1,70.51900487488966,896.7929137115498,-140.38913901850208,38800.36751516882,28378.095766081184,36039.66741071428,33827.754557291664,36716.86401855438,0.019397919157704488
2021-07-29,39995.453125,40593.0703125,39352.05859375,40008.421875,27167146027,0.00031292265067750513,0.055666404612466414,1,70.54652620653678,1198.5658354859625,127.40185588239083,39816.06248416902,27983.441812705983,37138.998325892855,33965.776041666664,37539.75348266579,0.020803001582120347
2021-07-30,40027.484375,42235.546875,38397.35546875,42235.546875,33072782960,0.055666404612466414,-0.014427457617713135,0,75.01608393834795,1599.0011350472778,421.72171171536826,41271.751942674746,27399.255088575257,38375.283482142855,34205.59973958333,38713.701830749334,0.02270430439669425
2021-07-31,42196.3046875,42231.44921875,41110.83203125,41626.1953125,25802845343,-0.014427457617713135,-0.039669750474507826,0,71.80543115376146,1845.9010184922154,706.5575730707378,42333.37070968851,27076.237102811498,39422.96205357143,34474.069010416664,39441.825201187,0.02903366813538023
2021-08-01,41460.84375,42541.6796875,39540.94140625,39974.89453125,26688438115,-0.039669750474507826,-0.019335866368471732,0,63.832406436570125,1886.5774914220965,942.5615567410096,42970.71400496306,27120.798495036935,40083.634486607145,34676.66393229167,39575.09253370275,0.03868386111471496
2021-08-02,39907.26171875,40419.1796875,38746.34765625,39201.9453125,25595265436,-0.019335866368471732,-0.02675797936526192,0,60.44892456009167,1835.287297590272,1121.1067049108622,43416.78434051474,27324.720151672747,40349.978794642855,34827.77721354167,39481.80572840206,0.036855054459650066
2021-08-03,39178.40234375,39750.03125,37782.05078125,38152.98046875,26189830450,-0.02675797936526192,0.041792893187100555,1,56.102803170202726,1690.5096106412311,1234.987286056936,43681.148728231026,27593.419045206476,40170.841517857145,34923.283854166664,39149.59941348904,0.031810819995231374
2021-08-04,38213.33203125,39952.296875,37589.1640625,39747.50390625,25372562724,0.041792893187100555,0.02822946527400849,1,60.725339857928134,1685.01318299579,1324.9924654447068,44065.14606046697,28006.099056720526,40135.35546875,35123.33385416667,39299.07553667928,0.03586168439489828
2021-08-05,39744.515625,41341.93359375,37458.00390625,40869.5546875,35185031017,0.02822946527400849,0.04763803587748594,1,63.62788153333944,1751.012760034304,1410.1965243626262,44507.7748571236,28508.271822563893,40258.37444196428,35344.479166666664,39691.695324384455,0.037463597640265425
2021-08-06,40865.8671875,43271.66015625,39932.1796875,42816.5,38226483046,0.04763803587748594,0.04062220829002827,1,68.04135312379846,1938.0791457763407,1515.773048645369,45179.73500411596,28964.654839634044,40341.36774553572,35643.184895833336,40472.89649328834,0.03568622535370308
2021-08-07,42832.796875,44689.859375,42618.56640625,44555.80078125,40030862141,0.04062220829002827,-0.017005273846830926,0,71.38217957233245,2201.3023975454344,1652.8789184253822,46061.14575906546,29359.143108122036,40759.8828125,36032.46588541667,41493.622565278754,0.037361661670526625
2021-08-08,44574.4375,45282.3515625,43331.91015625,43798.1171875,36302664750,-0.017005273846830926,0.058616336068955555,1,68.0451461368903,2322.0033776631535,1786.7038102729364,46481.11864641804,30237.198736394454,41306.05747767857,36365.802734375,42069.746220834066,0.033035003274014055
2021-08-09,43791.92578125,46456.83203125,42848.6875,46365.40234375,38734079049,0.058616336068955555,-0.016830892309838696,0,72.70181572960533,2594.905771955804,1948.34420260951,47024.014586825884,31350.108264736613,42329.408482142855,36793.965494791664,43143.660251563044,0.03322112217985411
2021-08-10,46280.84765625,46637.98828125,44705.5546875,45585.03125,33546019517,-0.016830892309838696,0.00018877838873909702,1,69.39159316527663,2716.894788245423,2102.0543197366924,47461.70350114226,32259.85313948274,43391.13002232143,37172.126953125,43754.00300117228,0.03077878734001911
2021-08-11,45599.703125,46735.6328125,45351.7109375,45593.63671875,34319709073,0.00018877838873909702,-0.02555943636254754,0,69.4081347051712,2782.1949405293635,2238.082443895227,47679.52349993602,33370.08626568899,44226.29185267857,37586.719921875,44213.9114305667,0.031268108033392535
2021-08-12,45576.87890625,46228.91015625,43861.4453125,44428.2890625,33723620826,-0.02555943636254754,0.07574073458615982,1,64.33747048904405,2708.687897056341,2332.20353452745,47656.4637211124,34477.81987263761,44734.68247767857,37977.595377604164,44267.50583855002,0.035315723132882705
2021-08-13,44439.69140625,47831.9765625,44282.41796875,47793.3203125,31744259539,0.07574073458615982,-0.01457055076832292,0,70.93947990721227,2888.664211747775,2443.495669971515,48181.55043460343,35302.82065914657,45445.65680803572,38476.62779947917,45148.95945703751,0.0410968867875222
2021-08-14,47810.6875,48098.68359375,46177.6328125,47096.9453125,31211354442,-0.01457055076832292,-0.0010603958689597848,0,68.12866264213808,2941.20076358012,2543.036688693236,48465.37868265652,36193.66819234348,45808.677455357145,38987.168294270836,45635.95592090313,0.041000695148442734
2021-08-15,47096.66796875,47357.10546875,45579.58984375,47047.00390625,30988958446,-0.0010603958689597848,-0.02215910567498447,0,67.92081276816268,2944.859992425052,2623.4013494395995,48829.38934224243,36800.604407757564,46272.80412946428,39508.01712239583,45988.71791723985,0.03976176045548503
2021-08-16,47019.9609375,47998.09765625,45700.3203125,46004.484375,32776876610,-0.02215910567498447,-0.028456465011732934,0,63.561461240713555,2831.003300367098,2664.9217396250997,49098.80035021492,37190.94769666008,46221.244419642855,39990.39765625,45992.659531679885,0.035059777947080484
2021-08-17,45936.45703125,47139.5703125,44512.41796875,44695.359375,33451362600,-0.028456465011732934,0.002367765389513554,1,58.48517169594399,2605.105569548279,2652.9585056097358,49187.25500573147,37572.43835364353,46094.1484375,40420.349283854164,45668.33449250991,0.03621277925304061
2021-08-18,44686.75,45952.0625,44364.02734375,44801.1875,32194123075,0.002367765389513554,0.04277544261522093,1,58.771821290098735,2406.874484780841,2603.741701443957,49243.27606168155,37995.69386019345,45980.94140625,40886.4611328125,45451.54774438243,0.03624676730175687
2021-08-19,44741.8828125,46970.76171875,43998.31640625,46717.578125,37204312299,0.04277544261522093,0.056115872471717454,1,63.66450146516374,2377.0109270880566,2558.3955465727768,49584.90341323279,38102.269633642216,46307.982700892855,41450.135481770834,45768.05533953682,0.037990703686631565
2021-08-20,46723.12109375,49342.15234375,46650.70703125,49339.17578125,34706867452,0.056115872471717454,-0.008789842693618932,0,69.071732823532,2535.6554065784585,2553.8475185739135,50346.81304565535,38111.65804809466,46528.81919642857,42024.418229166666,46660.83544996511,0.03246390828655732
2021-08-21,49327.07421875,49717.01953125,48312.19921875,48905.4921875,40585205312,-0.008789842693618932,0.00850947690403503,1,67.28782681862349,2596.4573142951194,2562.369477718155,50789.74861963473,38561.78223974026,46787.18303571428,42577.497786458334,47221.99963434883,0.031952545031392283
2021-08-22,48869.10546875,49471.609375,48199.94140625,49321.65234375,25370975378,0.00850947690403503,0.004551674225862445,1,68.13820868936611,2647.702840619626,2579.4361502984493,51070.80991251706,39292.69164998293,47112.1328125,43102.16783854167,47746.91281169912,0.031813140305313854
2021-08-23,49291.67578125,50482.078125,49074.60546875,49546.1484375,34305053719,0.004551674225862445,-0.037137725293038826,0,68.61223017751493,2675.587738060538,2598.666467850867,50977.48281551757,40525.33554385743,47618.08482142857,43610.624609375,48196.72171814934,0.029200084222514085
2021-08-24,49562.34765625,49878.76953125,47687.1171875,47706.1171875,35361168834,-0.037137725293038826,0.02630002081428562,1,60.647973827722325,2520.160731918113,2582.965320664316,50647.478499482204,41651.201188017796,48048.193080357145,44022.488932291664,48074.070585487,0.03126690078700355
2021-08-25,47727.2578125,49202.87890625,47163.61328125,48960.7890625,32646349931,0.02630002081428562,-0.04122830434622349,0,63.738806118776054,2469.755440986948,2560.3233447288426,50501.58363072318,42606.219494276826,48642.421875,44409.93072916667,48295.75020474025,0.031628897575106264
2021-08-26,49002.640625,49347.58203125,46405.78125,46942.21875,32666549568,-0.04122830434622349,0.04508626296557394,1,56.10396042258962,2241.0932030381737,2496.477316390709,50316.94193620668,43203.43306379332,48674.513392857145,44661.106640625,47957.367341055186,0.034351527201922125
2021-08-27,46894.5546875,49112.78515625,46394.28125,49058.66796875,34511076995,0.04508626296557394,-0.003185280633781984,0,61.33367398131544,2205.2359092402694,2438.229034960621,50525.45547897216,43445.206239777835,48634.44084821428,44963.19869791667,48232.69249797889,0.03155098583944521
2021-08-28,49072.5859375,49283.50390625,48499.23828125,48902.40234375,28568103401,-0.003185280633781984,-0.0014839825657210204,0,60.75810541101564,2139.5460604329055,2378.492440055078,50553.44588085642,43927.64435351858,48633.99944196428,45259.664713541664,48400.11995942167,0.03137281904954165
2021-08-29,48911.25,49644.11328125,47925.85546875,48829.83203125,25889650240,-0.0014839825657210204,-0.0363476092875793,0,60.474281467104866,2057.9082786273284,2314.375607769528,50720.337610394854,44007.195592730146,48563.73939732143,45479.47421875,48507.547977378745,0.031169739209591745
2021-08-30,48834.8515625,48925.60546875,46950.2734375,47054.984375,31847007016,-0.0363476092875793,0.0023738850726162664,1,53.84893359775234,1828.9118185531406,2217.2828499262505,50697.82413580055,44176.704379824456,48207.85881696428,45660.433854166666,48144.40707678405,0.033684433492635
2021-08-31,47024.33984375,48189.55078125,46750.09375,47166.6875,34730363427,0.0023738850726162664,0.03562556399047523,1,54.18910334443868,1637.567128255083,2101.339705592017,50668.908342400806,44362.92525134919,48130.79743303572,45900.16028645833,47899.97718258804,0.03096525601120989
2021-09-01,47099.7734375,49111.08984375,46562.4375,48847.02734375,39139399125,0.03562556399047523,0.009840830417728652,1,59.075752247248595,1603.0356675143776,2001.678897976489,50599.33257698339,44874.374844891616,48114.54575892857,46221.66302083333,48136.73972287853,0.032508348458124524
2021-09-02,48807.84765625,50343.421875,48652.3203125,49327.72265625,39508070319,0.009840830417728652,0.014143210068944922,1,60.37783327443519,1596.0589563356043,1920.554909648312,50759.040931633004,44868.106724617,48455.33203125,46594.15442708333,48434.485456221395,0.026935049272185783
2021-09-03,49288.25,50982.2734375,48386.0859375,50025.375,43206179619,0.014143210068944922,-0.0016141808032423821,0,62.254867179272956,1628.05734444243,1862.0553966071357,51036.636509065116,44883.35411593489,48593.43303571428,46936.75013020833,48832.20784216604,0.021765360593754418
2021-09-04,50009.32421875,50545.58203125,49548.78125,49944.625,37471327794,-0.0016141808032423821,0.03621581213694158,1,61.88940841245869,1628.1323511421651,1815.2707875141418,51267.5966061742,44942.1561282008,48742.321986607145,47239.25247395833,49110.31213162453,0.021699004822220827
2021-09-05,49937.859375,51868.6796875,49538.59765625,51753.41015625,30322676319,0.03621581213694158,0.017006125728580734,1,66.61680569741247,1753.9274560221093,1803.0021212157353,51776.451538478024,45008.19377402197,49159.97600446428,47537.14947916667,49771.0866377809,0.02479469836881171
2021-09-06,51769.00390625,52700.94140625,51053.6796875,52633.53515625,38884105426,0.017006125728580734,-0.1106216071695616,0,68.65430015966614,1902.706498808133,1822.9429967342148,52207.747371506004,45370.715519118996,49956.911830357145,47806.40729166667,50486.69876739818,0.01489857823067855
2021-09-07,52660.48046875,52853.765625,43285.20703125,46811.12890625,65210059683,-0.1106216071695616,-0.015375366885328479,0,47.848657521508315,1533.12255513556,1764.978908414484,51930.703938434825,45848.753092815175,49906.11774553572,47906.841015625,49567.80630211114,0.05067303910719663
2021-09-08,46827.76171875,47334.0546875,44561.39453125,46091.390625,49007762488,-0.015375366885328479,0.006509485739778498,1,45.993147506240994,1168.6759836099081,1645.7183234535692,51999.454310820474,45717.38397042953,49512.455357142855,47897.707291666666,48698.70238283335,0.04832331840355223
2021-09-09,45774.7421875,47261.94921875,45669.73828125,46391.421875,38672657013,0.006509485739778498,-0.032495484247323514,0,46.91725708850301,893.7567924304385,1495.3260172489431,52020.13995391509,45401.92293670992,49092.98381696428,47924.58697916667,48121.88225587501,0.04814358450138287
2021-09-10,46396.6640625,47031.7421875,44344.484375,44883.91015625,39154666597,-0.032495484247323514,0.0070748487352050304,1,42.94140897360061,547.9216560513087,1305.8451450094162,52212.69138094315,44807.213306556856,48358.48883928572,47900.929427083334,47312.38923096876,0.04784690644403431
2021-09-11,44869.83984375,45969.29296875,44818.265625,45201.45703125,34499835245,0.0070748487352050304,0.019066033632592516,1,44.017578476710945,296.0554548306027,1103.8872069736535,52253.369517820116,44354.51563842989,47680.89341517857,47926.70169270833,46784.65618103906,0.04834220124436193
2021-09-12,45206.62890625,46364.87890625,44790.4609375,46063.26953125,27881980161,0.019066033632592516,-0.023884438158555232,0,46.94238402970309,164.099109659619,915.9295875108467,52151.26313699737,44108.334128627626,46868.01618303572,47869.03333333333,46604.30951859179,0.045793860929649335
2021-09-13,46057.21484375,46598.6796875,43591.3203125,44963.07421875,40969943253,-0.023884438158555232,0.0473592610325122,1,43.796610158328924,-28.92043481519795,726.9595830456377,52243.13603507834,43742.15693367166,45772.236049107145,47797.904296875,46194.000693631344,0.04349967261425323
2021-09-14,44960.05078125,47218.125,44752.33203125,47092.4921875,38652152880,0.0473592610325122,0.023015462091804384,1,50.68499285058625,-9.948895972782339,579.5778872419537,52142.62080847513,43655.84247277488,45812.43080357143,47799.420572916664,46418.623567098504,0.027543697028852576
2021-09-15,47098.0,48450.46875,46773.328125,48176.34765625,30484496466,0.023015462091804384,-0.008157286726135138,0,53.789485946762014,91.48962793192914,481.9602353799488,52182.70368943967,43739.17248243533,46110.28180803572,47871.816015625,46858.054589386375,0.027520144052148688
2021-09-16,48158.90625,48486.828125,47079.55859375,47783.359375,31764293754,-0.008157286726135138,-0.010795386730801604,0,52.498993446361744,138.57214555890823,413.28261741574073,52089.11079408229,43705.2345184177,46309.13002232143,47974.749348958336,47089.38078578978,0.028086337637524175
2021-09-17,47771.00390625,48160.921875,46832.5234375,47267.51953125,28727713711,-0.010795386730801604,0.021385589090024082,1,50.776947832779044,132.73137102952023,357.17236813849667,51989.49274607774,43641.364285172254,46649.64564732143,48056.96041666667,47133.91547215483,0.02424905667072238
2021-09-18,47273.52734375,48791.78125,47087.28515625,48278.36328125,28575630451,0.021385589090024082,-0.021089044077959085,0,53.963697426963435,207.27976567424776,327.1938476456469,51941.98914469834,43633.721011551665,47089.20368303572,48108.986588541666,47420.02742442862,0.024787947225670407
2021-09-19,48268.85546875,48328.3671875,46919.8046875,47260.21875,26967722648,-0.021089044077959085,-0.09344895316951951,0,50.42277639797222,182.1049582372143,298.17606976396036,51945.9678979911,43650.265695758906,47260.19642857143,48039.68802083333,47380.07525582146,0.02682527790451136
2021-09-20,47261.40625,47328.19921875,42598.9140625,42843.80078125,43909845642,-0.09344895316951951,-0.050185206746199196,0,38.593167520142764,-192.00101043267205,200.14065372463386,52256.06104657041,42907.883875304586,46957.443080357145,47837.631640625,46246.006637178594,0.04535364035929798
2021-09-21,43012.234375,43607.609375,39787.609375,40693.67578125,48701090088,-0.050185206746199196,0.07079311406361999,1,34.36598802781913,-654.4358746562866,29.225348048449774,52683.56854935634,41665.04121626866,46043.326450892855,47550.032421875,44857.923923196446,0.04101844716335516
2021-09-22,40677.953125,43978.62109375,40625.6328125,43574.5078125,38139709246,0.07079311406361999,0.0303064775724482,1,43.323407417948275,-779.4744709180304,-132.51461574484625,52515.61007631972,41257.678204930286,45385.92075892857,47350.977734375,44537.069895522334,0.05188470854088593
2021-09-23,43560.296875,44942.17578125,43109.33984375,44895.09765625,34244064430,0.0303064775724482,-0.04578111561282838,0,46.900877417625075,-763.2100847736001,-258.653709550597,52129.674367936634,41130.58617893836,44973.31194196428,47257.277083333334,44626.57683570425,0.05446443669228753
2021-09-24,44894.30078125,45080.4921875,40936.55859375,42839.75,42839345714,-0.04578111561282838,-0.002874812528084303,0,42.413632636958006,-905.7291384664422,-388.06879533376605,51789.99433966874,40759.77870720626,44340.7734375,47053.242447916666,44179.87012677818,0.05638061750455027
2021-09-25,42840.890625,42996.2578125,41759.921875,42716.59375,31604717236,-0.002874812528084303,0.011516492054097771,1,42.15338482037507,-1016.8920963344353,-513.8334555339,50934.72047469399,40711.370931556005,43546.23493303572,46912.38828125,43814.05103258363,0.054664698878767355
2021-09-26,42721.62890625,43919.30078125,40848.4609375,43208.5390625,30661222077,0.011516492054097771,-0.02251426719942695,0,43.64099784779061,-1053.153567212954,-621.6974778697108,49514.906410202966,41188.685386672034,42967.423549107145,46717.383984375,43662.67304006272,0.05554482352414788
2021-09-27,43234.18359375,44313.24609375,42190.6328125,42235.73046875,30980029059,-0.02251426719942695,-0.02844007873591181,0,41.375070292386276,-1147.1647662093746,-726.7909355376437,49440.22282306301,40805.82913006199,42880.556361607145,46495.16158854167,43305.93739723454,0.043169218694436094
2021-09-28,42200.8984375,42775.14453125,40931.6640625,41034.54296875,30214940550,-0.02844007873591181,0.012911568502261384,1,38.702906825769475,-1303.5683863209924,-842.1464256943135,49511.09559160284,40229.27159589716,42929.251674107145,46235.318619791666,42738.088790113405,0.03970415202938348
2021-09-29,41064.984375,42545.2578125,40829.66796875,41564.36328125,30602359905,0.012911568502261384,0.05356827518164842,1,40.5274058837516,-1368.9864867067736,-947.5144378968057,49427.571710543234,39830.08961758177,42642.088169642855,46052.29791666667,42444.657412897555,0.026925935247088296
2021-09-30,41551.26953125,44092.6015625,41444.58203125,43790.89453125,31141681925,0.05356827518164842,0.09878873042688929,1,47.58768656724051,-1227.023970066497,-1003.4163443307441,49384.93690044307,39763.422865181936,42484.34486607143,45939.771484375,42781.216692485665,0.032969850420326054
2021-10-01,43816.7421875,48436.01171875,43320.0234375,48116.94140625,42850641582,0.09878873042688929,-0.008426411013467638,0,58.01642184764874,-756.7188405612469,-954.0768435768448,49768.708315175245,39671.199887949755,43238.22935267857,45915.435286458334,44115.14787092675,0.04489315082531561
2021-10-02,48137.46875,48282.0625,47465.49609375,47711.48828125,30614346492,-0.008426411013467638,0.010237887379882071,1,56.874207047275135,-411.9664232501673,-845.6547595115094,49988.08668025327,39616.643397871725,43951.78571428572,45861.560807291666,45014.232973507555,0.04536102586280384
2021-10-03,47680.02734375,49130.69140625,47157.2890625,48199.953125,26638115879,0.010237887379882071,0.018940873580984396,1,57.948338288088756,-98.20062245657755,-696.1639321005231,50357.76908523888,39570.64888351112,44664.84486607143,45800.71341145833,45810.66301138066,0.04538828195645095
2021-10-04,48208.90625,49456.77734375,47045.00390625,49112.90234375,33383173002,0.018940873580984396,0.048905889117254686,1,59.95584665202706,221.57423746668064,-512.6162981870823,50685.37926146586,39445.07972290914,45647.29799107143,45772.98932291667,46636.22284447299,0.04201489121798826
2021-10-05,49174.9609375,51839.984375,49072.83984375,51514.8125,35873904236,0.048905889117254686,0.0746704982911468,1,64.72688431224233,661.1904024354226,-277.8549580625813,51385.05797521617,39079.247493533825,47144.47935267857,45765.03606770833,47855.87025835474,0.03614201360016086
2021-10-06,51486.6640625,55568.46484375,50488.19140625,55361.44921875,49034730168,0.0746704982911468,-0.02809653406297008,0,70.7395129086305,1304.9382995341657,38.703693456768065,53127.88946062305,38094.22499250195,49115.49162946428,45855.966536458334,49732.26499845356,0.03776282394751001
2021-10-07,55338.625,55338.625,53525.46875,53805.984375,36807860413,-0.02809653406297008,0.0030082765538104184,1,65.85131566536168,1670.345430243622,365.0320408141389,54242.06647084268,37633.89446665732,50546.21875,46089.12838541667,50750.69484259017,0.04554451266621106
2021-10-08,53802.14453125,55922.98046875,53688.0546875,53967.84765625,34800873924,0.0030082765538104184,0.01853649985027972,1,66.11372741709773,1950.5099632895653,682.1276253092242,55190.97837167382,37253.931003326186,51382.0625,46351.676953125,51554.98304600513,0.034807386945544375
2021-10-09,53929.78125,55397.9453125,53735.14453125,54968.22265625,32491211414,0.01853649985027972,-0.003577422040362044,0,67.7625327791726,2227.58605085218,991.2193104178154,56350.67708452378,36865.03268110122,52418.73883928572,46637.5703125,52408.29294856635,0.03296329790149417
2021-10-10,54952.8203125,56401.3046875,54264.2578125,54771.578125,39527792364,-0.003577422040362044,0.04953684064585273,1,67.07167528704238,2403.596116382978,1273.694671610848,57402.063149736685,37006.42435026332,53357.54241071428,46967.15924479167,52999.11424267476,0.03410105117060245
2021-10-11,54734.125,57793.0390625,54519.765625,57484.7890625,42637331698,0.04953684064585273,-0.025114999851183484,0,71.40373577551634,2730.5428109853674,1565.064299485752,58713.21968822634,37374.379139898665,54553.52622767857,47376.60364583333,54120.53294763107,0.03601250718355366
2021-10-12,57526.83203125,57627.87890625,54477.97265625,56041.05859375,41083758949,-0.025114999851183484,0.02426861834211813,1,66.39800858945692,2840.4109495799858,1820.133629504599,59670.70353060121,37663.55037564879,55200.1328125,47709.196614583336,54600.66435916081,0.03804509391232152
2021-10-13,56038.2578125,57688.66015625,54370.97265625,57401.09765625,41684252783,0.02426861834211813,-0.001386283921372633,0,68.62912781869305,3002.6137645805647,2056.629656519792,60778.30980912242,37806.54409712759,55491.51116071428,48123.79739583333,55300.77268343311,0.027737062311394858
2021-10-14,57372.83203125,58478.734375,56957.07421875,57321.5234375,36615791366,-0.001386283921372633,0.07453440740995654,1,68.34319846186449,3089.1301205402124,2263.1297493238762,61609.36503580262,38423.66621419738,55993.73102678572,48464.76510416667,55805.960371949834,0.023917825527036123
2021-10-15,57345.90234375,62757.12890625,56868.14453125,61593.94921875,51780081801,0.07453440740995654,-0.01139348166745524,0,74.48884086731748,3462.530118493887,2503.0098231578786,63083.92388024101,38836.84291663399,57083.174107142855,48912.01848958333,57252.95758364988,0.03394592677279617
2021-10-16,61609.52734375,62274.4765625,60206.12109375,60892.1796875,34250964237,-0.01139348166745524,0.01086243756414218,1,72.01579221528758,3659.6393267226304,2734.335723870829,64155.65879056136,39533.47206881364,57929.45368303572,49348.979166666664,58162.76310961241,0.03592122862050723
2021-10-17,60887.65234375,61645.5234375,59164.46875,61553.6171875,29032367511,0.01086243756414218,0.007675599893030238,1,72.92809550651091,3825.12857161156,2952.4942934189753,64984.958014556534,40635.96151669346,58898.31640625,49825.182421875,59010.47662908431,0.03506307244166891
2021-10-18,61548.8046875,62614.66015625,60012.7578125,62026.078125,38055562075,0.007675599893030238,0.036047967727284025,1,73.5903882828671,3948.883370209878,3151.772108777156,65395.33206359689,42324.740983278105,59547.071986607145,50283.43958333333,59764.37700306324,0.03209899809330497
2021-10-19,62043.1640625,64434.53515625,61622.93359375,64261.9921875,40471196346,0.036047967727284025,0.026934175102288238,1,76.51816003487417,4179.204253069409,3357.258537635607,65918.04205716251,44071.793880337485,60721.49107142857,50850.165364583336,60888.780799172426,0.02865896209314339
2021-10-20,64284.5859375,66930.390625,63610.67578125,65992.8359375,40788955582,0.026934175102288238,-0.057319313661295834,0,78.50473703393105,4450.101833622386,3575.827196832963,66757.25374839739,45452.77632972761,61948.88225446428,51621.79986979167,62164.79458375432,0.028741373473401517
2021-10-21,66002.234375,66600.546875,62117.41015625,62210.171875,45908121370,-0.057319313661295834,-0.024399647264276236,0,65.46905036578734,4309.879137233722,3722.637584913115,67113.88550816057,46505.46761683943,62647.26060267857,52339.01640625,62176.13890656574,0.04099330798122019
2021-10-22,62237.890625,63715.0234375,60122.796875,60692.265625,38434082775,-0.024399647264276236,0.011555863919028075,1,61.08566912751494,4029.8160800946353,3784.0732839494194,66995.54979737916,47921.88106199584,62518.44866071428,52909.60833333333,61805.17058617431,0.03212806109468335
2021-10-23,60694.62890625,61743.87890625,59826.5234375,61393.6171875,26882546034,0.011555863919028075,-0.007537937512081094,0,62.3403268175063,3820.4178997994095,3791.3422071194173,66788.01434105645,49448.78292456856,62590.08258928572,53459.558984375,61702.28223650574,0.032139724780713017
2021-10-24,61368.34375,61505.8046875,59643.34375,60930.8359375,27316183882,-0.007537937512081094,0.0346128236844363,1,60.94404956286387,3575.90494771854,3748.254755239242,66398.75361724832,51019.837007751674,62501.11383928572,54062.59518229167,61509.4206617543,0.03201025550811305
2021-10-25,60893.92578125,63729.32421875,60691.80078125,63039.82421875,31064911614,0.0346128236844363,-0.04244985266320056,0,64.81199491748325,3511.8222988920024,3700.9682639697944,66440.82993214233,52130.26186473267,62645.93470982143,54740.03619791667,61892.02155100323,0.034731397816504236
2021-10-26,63032.76171875,63229.02734375,59991.16015625,60363.79296875,34878965587,-0.04244985266320056,-0.03116779376295975,0,57.08646988085216,3208.1217501089195,3602.3989611976194,66471.12785563247,52600.19831624253,62089.049107142855,55311.87799479167,61509.964405439925,0.03489522775815923
2021-10-27,60352.0,61435.18359375,58208.1875,58482.38671875,43657076893,-0.03116779376295975,0.03658793903693369,1,52.36088390102637,2783.5362432263355,3438.626417603363,66214.48272041704,53324.48368583294,61016.12779017857,55853.433203125,60753.06998376745,0.03187716764833414
2021-10-28,58470.73046875,62128.6328125,58206.91796875,60622.13671875,45257083247,0.03658793903693369,0.02648913766352501,1,56.74630068423525,2589.854877512327,3268.872109585156,65976.61947872839,54227.77583377161,60789.265625,56506.35299479167,60720.33666751309,0.03167962993757513
2021-10-29,60624.87109375,62927.609375,60329.96484375,62227.96484375,36856881767,0.02648913766352501,-0.005449845794435637,0,59.741498390587765,2536.6964513544954,3122.4369779390245,65907.06224946142,55023.30728178858,61008.65122767857,57195.13971354167,61097.243711572315,0.03185764300722661
2021-10-30,62239.36328125,62330.14453125,60918.38671875,61888.83203125,32157938616,-0.005449845794435637,-0.009208042570786446,0,58.815207682624425,2439.086560332209,2985.7668944176617,65619.94322029463,56022.15170158037,61079.396205357145,57798.404296875,61295.140791491736,0.03183496434223603
2021-10-31,61850.48828125,62406.171875,60074.328125,61318.95703125,32241199927,-0.009208042570786446,-0.005129747739996526,0,57.20997702061889,2289.3556022910125,2846.484635992332,65563.1240683074,56462.38765044259,61134.842075892855,58238.471484375,61301.094851431306,0.031920860520929115
2021-11-01,61320.44921875,62419.00390625,59695.18359375,61004.40625,36150572843,-0.005129747739996526,0.03642353446805324,1,56.29665019821619,2120.8631300816414,2701.360334810194,65199.953813316046,57321.89267105895,60844.068080357145,58681.56875,61226.92270107348,0.0283524726302773
2021-11-02,60963.25390625,64242.79296875,60673.0546875,63226.40234375,37746665647,0.03642353446805324,-0.004054563588107407,0,61.02954762410162,2141.9372276517097,2589.4757133784974,65153.52031384538,57950.85663927962,61253.01227678572,59182.450390625,61726.79261174261,0.02627609185085541
2021-11-03,63254.3359375,63516.9375,61184.23828125,62970.046875,36124731509,-0.004054563588107407,-0.024103783966732184,0,60.21927370897176,2113.5887227974745,2494.298315262293,64912.42100768788,58756.808289187116,61894.10658482143,59644.355208333334,62037.60617755696,0.021238824708259767
2021-11-04,62941.8046875,63123.2890625,60799.6640625,61452.23046875,32615846901,-0.024103783966732184,-0.005313959884109654,0,55.51928403443319,1946.2125031362011,2384.6811528370745,64908.169992451265,58746.88742942373,62012.69140625,59975.60247395833,61891.26225035522,0.021348626387428543
2021-11-05,61460.078125,62541.46875,60844.609375,61125.67578125,30605102446,-0.005313959884109654,0.006573419146120196,1,54.533133517832276,1766.8482818558841,2261.1145786408365,64907.3217416655,58771.085289584495,61855.22154017857,60167.743359375,61699.865633078916,0.01849618044491433
2021-11-06,61068.875,61590.68359375,60163.78125,61527.48046875,29094934221,0.006573419146120196,0.029247220896912562,1,55.5786593589853,1638.238530489747,2136.539369010619,64906.52258701304,58769.27077236197,61803.599888392855,60425.1265625,61656.76934199669,0.018723188118108726
2021-11-07,61554.921875,63326.98828125,61432.48828125,63326.98828125,24726754302,0.029247220896912562,0.06695154718111462,1,60.01348659209203,1662.3570005819274,2041.7028953248807,65039.17202522872,58766.712349771275,62090.46149553572,60737.097916666666,62074.324076810015,0.021274332745184633
2021-11-08,63344.06640625,67673.7421875,63344.06640625,67566.828125,41125608330,0.06695154718111462,-0.008806096371717143,0,68.09546761989377,2000.5298407472292,2033.4682844093504,65944.98880167287,58191.37916707713,63027.95033482143,61157.051432291664,63447.45008885751,0.03092109897476216
2021-11-09,67549.734375,68530.3359375,66382.0625,66971.828125,42357991721,-0.008806096371717143,-0.029513867421399387,0,66.07706757427906,2195.2176233183636,2065.818152191153,66209.63868419713,58024.62850330286,63563.01116071428,61563.72643229167,64328.54459789314,0.030445446909857735
2021-11-10,66953.3359375,68789.625,63208.11328125,64995.23046875,48730828378,-0.029513867421399387,-0.0006965054346836919,0,59.741953309467064,2165.056755337704,2085.6658728204634,66537.27305564677,57975.49999122822,63852.32310267857,61814.074479166666,64495.216065607354,0.03357484362935205
2021-11-11,64978.890625,65579.015625,64180.48828125,64949.9609375,35880633236,-0.0006965054346836919,-0.01222509636324598,0,59.60101477529084,2113.142189551283,2091.1611361666273,66840.36767277935,58098.17490534565,64351.99888392857,62111.037890625,64608.902283580515,0.031279755333059045
2021-11-12,64863.98046875,65460.81640625,62333.9140625,64155.94140625,36084893887,-0.01222509636324598,0.0048878705639170406,1,57.05840433681051,1985.0464025869805,2069.9381894506982,67008.26742479327,58206.50757520671,64784.89397321428,62336.19934895833,64495.66206424789,0.031886072396474154
2021-11-13,64158.12109375,64915.67578125,63303.734375,64469.52734375,30474228777,0.0048878705639170406,0.015469517787564335,1,57.82365755245021,1887.080246531339,2033.3666008668265,67185.89777396157,58382.74636666343,65205.18638392857,62574.466145833336,64489.12838412342,0.031899377316945386
2021-11-14,64455.37109375,65495.1796875,63647.80859375,65466.83984375,25122092191,0.015469517787564335,-0.02915932332393234,0,60.24984935302986,1868.3786399745659,2000.3690086883744,67459.91139141789,58351.43431170711,65510.87946428572,62703.5625,64733.556249030065,0.030709456415631213
2021-11-15,65521.2890625,66281.5703125,63548.14453125,63557.87109375,30558763548,-0.02915932332393234,-0.05344145330150951,0,53.86283799834486,1680.1519124446204,1936.3255894396236,67473.54068045775,58657.21283516724,64938.17131696428,62792.41888020833,64439.63496021005,0.016817577569149676
2021-11-16,63721.1953125,63721.1953125,59016.3359375,60161.24609375,46844335592,-0.05344145330150951,0.003436857419438999,1,44.76890654797617,1242.5779588249206,1797.5760633166833,67259.03491426849,59039.6045388565,63965.23102678572,62746.006510416664,63370.03774359504,0.02389239188521845
2021-11-17,60139.62109375,60823.609375,58515.41015625,60368.01171875,39178392930,0.003436857419438999,-0.05674983989800575,0,45.373524509294505,902.0830540365569,1618.477461460658,67278.9458129129,58994.2811402121,63304.19977678572,62690.737630208336,62619.53123738378,0.02379150103525161
2021-11-18,60360.13671875,60948.5,56550.79296875,56942.13671875,41388338699,-0.05674983989800575,0.020677857806173483,1,37.95890404082986,351.74421918485314,1365.1308130054972,67810.8134784388,57933.83066218619,62160.224888392855,62446.742447916666,61200.182607725335,0.028921374547203824
2021-11-19,56896.12890625,58351.11328125,55705.1796875,58119.578125,38702407772,0.020677857806173483,0.027144333086984274,1,41.497364263983236,10.485538028289739,1094.2017580100558,68029.03375088275,57338.68499911726,61297.88727678572,62184.300520833334,60430.031487044005,0.03251510451762418
2021-11-20,58115.08203125,59859.87890625,57469.7265625,59697.1953125,30624264863,0.027144333086984274,-0.01619370466132397,0,45.94583774583888,-131.15206373857654,849.1309936603294,68075.98138558907,57129.561192535926,60616.12555803572,62100.53463541667,60246.822443408004,0.03556422082023116
2021-11-21,59730.5078125,60004.42578125,58618.9296875,58730.4765625,26123447605,-0.01619370466132397,-0.041565940596482776,0,43.75049785542046,-317.744249581694,615.7559450119248,68180.49820562481,56797.65140375019,59653.78794642857,62035.14166666667,59867.73597318101,0.033693730661481125
2021-11-22,58706.84765625,59266.359375,55679.83984375,56289.2890625,35036121783,-0.041565940596482776,0.022735855747423095,1,38.71932692667741,-655.0522954749467,361.5942969145505,68426.31041874965,55858.12786250035,58615.41908482143,61864.997395833336,58973.12424551076,0.034874565805972514
2021-11-23,56304.5546875,57875.515625,55632.76171875,57569.07421875,37485803899,0.022735855747423095,-0.02238438701660228,0,42.45536688783481,-809.768874004134,127.32166273081361,68448.16999680281,55296.171018822184,58245.10881696428,61752.938671875,58622.11173882057,0.03333950954799191
2021-11-24,57565.8515625,57803.06640625,55964.22265625,56280.42578125,36635566789,-0.02238438701660228,0.017666069374003168,1,39.82267246067984,-1024.5555972221046,-103.05378925977004,68627.46261719483,54599.69792968017,57661.16796875,61527.625390625,58036.69024942793,0.03357638510936386
2021-11-25,57165.41796875,59367.96875,57146.68359375,57274.6796875,34284016248,0.017666069374003168,-0.06468677053655503,0,42.771360415951385,-1101.8462442906311,-302.81228026594226,68684.90308073603,54157.15785676399,57708.674107142855,61424.654947916664,57846.18760894595,0.02731023988186194
2021-11-26,58960.28515625,59183.48046875,53569.765625,53569.765625,41810748221,-0.06468677053655503,0.02324655494514305,1,35.74302147529025,-1445.3936423438572,-531.3285526815253,69051.64388123999,52994.64557188501,57058.700892857145,61260.90091145833,56777.08211295946,0.03509025260558689
2021-11-27,53736.4296875,55329.2578125,53668.35546875,54815.078125,30560857714,0.02324655494514305,0.044392510044424904,1,39.35056268787801,-1598.7418186836367,-744.8112058819476,68986.75369191483,52208.34474558517,56361.255580357145,61067.332291666666,56286.5811159696,0.03440761563251159
2021-11-28,54813.0234375,57393.84375,53576.734375,57248.45703125,28116886357,0.044392510044424904,0.009748898117819094,1,45.75877068407833,-1506.5514250759588,-897.1592497207498,67945.67401807194,52217.587310053066,56149.53850446428,60901.34869791667,56527.0500947897,0.04019260491361277
2021-11-29,57291.90625,58872.87890625,56792.52734375,57806.56640625,32370840356,0.009748898117819094,-0.013858989986877734,0,47.138344199057755,-1372.6322614223463,-992.2538520610692,66872.04862472248,52374.68653152753,56366.29241071428,60765.273177083334,56846.92917265478,0.036482371802811234
2021-11-30,57830.11328125,59113.40234375,56057.28125,57005.42578125,36708594618,-0.013858989986877734,0.003936508510805847,1,45.35508121864952,-1315.9759607088708,-1056.9982737906296,66116.21720718445,52331.537480315536,56285.771205357145,60621.48880208333,56886.553324803586,0.03603425749445527
2021-12-01,56907.96484375,59041.68359375,56553.08203125,57229.828125,36858195307,0.003936508510805847,-0.013140205787574133,0,45.97162832882097,-1238.6892024067638,-1093.3364595138564,65252.38425284164,52423.35715340836,56421.400111607145,60495.66953125,56972.372024852695,0.03476219582261551
2021-12-02,57217.37109375,57349.234375,55895.1328125,56477.81640625,32379968686,-0.013140205787574133,-0.05098586481791345,0,44.172944880642014,-1224.010321444628,-1119.471231900011,64455.13468071349,52452.79422553651,56307.5625,60270.71666666667,56848.73312020202,0.03453358763113648
2021-12-03,56509.1640625,57482.16796875,52496.5859375,53598.24609375,39789134215,-0.05098586481791345,-0.08204639683653359,0,38.03605804037828,-1428.2702507883223,-1181.2310356776732,63594.62393647802,52226.17684477198,56311.631138392855,59958.32330729167,56036.11136358902,0.03050774848655401
2021-12-04,53727.87890625,53904.6796875,42874.6171875,49200.703125,61385677469,-0.08204639683653359,0.003417522933012007,1,30.961744928111045,-1922.8275234132743,-1329.5503332247933,62877.77994401166,51316.40716536334,55509.57756696428,59549.9390625,54327.25930394177,0.04141699782089095
2021-12-05,49201.51953125,49768.1484375,47857.49609375,49368.84765625,37198201161,0.003417522933012007,0.02458589579002135,1,31.486458781252296,-2274.97536672726,-1518.6353399252869,62303.71193295394,50471.57283267105,54383.91908482143,59158.04479166667,53087.65639201883,0.03391105163155789
2021-12-06,49413.48046875,50929.51953125,47281.03515625,50582.625,37707308001,0.02458589579002135,0.002322159783127109,1,35.308712252405996,-2428.1234858709577,-1700.5329691144211,62071.01669795578,49746.40595829421,53351.927455357145,58793.21627604167,52461.398544014126,0.03647745439617064
2021-12-07,50581.828125,51934.78125,50175.80859375,50700.0859375,33676814852,0.002322159783127109,-0.00385184874717448,0,35.68265943591409,-2511.0703023126625,-1862.6404357540696,61629.20118237097,49221.428895754034,52451.16462053572,58372.31953125,52021.0703923856,0.0373089256352836
2021-12-08,50667.6484375,51171.375,48765.98828125,50504.796875,28479699446,-0.00385184874717448,-0.05608726213196957,0,35.317132783074456,-2563.019553202168,-2002.7162592436894,61619.271865508774,48587.62422824122,51490.44587053572,57803.58515625,51642.0020130392,0.03672733478819667
2021-12-09,50450.08203125,50797.1640625,47358.3515625,47672.12109375,29603577251,-0.05608726213196957,-0.00899511908452133,0,30.445364295885668,-2800.4807715976203,-2162.2691617144756,61693.738717404034,47468.411673220966,50232.48939732143,57160.26158854167,50649.5317832169,0.03944243071580998
2021-12-10,47642.14453125,50015.25390625,47023.69921875,47243.3046875,30966005122,-0.00899511908452133,0.044857216044006165,1,29.77575240840153,-2988.8191515046274,-2327.5791596725057,61345.709454353564,46571.05187377143,49324.640625,56568.53072916667,49797.97500928768,0.037671864656460864
2021-12-11,47264.6328125,49458.2109375,46942.34765625,49362.5078125,25775869261,0.044857216044006165,0.014906619570362878,1,37.134444234565876,-2933.2638534089274,-2448.7160984197903,60795.10836316155,46184.85608996345,49347.755580357145,56048.948958333334,49689.10821009076,0.03127741484801683
2021-12-12,49354.85546875,50724.8671875,48725.8515625,50098.3359375,21939223599,0.014906619570362878,-0.0670851717099511,0,39.50484929168743,-2797.611574520168,-2518.495193639866,60509.48758030909,45851.38156031591,49451.96819196428,55580.362109375,49791.41514194307,0.03173016267572401
2021-12-13,50114.7421875,50205.0,45894.84765625,46737.48046875,32166727776,-0.0670851717099511,-0.00267125345649466,0,33.32427715460737,-2927.5521162082296,-2600.306578153539,60188.16503075916,45089.544734865834,48902.661830357145,54989.29388020833,49027.9314736448,0.03915959086651068
2021-12-14,46709.82421875,48431.3984375,46424.49609375,46612.6328125,34638619079,-0.00267125345649466,0.04900151967252708,1,33.11700329116675,-3005.954323827551,-2681.4361272883416,59944.45003776878,44366.48043098122,48318.739955357145,54360.8203125,48424.1068083586,0.03893058452904711
2021-12-15,48379.75390625,49473.95703125,46671.96484375,48896.72265625,36541828520,0.04900151967252708,-0.025181582897818466,0,40.41851221756883,-2850.918067915889,-2715.332515413851,59276.39443268604,44196.74033293896,48089.01506696428,53872.11536458333,48542.26077033145,0.04522657263090351
2021-12-16,48900.46484375,49425.57421875,47529.87890625,47665.42578125,27268150947,-0.025181582897818466,-0.030699007215741814,0,38.00958174432609,-2795.184933592893,-2731.30299904966,59131.80520689318,43750.895574356815,48088.05859375,53455.58802083333,48323.052023061085,0.04052729622505098
2021-12-17,47653.73046875,48004.89453125,45618.21484375,46202.14453125,32902725329,-0.030699007215741814,0.013995731563123393,1,35.3157982749935,-2836.39440176043,-2752.321279591814,58860.2079546718,43161.1994672032,47939.32142857143,52983.39244791667,47792.825150108314,0.04218798878540552
2021-12-18,46219.25390625,47313.828125,45598.44140625,46848.77734375,26098292690,0.013995731563123393,-0.0030259427628138713,0,37.42625454701236,-2784.7741948915573,-2758.8118626517626,57988.42580352637,42993.01364959863,47580.217075892855,52646.94713541667,47556.813198518736,0.037810581547001114
2021-12-19,46853.8671875,48089.6640625,46502.953125,46707.015625,25154053861,-0.0030259427628138713,0.003709543768351198,1,37.140161150305964,-2723.904321548245,-2751.8303544310593,56801.78595072951,43069.69842427049,47095.74274553572,52266.52838541667,47344.36380513905,0.036683976786209854
2021-12-20,46707.0625,47401.71875,45579.80859375,46880.27734375,30961902129,0.003709543768351198,0.04386356169401262,1,37.76632108201815,-2631.351157500947,-2727.734515045037,55592.96255895723,43266.006972292766,47116.142299107145,51839.29778645833,47228.34218979179,0.026457088302883493
2021-12-21,46886.078125,49300.91796875,46698.7734375,48936.61328125,27055803928,0.04386356169401262,-0.006295931447672265,0,44.794897360638096,-2364.81289256359,-2655.150190548748,54032.81142274875,43996.83662412624,47448.13950892857,51512.835677083334,47655.40996265634,0.030927852713579552
2021-12-22,48937.09765625,49544.796875,48450.94140625,48628.51171875,24447979559,-0.006295931447672265,0.04433669194360079,1,43.99319727069655,-2153.615084364086,-2554.843169311816,52290.42068562879,44954.296892496204,47409.82366071428,51257.47643229167,47898.68540167975,0.025023666554277638
2021-12-23,48626.34375,51332.33984375,48065.8359375,50784.5390625,28223878108,0.04433669194360079,0.0007414904357732066,1,50.64932342476416,-1791.613308816166,-2402.197197212686,51540.85999893147,45422.486876068535,47855.41127232143,51031.32526041667,48620.14881688481,0.02729623674601047
2021-12-24,50806.05078125,51814.02734375,50514.49609375,50822.1953125,24367912228,0.0007414904357732066,-0.007719775485643066,0,50.75939410224571,-1484.5725210356977,-2218.6722619772886,51775.929933988,45349.566159762,48515.41852678572,50849.38424479167,49170.66044078861,0.021585378066633184
2021-12-25,50854.91796875,51176.59765625,50236.70703125,50429.859375,19030650914,-0.007719775485643066,0.0075284019171428795,1,49.520124041002624,-1258.3927476061508,-2026.6163591030613,51914.36529232894,45317.23197329605,49027.001674107145,50621.22356770833,49485.46017434146,0.023078729885446538
2021-12-26,50428.69140625,51196.37890625,49623.10546875,50809.515625,20964372926,0.0075284019171428795,-0.003328070621613999,0,50.772611741883956,-1036.5597456587202,-1828.6050364141931,51954.12751484415,45300.158813280854,49613.07310267857,50529.215234375,49816.4740370061,0.022358334685498422
2021-12-27,50802.609375,51956.328125,50499.46875,50640.41796875,24324345758,-0.003328070621613999,-0.06025942562091624,0,50.17546874005328,-864.4355857066475,-1635.771146272684,51943.80221732512,45304.51731392488,50150.236049107145,50390.059895833336,50022.460019942075,0.02295961909857948
2021-12-28,50679.859375,50679.859375,47414.2109375,47588.85546875,33430376883,-0.06025942562091624,-0.02404227880624954,0,40.84056316141385,-963.1588440267296,-1501.2486858234934,51709.77270864672,45246.95268197828,49957.69921875,50068.07317708333,49414.05888214406,0.03075498725817986
2021-12-29,47623.87109375,48119.7421875,46201.49609375,46444.7109375,30049226299,-0.02404227880624954,0.01579112126431248,1,37.98694315482248,-1120.8007458413122,-1425.1590978270572,51752.271502303,45081.712872697,49645.72767857143,49689.34466145833,48671.72189598304,0.031732934989100084
2021-12-30,46490.60546875,47879.96484375,46060.3125,47178.125,26686491018,0.01579112126431248,-0.018476352917798256,0,40.840471245178065,-1173.0307352021264,-1374.7334253020713,51753.71756475871,45073.74884149129,49130.525669642855,49361.76796875,48298.32267198728,0.025365589421751617
2021-12-31,47169.37109375,48472.52734375,45819.953125,46306.4453125,36974172400,-0.018476352917798256,0.029809396471367267,1,38.568888742788204,-1270.1194969782373,-1353.8106396373046,51691.70231697075,44830.15783927924,48485.41852678572,48997.65520833333,47800.353332115454,0.025023694776653754
2022-01-01,46311.74609375,47827.3125,46288.484375,47686.8125,24582667004,0.029809396471367267,-0.007163274962024402,0,43.89109776285228,-1221.5971330195898,-1327.3679383137617,51472.433413438855,44808.27439906114,48093.5546875,48704.621744791664,47771.96812408659,0.029875790155568554
2022-01-02,47680.92578125,47881.40625,46856.9375,47345.21875,27951569547,-0.007163274962024402,-0.0187368774698079,0,42.90057014005924,-1196.9093449264183,-1301.276219636293,51461.925651198675,44879.55598942633,47598.65513392857,48496.1875,47665.28078056494,0.029145609592746133
2022-01-03,47343.54296875,47510.7265625,45835.96484375,46458.1171875,33071628362,-0.0187368774698079,-0.012065555013512697,0,40.35361825400256,-1234.693004882749,-1287.9595766855844,51469.483649075795,44856.5464290492,47001.18359375,48404.76796875,47363.4898822987,0.029168938236526262
2022-01-04,46458.8515625,47406.546875,45752.46484375,45897.57421875,42494677905,-0.012065555013512697,-0.050734060615097554,0,38.78665000444641,-1294.9406903342024,-1289.355799415308,51442.57140256081,44583.54383181419,46759.571986607145,48289.058854166666,46997.01096641152,0.02013076822863622
2022-01-05,45899.359375,46929.046875,42798.22265625,43569.00390625,36851084859,-0.050734060615097554,-0.009366159015892994,0,33.045992401834496,-1513.141030755316,-1334.1128456833096,51747.71760357405,43868.75544330096,46348.75669642857,48055.271484375,46140.00920137114,0.026011504357357825
2022-01-06,43565.51171875,43748.71875,42645.5390625,43160.9296875,30208048289,-0.009366159015892994,-0.03714070469186992,0,32.148009744099824,-1699.4048701222273,-1407.1712505710932,52041.44740014568,43270.90416235432,45774.87165178572,47803.96627604167,45395.239322903355,0.02368174446255938
2022-01-07,43153.5703125,43153.5703125,41077.4453125,41557.90234375,84196607520,-0.03714070469186992,0.004235994902819673,1,28.83340642850264,-1953.8484654795247,-1516.5066935527796,52515.89616624186,42267.36789625815,45096.50837053572,47505.73645833333,44435.905078115014,0.025464756711690534
2022-01-08,41561.46484375,42228.94140625,40672.27734375,41733.94140625,28066355845,0.004235994902819673,0.004256970472081845,1,29.690726281715357,-2116.8897791870404,-1636.5833106796317,52827.951580602574,41458.00506002242,44246.09821428572,47307.797135416666,43760.41416014876,0.018958435285101407
2022-01-09,41734.7265625,42663.94921875,41338.16015625,41911.6015625,21294384372,0.004256970472081845,-0.0021554853640055605,0,30.59937446650339,-2206.3322799785456,-1750.5331045394146,53020.856780543225,40768.23228195678,43469.8671875,47130.07369791667,43298.211010736566,0.02054287730274503
2022-01-10,41910.23046875,42199.484375,39796.5703125,41821.26171875,32104232331,-0.0021554853640055605,0.021869109453241498,1,30.384340559675096,-2258.471522778411,-1852.120788187214,52968.32205681911,40109.23184943089,42807.459263392855,46878.698828125,42928.97368773992,0.021263159498973873
2022-01-11,41819.5078125,43001.15625,41407.75390625,42735.85546875,26327648900,0.021869109453241498,0.028389418684672707,1,35.33853994717035,-2200.6247440856678,-1921.8215793669049,52802.410706476236,39685.87757477377,42355.78515625,46633.2828125,42880.69413299244,0.025427188169672803
2022-01-12,42742.1796875,44135.3671875,42528.98828125,43949.1015625,33499938689,0.028389418684672707,-0.030888714484173407,0,41.30570170202491,-2033.4416849920817,-1944.1456004919403,52185.208819949956,39619.53571130005,42410.08482142857,46540.33684895833,43147.795990369326,0.0215156684801502
2022-01-13,43946.7421875,44278.421875,42447.04296875,42591.5703125,47691135082,-0.030888714484173407,0.011930269358978673,1,37.17213091488988,-1987.5777733376526,-1952.832035061083,51503.1578270968,39478.524204153204,42328.747767857145,46406.301432291664,43008.73957090199,0.024629922649597135
2022-01-14,42598.87109375,43346.6875,41982.6171875,43099.69921875,23577403399,0.011930269358978673,0.001802778677309158,1,39.608267386555,-1888.4595506216428,-1939.957538173195,50770.16087536635,39478.50514025865,42549.00446428572,46213.06731770833,43031.47948286399,0.019231065010005554
2022-01-15,43101.8984375,43724.671875,42669.03515625,43177.3984375,18371348298,0.001802778677309158,-0.0014711291913973579,0,39.99143602126509,-1783.0836885863537,-1908.5827682558267,49801.059951691146,39684.39434518386,42755.212611607145,46063.46640625,43067.95922152299,0.019277056930253857
2022-01-16,43172.0390625,43436.80859375,42691.0234375,43113.87890625,17902097845,-0.0014711291913973579,-0.020024366790964976,0,39.769291487250364,-1685.2712955976021,-1863.920473724182,48678.51345480538,40054.28693581961,42926.966517857145,45960.52421875,43079.439142704745,0.019436220885058763
2022-01-17,43118.12109375,43179.390625,41680.3203125,42250.55078125,21690904261,-0.020024366790964976,0.0029604828561313745,1,36.7789470646489,-1658.3017635340802,-1822.7967316861618,48238.06756178834,39960.902360086664,42988.29352678572,45807.25,42872.21705234105,0.021477908307053328
2022-01-18,42250.07421875,42534.40234375,41392.21484375,42375.6328125,22417209227,0.0029604828561313745,-0.014897823244158781,0,37.51206400986809,-1608.2957087004543,-1779.8965270890205,47952.70558512467,39839.356524250325,42936.83314732143,45662.87057291667,42748.07099238079,0.019621168720154864
2022-01-19,42374.0390625,42478.3046875,41242.9140625,41744.328125,23091543258,-0.014897823244158781,-0.02548634039729203,0,35.28790332222911,-1601.1495073783663,-1744.14712314689,47488.65016953072,39760.032252344274,42621.865513392855,45491.672265625,42497.135275535584,0.01509935752652903
2022-01-20,41744.02734375,43413.0234375,40672.82421875,40680.41796875,20382033940,-0.02548634039729203,-0.10381165615712484,0,31.85955080232955,-1662.1742395205729,-1727.7525464216267,47204.51135336811,39481.56833413189,42348.84375,45216.46575520833,42042.95594883919,0.013767717193443945
2022-01-21,40699.60546875,41060.52734375,35791.42578125,36457.31640625,43011992031,-0.10381165615712484,-0.039143484680769114,0,22.510675014474188,-2027.929077500703,-1787.787852637442,47181.44136324564,38381.68871487936,41399.931919642855,44810.75924479167,40646.54606319189,0.03733591068413616
2022-01-22,36471.58984375,36688.8125,34349.25,35030.25,39714385405,-0.039143484680769114,0.03558509252717301,1,20.338765758658226,-2405.2188880691683,-1911.2740597237876,47234.69389769636,37096.93930542865,40236.05357142857,44285.61627604167,39242.472047393916,0.0359874596964354
2022-01-23,35047.359375,36433.3125,34784.96875,36276.8046875,26017975951,0.03558509252717301,0.010406744495611076,1,26.967367827937906,-2573.966156171875,-2043.8124790134052,46939.576849314784,36373.925103810216,39259.32868303572,43800.769921875,38501.05520742044,0.04277050113473688
2022-01-24,36275.734375,37247.51953125,33184.05859375,36654.328125,41856658597,0.010406744495611076,0.008175727030871549,1,28.897024123932823,-2646.7267768372767,-2164.3953385781797,46529.54919105377,35859.62815269623,38459.86830357143,43341.585546875,38039.37343681533,0.04469145033513816
2022-01-25,36654.8046875,37444.5703125,35779.4296875,36954.00390625,26428189594,0.008175727030871549,-0.002757016878562668,0,30.46754241150188,-2649.6650722806953,-2261.449285318683,46385.900223600045,35341.77712014995,37685.349888392855,42879.73515625,37768.031054174,0.04516339390796927
2022-01-26,36950.515625,38825.41015625,36374.90625,36852.12109375,31324598034,-0.002757016878562668,0.007763821260712289,1,30.22312700446126,-2629.8989460921293,-2335.1392174733724,46228.0640141171,34868.73247025789,36986.463169642855,42420.125260416666,37539.053564067995,0.045554112589480764
2022-01-27,36841.87890625,37148.32421875,35629.28125,37138.234375,25041426629,0.007763821260712289,0.017397102127314046,1,31.875901857615048,-2561.6184550345206,-2380.435064985602,46174.233846018564,34480.59584148143,36480.43694196428,42071.771223958334,37438.848766801,0.046216242923625216
2022-01-28,37128.4453125,37952.87890625,36211.109375,37784.33203125,22238830523,0.017397102127314046,0.00936493083845824,1,35.586338427339825,-2427.3895569263113,-2389.825963373744,46039.84883691744,34220.01991308256,36670.01060267857,41783.09192708333,37525.21958291325,0.02289129839587385
2022-01-29,37780.71484375,38576.26171875,37406.47265625,38138.1796875,17194183075,0.00936493083845824,-0.005783656346668664,0,37.591148686038515,-2266.334743301064,-2365.1277193592077,45852.54500134645,34029.98156115355,37114.00055803572,41481.760416666664,37678.45960905993,0.011865015173068575
2022-01-30,38151.91796875,38266.33984375,37437.7109375,37917.6015625,14643548444,-0.005783656346668664,0.01491453610450133,1,36.82178631250642,-2131.920996235116,-2318.4863747343898,45653.958782139074,33838.20176473593,37348.400111607145,41202.13229166667,37738.245097419946,0.007990400640176691
2022-01-31,37920.28125,38647.26171875,36733.57421875,38483.125,20734730465,0.01491453610450133,0.00676006528835682,1,40.20097395130309,-1957.2027037049847,-2246.2296405285088,45300.02257717466,33766.864922825334,37609.65680803572,40895.34270833333,37924.46507306496,0.008533450885356437
2022-02-01,38481.765625,39115.1328125,38113.6640625,38743.2734375,20288500328,0.00676006528835682,-0.046209029430310355,0,41.744580443546,-1777.25826635283,-2152.435365693373,44677.56646060685,33868.73822689315,37865.26674107143,40608.61119791667,38129.16716417372,0.008518002056466904
2022-02-02,38743.71484375,38834.6171875,36832.73046875,36952.984375,19155189416,-0.046209029430310355,0.005456046132945147,1,35.04101590977908,-1758.837583768065,-2073.7158093083117,44260.379691947724,33722.06640180227,37879.67578125,40291.7734375,37835.12146688029,0.021927819589558202
2022-02-03,36944.8046875,37154.6015625,36375.5390625,37154.6015625,18591534769,0.005456046132945147,0.116978066100073,1,36.28197391394022,-1708.2782695347778,-2000.6283013536051,43664.81218628763,33723.12414183737,37882.013950892855,40000.341015625,37664.991490785214,0.021819260496056
2022-02-04,37149.265625,41527.78515625,37093.62890625,41500.875,29412210792,0.116978066100073,-0.001438787435204647,0,55.85860919845999,-1302.4874412091594,-1861.000129324716,43325.72242079836,33894.56156357664,38412.94866071428,39931.40338541667,38623.96236808891,0.0496101592676013
2022-02-05,41501.48046875,41847.1640625,41038.09765625,41441.1640625,19652846215,-0.001438787435204647,0.023437312952531153,1,55.605843755187195,-974.4802580057949,-1683.6961550609317,42971.15775304433,34081.854746955665,38884.80357142857,39874.077864583334,39328.26279169168,0.04996323701153359
2022-02-06,41441.12109375,42500.78515625,41244.90625,42412.43359375,16142097334,0.023437312952531153,0.033665872045371525,1,58.866422009304735,-628.9091945073596,-1472.7387629502173,43006.85369886891,34062.347082381086,39526.92243303572,39902.562239583334,40099.305492206266,0.049353784086296405
2022-02-07,42406.78125,44401.86328125,41748.15625,43840.28515625,28641855926,0.033665872045371525,0.0063448528050995545,1,63.15112775428615,-237.09288969226327,-1225.6095882986265,43367.974785267885,33847.691230357115,40292.23102678572,39972.773697916666,41034.5504082172,0.049721114899733736
2022-02-08,43854.65234375,45293.8671875,42807.8359375,44118.4453125,33079398868,0.0063448528050995545,0.004994545046617338,1,63.93918292054254,94.77702414796659,-961.5322658093079,43894.55925102527,33558.518483349726,41060.11272321428,40046.33515625,41805.524134287894,0.0497395180564411
2022-02-09,44096.703125,44727.80078125,43232.96875,44338.796875,23245887300,0.004994545046617338,-0.01744935921313273,0,64.58531557773603,371.2868872803592,-694.9684351913745,44576.07555204202,33242.84007295797,42115.228794642855,40130.25299479167,42438.84231946592,0.041506893615923836
2022-02-10,44347.80078125,45661.171875,43402.80859375,43565.11328125,32142048537,-0.01744935921313273,-0.026561982607033352,0,60.48722347037384,521.9761299791862,-451.57952215726243,45158.7237081721,33370.9716043279,43031.01618303572,40157.894921875,42720.410059911934,0.044302843495468584
2022-02-11,43571.12890625,43810.83203125,42114.5390625,42407.9375,26954925781,-0.026561982607033352,-0.0038546734323026133,0,54.87842073798808,541.7787378061403,-252.90787016458194,45341.87634250016,33925.58771999984,43160.59654017857,40106.522786458336,42642.291919933945,0.021152102088443626
2022-02-12,42412.30078125,42992.55078125,41852.57421875,42244.46875,18152390304,-0.0038546734323026133,-0.001111462077505676,0,54.115034120898855,538.0792426528278,-94.7104476011,45529.9878962986,34334.2425724514,43275.35435267857,40094.952734375,42542.83612745046,0.021261443042245386
2022-02-13,42236.56640625,42693.0546875,41950.94140625,42197.515625,14741589015,-0.001111462077505676,0.009228086961576842,1,53.883182243147935,525.3032721748532,29.292296354090638,45677.96176276033,34740.58745598968,43244.65178571428,40064.87994791667,42456.506001837835,0.019246005769173968
2022-02-14,42157.3984375,42775.77734375,41681.95703125,42586.91796875,20827783012,0.009228086961576842,0.04668769779745485,1,55.5828427482928,540.3706814479447,131.50797337286144,45838.86590795979,35142.974717040204,43065.599330357145,40045.197265625,42489.108993565875,0.013298929687218975
2022-02-15,42586.46484375,44667.21875,42491.03515625,44575.203125,22721659051,0.04668769779745485,-0.013759752216496501,0,63.06756352423806,704.6272033832938,246.13181937494795,46233.58105542915,35520.56777269585,43130.85044642857,40093.90807291667,43010.6325264244,0.023436493105138827
2022-02-16,44578.27734375,44578.27734375,43456.69140625,43961.859375,19792547657,-0.013759752216496501,-0.07788223029977337,0,59.72418875957072,776.3605644052004,352.1775683809985,46446.44268262874,35990.068645496256,43077.002232142855,40150.95169270833,43248.439238568295,0.02406136240150636
2022-02-17,43937.0703125,44132.97265625,40249.37109375,40538.01171875,26246662813,-0.07788223029977337,-0.012507647384577658,0,45.290400254845686,550.5870534319911,391.85946539119703,46355.16879348779,36356.710503387214,42644.55915178572,40089.69765625,42570.83235861372,0.03784913204887133
2022-02-18,40552.1328125,40929.15234375,39637.6171875,40030.9765625,23310007704,-0.012507647384577658,0.0022777282826873524,1,43.6095836038197,326.9772297671516,378.883018266388,46271.03329314826,36630.125691226734,42304.99330357143,40032.5859375,41935.86840958529,0.03716648733409966
2022-02-19,40026.0234375,40418.87890625,39713.05859375,40122.15625,13736557863,0.0022777282826873524,-0.04214073972532317,0,44.01197992570895,155.33170504663576,334.1727556224376,46148.26069065783,36973.35376246717,42001.80580357143,40013.977213541664,41482.440369688964,0.0373413451813901
2022-02-20,40118.1015625,40119.890625,38112.8125,38431.37890625,18340576452,-0.04214073972532317,-0.03528620868790788,0,38.52244504638872,-115.79539393720916,244.17912571050823,46152.66670614763,36963.77313760237,41463.78627232143,40079.779296875,40719.675003829216,0.039472818116234897
2022-02-21,38423.2109375,39394.4375,36950.4765625,37075.28125,29280402798,-0.03528620868790788,0.03265642371222732,1,34.77588994325197,-435.0760350192868,108.32809356454922,46324.11741201009,36625.52321298991,40676.40959821428,40147.947005208334,39808.576565371906,0.03895522231846136
2022-02-22,37068.76953125,38359.85546875,36488.93359375,38286.02734375,25493150450,0.03265642371222732,-0.025843815613622922,0,40.353522208848396,-583.6828200121454,-30.07408915078969,46172.04395850971,36910.90096336528,39777.95591517857,40214.92109375,39427.93925996643,0.0351947017168354
2022-02-23,38285.28125,39122.39453125,37201.81640625,37296.5703125,21849073843,-0.025843815613622922,0.027778400368163814,1,37.52904681541586,-772.3920264736516,-178.5376766153621,46152.580285582444,36944.56151129256,38825.771763392855,40236.32916666667,38895.09702309982,0.03507947508883745
2022-02-24,37278.56640625,38968.83984375,34459.21875,38332.609375,46383802093,0.027778400368163814,0.022998939789759643,1,42.098946708999044,-828.7919407785521,-308.58852944800014,46203.114098448656,36577.20113592634,38510.71428571428,40282.28268229167,38754.47511107487,0.029682454052495328
2022-02-25,38333.74609375,39630.32421875,38111.34375,39214.21875,26545599159,0.022998939789759643,-0.002781397053842838,0,45.7365921941,-793.2071720341992,-405.51225796524,46184.05029426865,36373.57040885634,38394.03459821428,40361.019270833334,38869.411020806154,0.031667636546519544
2022-02-26,39213.08203125,40005.34765625,38702.53515625,39105.1484375,17467554129,-0.002781397053842838,-0.03568234201898368,0,45.356934120769004,-764.9887351600264,-477.4075534041973,46077.309351008,36149.582836491994,38248.747767857145,40426.58307291667,38928.34537497961,0.031597852393509464
2022-02-27,39098.69921875,39778.94140625,37268.9765625,37709.78515625,23450127612,-0.03568234201898368,0.1454118392886461,1,40.70203400735092,-845.4734838607837,-551.0207394955146,45816.308225445224,35797.53396205478,38145.66294642857,40424.09817708333,38623.70532029721,0.03034169652120999
2022-02-28,37706.0,43760.45703125,37518.21484375,43193.234375,35690014104,0.1454118392886461,0.026888524570001016,1,58.65801736752417,-461.47016144556983,-533.1106238855257,45662.80895011469,35858.51214363531,39019.65625,40592.6,39766.087583972905,0.05999022947591218
2022-03-01,43194.50390625,44793.6015625,42952.5859375,44354.63671875,32479047645,0.026888524570001016,-0.009706302725009275,0,61.32898442009806,-62.70645792715368,-439.0297906938513,45665.91759517723,35856.98748294777,39886.60044642857,40807.16783854167,40913.22486766718,0.05988310534699728
2022-03-02,44357.6171875,45077.578125,43432.8515625,43924.1171875,29183112630,-0.009706302725009275,-0.03351981142193561,0,59.787003977604684,216.08641222747247,-308.00655010958656,45727.21795655559,35831.587512194405,40833.392857142855,40988.53424479167,41665.947947625384,0.05798416479590377
2022-03-03,43925.1953125,44021.578125,41914.75,42451.7890625,24967782593,-0.03351981142193561,-0.07806935036049167,0,54.7199533483949,314.6006747448773,-183.4851051386938,45732.333272923344,35830.85735207666,41421.84709821428,41112.15143229167,41862.408226344036,0.06198310294109374
2022-03-04,42458.140625,42479.61328125,38805.84765625,39137.60546875,28516271427,-0.07806935036049167,0.00671938064683042,1,45.39381640999435,123.81970285972056,-122.02414353901094,45578.60725896168,35673.897037913324,41410.90234375,41184.97213541667,41181.20753694552,0.07122582200866537
2022-03-05,39148.44921875,39566.3359375,38777.03515625,39400.5859375,16975917450,0.00671938064683042,-0.024887994408395286,0,46.177697090754215,-6.085120373492828,-98.83633890590733,45411.26817316239,35561.54315496261,41453.107700892855,41259.83828125,40736.05213708414,0.07121467801022817
2022-03-06,39404.19921875,39640.17578125,38211.6484375,38419.984375,19745229902,-0.024887994408395286,-0.009316643885282638,0,43.66086500976352,-186.0176835006714,-116.27260782486016,45182.365905657556,35373.75206309244,41554.564732142855,41157.141927083336,40157.035196563105,0.0703452675171942
2022-03-07,38429.3046875,39430.2265625,37260.203125,38062.0390625,28546143503,-0.009316643885282638,0.017740259990833174,1,42.74503178116624,-353.4246717513015,-163.70302061014843,44525.91940730341,35378.88215519659,40821.536830357145,41044.50442708333,39633.28616304733,0.033327763187698006
2022-03-08,38059.90234375,39304.44140625,37957.38671875,38737.26953125,25776583476,0.017740259990833174,0.08378639716414904,1,45.08512984313223,-426.6918226257112,-216.300781013261,43901.191049164525,35481.15152896047,40019.05580357143,40921.99895833333,39409.28200509799,0.031426120909225315
2022-03-09,38742.81640625,42465.671875,38706.09375,41982.92578125,32284121034,0.08378639716414904,-0.060630954045771346,0,54.67465624929545,-220.31952689910395,-217.1045301904296,44077.39295431235,35449.44103006265,39741.74274553572,40860.08697916667,40052.692949136,0.050171764422016506
2022-03-10,41974.0703125,42004.7265625,38832.94140625,39437.4609375,31078064711,-0.060630954045771346,-0.016291319622939393,0,47.64726067504976,-259.17809155034774,-225.51924246241325,44048.11229361041,35419.37012826459,39311.12444196428,40704.05416666667,39898.88494622699,0.05363444477455013
2022-03-11,39439.96875,40081.6796875,38347.43359375,38794.97265625,26364890465,-0.016291319622939393,0.002810649293818468,1,46.03878325831033,-337.9218658748214,-247.99976714489492,43996.61610986357,35338.147952636435,39262.17689732143,40519.260026041666,39622.90687373274,0.04477084881069068
2022-03-12,38794.46484375,39308.59765625,38772.53515625,38904.01171875,14616450657,0.002810649293818468,-0.027101257933814904,0,46.369677356834906,-387.06647193104436,-275.81310810212483,43998.105497164295,35383.921846585705,39191.23772321428,40363.889973958336,39443.18308498705,0.044691392145728585
2022-03-13,38884.7265625,39209.3515625,37728.14453125,37849.6640625,17300745310,-0.027101257933814904,0.0480080837903738,1,43.58647100463959,-505.2665720812802,-321.70380089795594,43955.22044829902,35504.24517670098,39109.763392857145,40211.947526041666,39044.80332936529,0.04489616879516738
2022-03-14,37846.31640625,39742.5,37680.734375,39666.75390625,24322159070,0.0480080837903738,-0.008268101563720931,0,49.2410609462421,-447.16242857128236,-346.7955264326212,43972.450713806305,35625.0875674437,39339.00837053572,40126.023697916666,39200.29097358647,0.04828729850363804
2022-03-15,39664.25,39794.62890625,38310.2109375,39338.78515625,23934000868,-0.008268101563720931,0.04588714481344902,1,48.30002555804946,-422.7061203674748,-361.9776452195919,43921.8286163473,35879.9311492777,39424.939174107145,40030.732682291666,39234.91451925235,0.048315056533056774
2022-03-16,39335.5703125,41465.453125,39022.34765625,41143.9296875,39616916192,0.04588714481344902,-0.00467993171076464,0,53.560558459690924,-254.727897824705,-340.52769574061455,44029.69533709754,36053.196459777464,39305.08258928572,39982.633072916666,39712.16831131426,0.03900419429146204
2022-03-17,41140.84375,41287.53515625,40662.87109375,40951.37890625,22009601093,-0.00467993171076464,0.020750884742987363,1,52.94175077199267,-135.57832256668917,-299.5378211058295,44116.372485851716,36140.23532664829,39521.35658482143,39861.83893229167,40021.970960048195,0.029652682535788552
2022-03-18,40944.83984375,42195.74609375,40302.3984375,41801.15625,34421564942,0.020750884742987363,0.009317830622209256,1,55.391238756846185,27.106042422543396,-234.20904840015493,44285.83023639749,36240.37835735251,39950.81138392857,39789.81549479167,40466.767282536144,0.0283362503129749
2022-03-19,41794.6484375,42316.5546875,41602.66796875,42190.65234375,19664853187,0.009317830622209256,-0.022346848712323064,0,56.508680206847444,185.32731543492991,-150.301775633138,44414.07302411897,36560.22228838104,40420.33147321428,39844.903515625,40897.73854783961,0.02812654763891562
2022-03-20,42191.40625,42241.1640625,41004.7578125,41247.82421875,20127946682,-0.022346848712323064,-0.004117262624553253,0,53.044809944143694,231.96649867329688,-73.84812077185101,44136.080738569886,36643.67355830512,40905.782924107145,39885.465104166666,40985.2599655672,0.027062583246596654
2022-03-21,41246.1328125,41454.41015625,40668.04296875,41077.99609375,24615543271,-0.004117262624553253,0.031180014163224357,1,52.421480695446014,252.31613370423293,-8.61526987663423,43524.15297584973,36927.93725852528,41107.388950892855,39917.326432291666,41008.4439976129,0.022505075038507284
2022-03-22,41074.10546875,43124.70703125,40948.28125,42358.80859375,32004652376,0.031180014163224357,0.012610091153007819,1,56.56679192363427,367.55725934152724,66.61923596699808,43152.37652224831,37143.182852751685,41538.82087053572,40048.24075520833,41346.03514664717,0.023482313550536326
2022-03-23,42364.37890625,42893.5078125,41877.5078125,42892.95703125,25242943069,0.012610091153007819,0.024898646221148013,1,58.20232536996516,496.2673355890802,152.54885589141452,43247.36367272361,37092.3124991514,41788.681919642855,40242.16328125,41732.76561779787,0.017917467308961234
2022-03-24,42886.65234375,44131.85546875,42726.1640625,43960.93359375,31042992291,0.024898646221148013,0.008821397620525806,1,61.33716721563287,676.6478067449789,257.36864606212737,43860.627513617954,36961.38147075705,42218.61830357143,40431.326822916664,42289.8076117859,0.018431343250921137
2022-03-25,43964.546875,44999.4921875,43706.28515625,44348.73046875,30574413034,0.008821397620525806,0.003429583093865096,1,62.43878370498875,841.1958148386839,374.13407981743865,44473.12084122961,36843.70259627039,42582.55747767857,40666.398828125,42804.53832602692,0.01784927829903738
2022-03-26,44349.859375,44735.99609375,44166.2734375,44500.828125,16950455995,0.003429583093865096,0.052126312256127294,1,62.88545068489334,972.6620636746229,493.83967658887553,44979.03957758382,36945.868234916175,42912.58258928572,40872.006119791666,43228.61077577019,0.017949563432598334
2022-03-27,44505.35546875,46827.546875,44437.29296875,46820.4921875,28160889722,0.052126312256127294,0.0065678873583499,1,68.94993609182977,1249.622644658055,644.9962702027115,45933.222985166976,36867.53013983303,43708.678013392855,41125.548567708334,44126.58112870264,0.019146084487748554
2022-03-28,46821.8515625,48086.8359375,46690.203125,47128.00390625,36362175703,0.0065678873583499,0.0071661546110000085,1,69.6577495448008,1476.9046882956973,811.3779538213087,46818.449831457714,36821.37673104229,44572.96484375,41392.97708333333,44876.936823089476,0.017395605371076654
2022-03-29,47100.4375,48022.2890625,47100.4375,47465.73046875,31397059069,0.0071661546110000085,-0.008491735032190584,0,70.4543456157118,1665.084993130935,982.119361683234,47666.70924689464,36521.39778435535,45302.525111607145,41718.17526041667,45524.1352345046,0.017177819896639992
2022-03-30,47456.8984375,47655.1484375,46746.2109375,47062.6640625,29333883962,-0.008491735032190584,-0.03238210822970233,0,68.15459071924742,1761.390931826565,1137.9736757119003,48306.177758813654,36644.44958493635,45898.197544642855,41847.15625,45908.76744150345,0.01965125906197632
2022-03-31,47062.1484375,47512.02734375,45390.5390625,45538.67578125,33327427106,-0.03238210822970233,0.016315115388267687,1,60.1587801631799,1695.1997567239741,1249.4188919143153,48531.94427032846,37093.053385921536,46123.58928571428,41886.62421875,45816.24452644008,0.025244942816221295
2022-04-01,45554.1640625,46616.2421875,44403.140625,46281.64453125,38162644287,0.016315115388267687,-0.008917040798352427,0,62.47039251874213,1683.2902205983191,1336.193157651116,48795.603620019734,37567.15731748027,46399.71986607143,41965.20846354167,45932.594527642555,0.0255749184304532
2022-04-02,46285.5,47028.28125,45782.51171875,45868.94921875,29336594194,-0.008917040798352427,0.012745379989237415,1,60.37491696429957,1621.8550295243913,1393.3255320257713,48743.31144200841,38421.37801111659,46595.165736607145,42079.11380208333,45916.683200419415,0.026230476533913128
2022-04-03,45859.12890625,47313.4765625,45634.10546875,46453.56640625,25414397610,0.012745379989237415,0.003640395949819908,1,62.3039131123088,1601.8754955830009,1435.0355247372174,48897.36436966618,38946.00633345881,46542.747767857145,42322.979166666664,46050.90400187706,0.016913259275818358
2022-04-04,46445.2734375,46791.08984375,45235.81640625,46622.67578125,32499785455,0.003640395949819908,-0.02287907280900814,0,62.86703395756603,1581.4572297248378,1464.3198657347416,48921.10437414418,39650.65539148082,46470.55803571428,42563.715494791664,46193.846946720296,0.016730158058915697
2022-04-05,46624.5078125,47106.140625,45544.80859375,45555.9921875,29640604055,-0.02287907280900814,-0.05156849392240015,0,57.07532969767458,1462.3461395399572,1463.925120495785,48938.06398725322,40074.902028371784,46197.73828125,42801.582421875,46034.38325691522,0.017969132058972784
2022-04-06,45544.35546875,45544.35546875,43193.953125,43206.73828125,39393395788,-0.05156849392240015,0.006876459247305178,1,46.840435522074664,1164.9557015513492,1404.1312367068979,48790.360871361816,40448.141081763184,45646.89174107143,42973.07239583333,45327.472012998915,0.02505835330149791
2022-04-07,43207.5,43860.69921875,42899.90625,43503.84765625,26101973106,0.006876459247305178,-0.02795577079433975,0,48.10781869299533,942.3826794628185,1311.7815252580822,48708.091269085424,40700.67982466457,45356.20200892857,43131.958333333336,44871.565923811686,0.024074667252949364
2022-04-08,43505.13671875,43903.01953125,42183.2890625,42287.6640625,27215995394,-0.02795577079433975,0.011693070951357853,1,43.53263109371736,660.2452081887532,1181.4742618442165,48700.96545988793,40717.506805737066,44785.63337053572,43142.11627604167,44225.59045848376,0.02294571521008112
2022-04-09,42282.078125,42786.81640625,42183.25390625,42782.13671875,16050772496,0.011693070951357853,-0.013427680050824398,0,45.78998968571169,471.1182820972317,1039.4030658948195,48561.77349814012,41010.13001748488,44344.66015625,43253.60546875,43864.72702355032,0.02474572845753685
2022-04-10,42781.08984375,43376.37890625,42021.20703125,42207.671875,17654475582,-0.013427680050824398,-0.06363225953812457,0,43.60884992898008,271.746790847792,885.8718108854141,48423.467036615875,41261.404057134125,43738.103794642855,43367.362109375,43450.46323641273,0.022692603457655485
2022-04-11,42201.0390625,42424.58984375,39373.05859375,39521.90234375,33949912166,-0.06363225953812457,0.015315083892861292,1,35.173258728077954,-101.80219528323505,688.3370096516843,48844.40976524942,40556.77070350058,42723.70758928572,43387.95846354167,42468.32301324704,0.02792714728629826
2022-04-12,39533.71484375,40617.5859375,39388.328125,40127.18359375,30991500854,0.015315083892861292,0.025906300465151855,1,38.08024692890808,-345.02409672169597,481.6647883770083,49103.71625156717,40020.88687343282,41948.16350446428,43463.87578125,41883.03815837278,0.031459036269182214
2022-04-13,40123.5703125,41430.0546875,39712.74609375,41166.73046875,27691105228,0.025906300465151855,-0.029908006531745968,0,42.82251062721187,-448.7238517322112,295.5870603551644,49195.433703122166,39649.74910937784,41656.73381696428,43513.875,41703.96123596708,0.03111379865189514
2022-04-14,41160.21875,41451.48046875,39695.74609375,39935.515625,24342001973,-0.029908006531745968,0.015473675726454417,1,39.01163252304791,-623.0730051395076,111.85504725623,49360.50969941318,39043.35162871182,41146.97209821428,43533.766015625,41261.84983322531,0.0315885229700533
2022-04-15,39939.40234375,40617.72265625,39866.83203125,40553.46484375,21756855753,0.015473675726454417,-0.0031805042860567623,0,41.81061590650335,-703.2757032632944,-51.1711028476749,49398.95899313848,38610.16600686152,40899.22935267857,43514.08385416667,41084.75358585647,0.032127552483231986
2022-04-16,40552.31640625,40633.6796875,40078.42578125,40424.484375,16833150693,-0.0031805042860567623,-0.017502542356175654,0,41.38370375643568,-768.3870773259405,-194.61429774332805,49131.58909772714,38237.935121022856,40562.421875,43496.520703125,40919.68628314236,0.031280754576726987
2022-04-17,40417.77734375,40570.7265625,39620.89453125,39716.953125,19087633042,-0.017502542356175654,0.027929174608607443,1,39.0294629444474,-867.084953559337,-329.10842890652987,48781.95191219062,37846.46722843438,40206.60491071428,43427.047265625,40619.002993606766,0.03144398472173525
2022-04-18,39721.203125,40986.3203125,38696.19140625,40826.21484375,33705182072,0.027929174608607443,0.016571096753378534,1,44.37245472377785,-846.0429251403766,-432.4953281532992,48202.03963197166,37762.42794615334,40392.935267857145,43381.566015625,40670.80595614257,0.022250991495513503
2022-04-19,40828.17578125,41672.9609375,40618.6328125,41502.75,25303206547,0.016571096753378534,-0.003093074404708074,0,47.400004024767085,-765.9468741695164,-499.1856373565427,47607.81217092771,37800.66400094728,40589.44475446428,43390.06354166667,40878.791967106925,0.022354159366618886
2022-04-20,41501.74609375,42126.30078125,40961.09765625,41374.37890625,27819532341,-0.003093074404708074,-0.020471984048854197,0,46.87864376782716,-704.7052477060861,-540.2895594264514,47251.91672293268,37740.12976144232,40619.10881696428,43399.94296875,41002.688701892694,0.020448853076684828
2022-04-21,41371.515625,42893.58203125,40063.828125,40527.36328125,35372786395,-0.020471984048854197,-0.019420038833716236,0,43.480346229547244,-716.2612854033214,-575.4839046218254,46702.34344442922,37714.27491494578,40703.658482142855,43338.894791666666,40883.85734673202,0.01827507248817627
2022-04-22,40525.86328125,40777.7578125,39315.41796875,39740.3203125,28011716745,-0.019420038833716236,-0.0063811726165236005,0,40.539600142703854,-779.9366938082458,-616.3744624591095,46186.60406875884,37617.151399991155,40587.49497767857,43233.806901041666,40597.97308817401,0.01881672582289106
2022-04-23,39738.72265625,39935.859375,39352.203125,39486.73046875,16138021249,-0.0063811726165236005,-0.0004416040475622163,0,39.610018214056446,-841.1660560906384,-661.3327811854153,45413.13760613865,37693.93426886135,40453.53013392857,43084.666796875,40320.16243331801,0.018868080365892943
2022-04-24,39478.375,39845.92578125,39233.5390625,39469.29296875,17964398167,-0.0004416040475622163,0.025057850055308917,1,39.54287324437821,-880.9428663564322,-705.2547982196188,44376.18033226655,38015.55326148345,40418.150111607145,42922.018880208336,40107.445067176006,0.017782656300474247
2022-04-25,39472.60546875,40491.75390625,38338.37890625,40458.30859375,35445730570,0.025057850055308917,-0.057858267871623625,0,45.21532895661418,-823.171965666028,-728.8382317089006,43423.15709521675,38458.80813915825,40365.592075892855,42787.268229166664,40195.1609488195,0.017027733341738512
2022-04-26,40448.421875,40713.890625,37884.984375,38117.4609375,34569088416,-0.057858267871623625,0.029478882606909007,1,36.488859375102,-955.2632728525787,-774.1232399376363,43230.12011221277,38142.91738778724,39881.97935267857,42497.1671875,39675.735945989625,0.02532232493778633
2022-04-27,38120.30078125,39397.91796875,37997.3125,39241.12109375,30981015184,0.029478882606909007,0.013575224570606004,1,42.25051762406313,-958.2307144761871,-810.9447348453465,42735.80721755872,38210.95762619128,39577.228236607145,42234.27109375,39567.082232929715,0.029788062021158603
2022-04-28,39241.4296875,40269.46484375,38941.421875,39773.828125,33903704907,0.013575224570606004,-0.02926557389929385,0,44.806870104208635,-907.1404771929592,-830.1838833148691,42467.814185897194,38227.56706410281,39469.580357142855,41977.874348958336,39618.76870594729,0.03002858860713598
2022-04-29,39768.6171875,39887.26953125,38235.53515625,38609.82421875,30882994649,-0.02926557389929385,-0.023179313474195662,0,40.57985479542198,-949.6297427580284,-854.0730552035011,42072.872396320105,38205.27760367989,39308.08091517857,41696.113020833334,39366.532584147964,0.031173726499968246
2022-04-30,38605.859375,38771.2109375,37697.94140625,37714.875,23895713731,-0.023179313474195662,0.019997911964443782,1,37.63973887818106,-1043.4890224855626,-891.9562486599135,41878.42361196008,37950.44670053992,39054.958705357145,41435.319661458336,38953.61818811097,0.03204960952728173
2022-05-01,37713.265625,38627.859375,37585.7890625,38469.09375,27002760110,0.019997911964443782,0.001565786170879102,1,41.48731820841043,-1044.968284124101,-922.5586557527511,41919.257374864545,37804.33207826045,38912.07310267857,41174.90130208333,38832.487078583225,0.03354617213392833
2022-05-02,38472.1875,39074.97265625,38156.5625,38529.328125,32922642426,0.001565786170879102,-0.020215120218891713,0,41.79617909982001,-1029.4137579534508,-943.9296761928911,41914.6533045156,37649.1506017344,38636.50446428572,40930.247265625,38756.69734018742,0.031355032834034235
2022-05-03,38528.109375,38629.99609375,37585.62109375,37750.453125,27326943244,-0.020215120218891713,0.051599856624237495,1,38.934287451480834,-1067.6284310909396,-968.6694271725008,41818.73970761262,37403.436464262384,38584.07477678572,40640.14348958333,38505.13628639056,0.023269526966577945
2022-05-04,37748.01171875,39902.94921875,37732.05859375,39698.37109375,36754404490,0.051599856624237495,-0.07867402068901796,0,48.44244746089212,-930.0125287076007,-960.9380474795208,41802.327844636406,37396.13387411359,38649.396205357145,40409.333333333336,38803.44498823042,0.028934666624227834
2022-05-05,39695.74609375,39789.28125,35856.515625,36575.140625,43106256317,-0.07867402068901796,-0.014606061408683924,0,38.17809867477882,-1060.741958493214,-980.8988296822596,41918.702533635944,36881.92676323906,38192.44084821428,40109.97161458333,38246.36889742281,0.04119865338736963
2022-05-06,36573.18359375,36624.359375,35482.1328125,36040.921875,37795577489,-0.014606061408683924,-0.014954355270636377,0,36.743960274827,-1193.692814211361,-1023.45762658808,42044.25380603067,36318.019240844325,37825.454799107145,39871.111067708334,37695.00714181711,0.040491869547867244
2022-05-07,36042.50390625,36129.92578125,34940.82421875,35501.953125,24375896406,-0.014954355270636377,-0.040636848764922684,0,35.30310992923678,-1327.247911264487,-1084.2156835233613,42236.82748167468,35703.945565200316,37509.32310267857,39604.38125,37146.743637612824,0.04013204639794612
2022-05-08,35502.94140625,35502.94140625,33878.96484375,34059.265625,36763041910,-0.040636848764922684,-0.11046369999353145,0,31.717780479673323,-1531.8459455794437,-1173.7417359345777,42419.74581742141,34844.33230757859,36879.34765625,39330.101302083334,36374.87413445961,0.03964827080445522
2022-05-09,34060.015625,34222.07421875,30296.953125,30296.953125,63355494961,-0.11046369999353145,0.02396125848050934,1,24.67882949841912,-1974.8141098366978,-1333.9562107150018,43105.39192408831,33038.106513411694,35703.29408482143,38913.928515625,34855.39388209471,0.051846415647788364
2022-05-10,30273.654296875,32596.30859375,29944.802734375,31022.90625,59811038817,0.02396125848050934,-0.06725839173272163,0,27.999158516152363,-2241.453144683983,-1515.455597508798,43212.95583370671,31895.39533816829,34742.21595982143,38541.10299479167,33897.27197407103,0.05611320417715913
2022-05-11,31016.18359375,32013.40234375,28170.4140625,28936.35546875,70388855818,-0.06725839173272163,0.003849706798608521,1,24.63741713455869,-2591.263241206114,-1730.6171262482612,43590.03712289325,30359.213267731757,33204.78515625,38188.25143229167,32657.042847740773,0.04563303655549836
2022-05-12,28936.734375,30032.439453125,26350.490234375,29047.751953125,66989173272,0.003849706798608521,0.008102229834508146,1,25.15408875878572,-2826.9145859817872,-1949.8766181949663,43765.13259681314,29114.860957874364,32129.443917410714,37818.93704427083,31754.72012408683,0.045610863247017915
2022-05-13,29030.91015625,30924.802734375,28782.330078125,29283.103515625,42841124537,0.008102229834508146,0.027939733537411415,1,26.30365778458821,-2960.5516735013953,-2152.0116292562525,43740.33280937147,28119.298050003526,31164.04129464286,37422.816145833334,31136.815971971373,0.04776475181549283
2022-05-14,29285.642578125,30192.802734375,28702.91015625,30101.265625,28579868620,0.027939733537411415,0.03999325713567892,1,30.310840627884744,-2966.2481216819833,-2314.8589277413985,43487.334613468105,27435.4935115319,30392.514508928572,37095.0078125,30877.92838522853,0.052284812393059814
2022-05-15,30098.5859375,31308.19140625,29527.740234375,31305.11328125,25835372065,0.03999325713567892,-0.046069001557128786,0,35.83900759254368,-2840.874322217409,-2420.062006636601,42880.223498980806,27127.285094769195,29999.06417410714,36786.72942708333,30984.724609233897,0.05624493113264105
2022-05-16,31304.375,31305.341796875,29251.884765625,29862.91796875,32613897286,-0.046069001557128786,0.018850785235190015,1,32.51170080074708,-2825.3192698196144,-2501.1134592732037,42634.90669236601,26547.147604508988,29937.059151785714,36434.67721354167,30704.272949112925,0.04014120881071594
2022-05-17,29862.408203125,30694.490234375,29570.302734375,30425.857421875,29101473475,0.018850785235190015,-0.05605711989808215,0,35.04660200490606,-2736.0280413974688,-2548.096375698057,42092.049810064775,26208.47811962272,29851.766462053572,36124.9740234375,30634.669067303443,0.0396474783326332
2022-05-18,30424.478515625,30618.716796875,28720.271484375,28720.271484375,31285268319,-0.05605711989808215,0.05550304428240649,1,31.220402154895112,-2770.948856976731,-2592.6668719537915,41434.819073218765,25760.353192406244,29820.897321428572,35721.442578125,30156.06967157133,0.036694730030920546
2022-05-19,28720.359375,30430.751953125,28708.955078125,30314.333984375,33773447707,0.05550304428240649,-0.036734890846488066,0,38.029974391072514,-2639.5690246587546,-2602.047302494784,40789.74999260186,25575.873249585646,30001.83761160714,35348.495377604166,30195.63574977225,0.04245324971561242
2022-05-20,30311.119140625,30664.9765625,28793.60546875,29200.740234375,30749382605,-0.036734890846488066,0.007927413013061102,1,35.39369052808864,-2595.389238373631,-2600.7156896705537,40254.04194347604,25260.167822148953,29990.071428571428,34942.707421875,29946.911870922937,0.04551292593330013
2022-05-21,29199.859375,29588.869140625,29027.39453125,29432.2265625,17274840442,0.007927413013061102,0.030289794482822652,1,36.38096176020846,-2512.732214529173,-2583.118994642278,39451.80022487246,25158.722822002543,29894.49441964286,34572.86953125,29818.240543817203,0.04410810309457742
2022-05-22,29432.47265625,30425.861328125,29275.18359375,30323.72265625,21631532270,0.030289794482822652,-0.04039123144227663,0,40.17271137938125,-2348.220815553839,-2536.13935882459,38485.6712020701,25304.291297929896,29754.295758928572,34258.98294270833,29944.611071925403,0.042684352741530845
2022-05-23,30309.396484375,30590.5859375,28975.560546875,29098.91015625,31483454557,-0.04039123144227663,0.019130468401079792,1,36.917221094019176,-2290.2756076323785,-2486.966608586148,37577.548795140436,25347.259407984566,29645.151785714286,33912.722265625,29733.18584300655,0.04179087881962035
2022-05-24,29101.125,29774.35546875,28786.58984375,29655.5859375,26616506245,0.019130468401079792,-0.003143576713387941,0,39.323911549214856,-2174.3697487038007,-2424.447236609679,35805.170126907295,26115.3595605927,29535.11300223214,33585.59869791667,29713.785866629914,0.04181531610985971
2022-05-25,29653.134765625,30157.78515625,29384.94921875,29562.361328125,27525063551,-0.003143576713387941,-0.009983529917456657,0,39.05519085555314,-2066.217893610712,-2352.8013680098857,34740.82150585551,26478.430251956994,29655.411551339286,33222.40045572917,29675.929732003686,0.034799468376708324
2022-05-26,29564.77734375,29834.16015625,28261.90625,29267.224609375,36774325352,-0.009983529917456657,-0.02185551924250806,0,38.16599316673442,-1981.4805614168617,-2278.537206691281,33597.88564334463,26943.996387905376,29505.82449776786,32927.392578125,29573.753451346514,0.026714742722607168
2022-05-27,29251.140625,29346.943359375,28326.61328125,28627.57421875,36582005748,-0.02185551924250806,0.006543557286537771,1,36.24018057509425,-1943.536180614934,-2211.537001476012,32307.016819986162,27547.427320638835,29423.94363839286,32573.607682291666,29337.208643197388,0.02421617273496958
2022-05-28,28622.625,28814.900390625,28554.56640625,28814.900390625,35519577634,0.006543557286537771,0.02190035821988534,1,37.23895653689998,-1876.7157183485833,-2144.5727448505263,31155.334141007643,28174.673476179854,29335.75418526786,32208.310091145835,29206.63158005429,0.024121606817774102
2022-05-29,29019.8671875,29498.009765625,28841.107421875,29445.95703125,18093886409,0.02190035821988534,0.07744470968730455,1,40.613854944740616,-1752.6357299322262,-2066.185341866866,31086.546510078184,28158.361497734313,29210.35909598214,31902.8478515625,29266.462942853217,0.02234832344432776
2022-05-30,29443.365234375,31949.630859375,29303.572265625,31726.390625,39277993274,0.07744470968730455,0.0020777630413166825,1,50.89086155607967,-1453.534076487129,-1943.6550887909189,31279.871893122614,28035.384552189887,29585.713448660714,31703.231705729166,29881.444863389912,0.03244286667591127
2022-05-31,31723.865234375,32249.86328125,31286.154296875,31792.310546875,33538210634,0.0020777630413166825,-0.06269536357891181,0,51.15400611181017,-1197.372114048816,-1794.3984938424983,31632.756891066296,27968.095062058703,29890.959821428572,31480.672265625,30359.161284261183,0.032533863317687484
2022-06-01,31792.5546875,31957.28515625,29501.587890625,29799.080078125,41135817341,-0.06269536357891181,0.02243049790035867,1,43.55442171181958,-1142.0342935310618,-1663.9256537802112,31637.572435466216,28038.412330158782,29924.776785714286,31189.663997395834,30219.140982727138,0.042830505483997174
2022-06-02,29794.890625,30604.734375,29652.705078125,30467.48828125,29083562061,0.02243049790035867,-0.02504629358369581,0,46.4285900798063,-1032.3435029213542,-1537.6092236084398,31697.804128970773,28096.619113216726,30096.243024553572,30946.898502604166,30281.227807357853,0.04308069640404049
2022-06-03,30467.806640625,30633.03515625,29375.689453125,29704.390625,26175547452,-0.02504629358369581,0.004326748833952898,1,43.69320061868108,-995.5127135927105,-1429.189921605294,31677.275274759704,28077.460467427794,30250.07393973214,30613.7658203125,30137.01851176839,0.043446658066226114
2022-06-04,29706.138671875,29930.564453125,29500.005859375,29832.9140625,16588370958,0.004326748833952898,0.00247203631266113,1,44.28854067605689,-945.05922592961,-1332.3637824701575,31480.271194729303,28127.2446255832,30395.504464285714,30389.024934895835,30060.992399451294,0.043450910746746195
2022-06-05,29835.1171875,30117.744140625,29574.44921875,29906.662109375,17264085441,0.00247203631266113,0.048952630028413324,1,44.65017809821521,-888.8771993667324,-1243.6664658494724,31482.875506377324,28129.014727997677,30461.319475446428,30184.549609375,30022.40982693222,0.04286592264101666
2022-06-06,29910.283203125,31693.291015625,29894.1875,31370.671875,31947336829,0.048952630028413324,-0.006859698773187373,0,51.3952376470794,-717.9431835839423,-1138.5218093963665,31646.502459658073,28059.869220029428,30410.502511160714,30046.840234375,30359.475338949167,0.035305014584720296
2022-06-07,31371.7421875,31489.68359375,29311.68359375,31155.478515625,40770974039,-0.006859698773187373,-0.03020730515832104,0,50.422570785666196,-593.0052547745363,-1029.4184984720005,31774.717405023406,28175.17497778909,30319.526506696428,29950.047330729165,30558.476133118125,0.03533385022599004
2022-06-08,31151.48046875,31253.69140625,29944.404296875,30214.35546875,30242059107,-0.03020730515832104,-0.003387708269364409,0,46.296020604372266,-563.4368612440921,-936.2221710264188,31766.47252565936,28173.42200559064,30378.8515625,29947.294075520833,30472.445967026095,0.02730777283710824
2022-06-09,30215.279296875,30609.310546875,30020.265625,30111.998046875,21692004719,-0.003387708269364409,-0.03414563715680452,0,45.85645847321641,-542.0150724881096,-857.380751318757,31777.58248604777,28253.437826452227,30328.067243303572,29916.93046875,30382.33398698832,0.02583906161468754
2022-06-10,30110.330078125,30245.80859375,28978.146484375,29083.8046875,29867476527,-0.03414563715680452,-0.024858994495164377,0,41.585202780040376,-601.0759325013678,-806.1197875552792,31789.528702387794,28206.649422612205,30239.412109375,29921.845442708334,30057.70166211624,0.02740855993095868
2022-06-11,29084.666015625,29401.916015625,28236.212890625,28360.810546875,27246574439,-0.024858994495164377,-0.056351073137826724,0,38.84528200772794,-698.1735641570413,-784.5305428756317,31819.749302407232,27980.13761165527,30029.11160714286,29898.947395833333,29633.478883305932,0.02836594145465227
2022-06-12,28373.513671875,28502.685546875,26762.6484375,26762.6484375,34163220274,-0.056351073137826724,-0.15974726027617203,0,33.57864817161045,-893.7795285763568,-806.3803400157768,32122.20421214236,27444.05653004514,29579.966796875,29814.9322265625,28915.77127185445,0.03340529955979032
2022-06-13,26737.578125,26795.58984375,22141.2578125,22487.388671875,68204556440,-0.15974726027617203,-0.012477914053041661,0,24.147050010227275,-1377.8929061789422,-920.6828532484101,33374.37261721715,25475.06839840785,28310.926339285714,29561.136328125,27308.675621859587,0.05357907348029089
2022-06-14,22487.986328125,23018.951171875,20950.818359375,22206.79296875,50913575242,-0.012477914053041661,0.01648355417709846,1,23.676991636525457,-1763.8652335393272,-1089.3193293065935,34104.180396004704,24009.703783682795,27032.54268973214,29257.858984375,26033.20495858219,0.05294950709382978
2022-06-15,22196.73046875,22642.671875,20178.376953125,22572.83984375,54912007015,0.01648355417709846,-0.09707194434960298,0,25.70872127690201,-2016.9638563027147,-1274.848234705818,34503.77448457866,22940.671218546337,25940.897600446428,29014.856380208334,25168.113679874146,0.05795725376187697
2022-06-16,22576.3046875,22868.921875,20265.2265625,20381.650390625,31183975654,-0.09707194434960298,0.004407495444594733,1,21.943102309434764,-2367.0708948275606,-1493.2927667301665,35140.56534258784,21479.287977724656,24550.84793526786,28680.049479166668,23971.49785756186,0.05911120278275104
2022-06-17,20385.71875,21243.3125,20326.51953125,20471.482421875,27132421514,0.004407495444594733,-0.07101780974085614,0,22.44464013046762,-2607.230026280613,-1716.080218640256,35521.56566219173,20263.945861245767,23320.516183035714,28405.08984375,23096.493998640144,0.06279785483230875
2022-06-18,20473.42578125,20736.041015625,17708.623046875,19017.642578125,42009436760,-0.07101780974085614,0.0807475952890373,1,20.184289097167806,-2881.652694854598,-1949.1947138831245,35879.117835985,18863.56224214,21985.777901785714,28028.533463541666,22076.781143511358,0.06249740278801151
2022-06-19,19010.90234375,20683.822265625,18067.15234375,20553.271484375,35329942625,0.0807475952890373,0.002251010260589048,1,28.387882965152116,-2941.316551559521,-2147.6190814184038,35566.98678245065,18058.381381611845,21098.724051339286,27740.284505208332,21695.903728727266,0.0804307489798538
2022-06-20,20553.37109375,20913.322265625,19689.169921875,20599.537109375,30818458597,0.002251010260589048,0.0053914098304885805,1,28.62590284494202,-2950.8517563675377,-2308.265616408231,35093.087101982695,17413.003718329805,20829.03097098214,27445.8615234375,21421.8120738892,0.05859270957164125
2022-06-21,20594.294921875,21620.62890625,20415.0625,20710.59765625,28970212744,0.0053914098304885805,-0.034937106663198714,0,29.233950653138237,-2915.8348873767536,-2429.779470601936,34795.79890393548,16801.44367418952,20615.28878348214,27125.4240234375,21244.0084694794,0.05890368941365908
2022-06-22,20719.4140625,20835.75,19848.078125,19987.029296875,28574793478,-0.034937106663198714,0.05497803800296652,1,27.585118682804733,-2912.8916837885154,-2526.401913239252,34343.559764776815,16205.636914910683,20245.887276785714,26821.694661458332,20929.763676328297,0.05848794822685918
2022-06-23,19986.607421875,21135.76171875,19950.1171875,21085.876953125,26188097173,0.05497803800296652,0.006913598955313738,1,33.700734681149626,-2789.73304533575,-2579.0681396585514,33848.54572481605,15838.799587683945,20346.491071428572,26536.0376953125,20968.791995527474,0.05100751204163003
2022-06-24,21084.6484375,21472.91796875,20777.51171875,21231.65625,24957784918,0.006913598955313738,0.012748964915301864,1,34.49115010811079,-2649.8202873062546,-2593.2185691880923,33244.167458276774,15583.052072973222,20455.087332589286,26258.347526041667,21034.508059145603,0.05100347620624916
2022-06-25,21233.609375,21520.9140625,20964.5859375,21502.337890625,18372538715,0.012748964915301864,-0.02209261947079333,0,36.01647544426023,-2488.4118099705374,-2572.2572173445815,32533.46372321133,15453.323386163667,20810.043805803572,25999.51796875,21151.46551701545,0.037999640437038414
2022-06-26,21496.494140625,21783.724609375,21016.26953125,21027.294921875,18027170497,-0.02209261947079333,-0.013877981325425726,0,34.49830998217939,-2371.4893729842006,-2532.1036484725055,31396.934596442075,15555.514817620427,20877.76143973214,25746.175325520835,21120.422868230336,0.028532537239830527
2022-06-27,21028.23828125,21478.08984375,20620.19921875,20735.478515625,20965695707,-0.013877981325425726,-0.02193553187871977,0,33.56240352247981,-2276.13675677856,-2480.9102701337165,30121.81603610757,15788.633377954931,20897.181640625,25476.861263020834,21024.186780079002,0.029301240778241634
2022-06-28,20731.544921875,21164.423828125,20228.8125,20280.634765625,21381535161,-0.02193553187871977,-0.008708372798288844,0,32.10061293968482,-2211.7752425800863,-2427.0832646229906,28882.31743485425,16034.759908895754,20835.758370535714,25171.350520833334,20838.2987764655,0.030463191136519806
2022-06-29,20281.169921875,20364.15625,19937.791015625,20104.0234375,23552740328,-0.008708372798288844,-0.01588223750298734,0,31.526433085421004,-2150.2327919037307,-2371.7131700791388,27403.96387858143,16512.31600423107,20852.471819196428,24783.93828125,20654.729941724127,0.027268423535234843
2022-06-30,20108.3125,20141.16015625,18729.65625,19784.7265625,26267239923,-0.01588223750298734,-0.02604834458398897,0,30.465462847853644,-2102.9826705259184,-2317.967070168495,25918.340873502464,17068.031196810036,20666.593191964286,24383.685481770834,20437.229096918094,0.013761333446727376
2022-07-01,19820.470703125,20632.671875,19073.708984375,19269.3671875,30767551159,-0.02604834458398897,-0.0014069651515379311,0,28.781831562236462,-2083.1090193549717,-2270.9954600057904,24249.793196720202,17827.4345376548,20386.266183035714,24032.695052083334,20145.263619563568,0.013038392311774706
2022-07-02,19274.8359375,19371.748046875,19027.08203125,19242.255859375,18100418740,-0.0014069651515379311,0.002848954556089245,1,28.692000748024256,-2045.9620878394999,-2225.9887855725324,22621.822583101464,18703.365893461036,20063.397321428572,23658.520638020833,19919.511679516425,0.008596142048748605
2022-07-03,19242.095703125,19558.26953125,18966.951171875,19297.076171875,16390821947,0.002848954556089245,0.04841073013105235,1,29.17337059250511,-1989.1694289559891,-2178.624914249224,22358.81236078704,18647.34486577546,19816.223214285714,23311.61015625,19763.902802606066,0.010472679876368504
2022-07-04,19297.314453125,20258.748046875,19063.06640625,20231.26171875,21594638208,0.04841073013105235,-0.0020338071321012174,0,36.98050838890566,-1847.4832345933391,-2112.396578318047,22089.22604558313,18719.37805597937,19744.192243303572,22991.555078125,19880.74253164205,0.025058949908935566
2022-07-05,20225.353515625,20635.466796875,19341.232421875,20190.115234375,26715546990,-0.0020338071321012174,0.017737930428710857,1,36.788160415196124,-1718.7039330958978,-2033.6580492736173,21645.628634642853,18924.703005982148,19731.260881696428,22667.670182291666,19958.08570732529,0.023675911264977815
2022-07-06,20194.619140625,20595.529296875,19823.51171875,20548.24609375,24598943708,0.017737930428710857,0.053013857820514154,1,39.72671197948121,-1569.6532558688887,-1940.8570905926717,21658.252697220018,18928.738513717482,19794.721261160714,22306.92265625,20105.625803931467,0.024233187541662406
2022-07-07,20547.814453125,21771.81640625,20296.103515625,21637.587890625,25814972520,0.053013857820514154,0.004322538045727464,1,47.69213725732949,-1348.0888126398204,-1822.3034350021014,21836.36979030218,18867.231967510324,20059.41573660714,21989.659635416665,20488.61632560485,0.028689540689410504
2022-07-08,21637.154296875,22314.94140625,21257.453125,21731.1171875,49899834488,0.004322538045727464,-0.006392223420980114,0,48.32359538814133,-1151.6745748875328,-1688.1776629791877,21955.405953017416,19019.543265732584,20411.094308035714,21706.885026041666,20799.241541078638,0.023608202822102946
2022-07-09,21716.828125,21877.138671875,21445.95703125,21592.20703125,29641127858,-0.006392223420980114,-0.03388990349346599,0,47.4082137631197,-995.7454315643736,-1549.691216696225,22084.494025133725,18994.348748303775,20746.801618303572,21422.8919921875,20997.48291362148,0.024339467828234904
2022-07-10,21591.080078125,21591.080078125,20727.123046875,20860.44921875,28688807249,-0.03388990349346599,-0.04265931997884009,0,42.807924177877524,-920.605040139515,-1423.8739813848829,22103.743144410582,19001.190839964416,20970.140625,21148.780143229167,20963.22448990361,0.03092923401085443
2022-07-11,20856.353515625,20856.353515625,19924.5390625,19970.556640625,24150249025,-0.04265931997884009,-0.03237979740682695,0,37.98117358199941,-922.2317192993614,-1323.5455289677786,22085.0839918372,18945.845890975303,20932.897042410714,20869.105013020835,20715.057527583955,0.03199771765502917
2022-07-12,19970.474609375,20043.4453125,19308.53125,19323.9140625,25810220018,-0.03237979740682695,0.04596171114078618,1,34.90162060640253,-964.5804431718971,-1251.7525118086023,22121.643373394625,18842.974985980378,20809.15401785714,20621.147200520834,20367.271661312963,0.03408333051476495
2022-07-13,19325.97265625,20223.052734375,18999.953125,20212.07421875,33042430345,0.04596171114078618,0.017704551212910147,1,41.872859001324485,-915.9168902296151,-1184.585387492805,22057.732337913705,18819.505748023792,20761.129464285714,20545.303385416668,20328.472300672223,0.03868383912021932
2022-07-14,20211.466796875,20789.89453125,19689.2578125,20569.919921875,31158743333,0.017704551212910147,0.012951348577769028,1,44.45382974781427,-838.8062796668019,-1115.4295659276045,21985.03065771115,18826.03379541385,20608.60546875,20490.740950520834,20388.834205972915,0.032099371323962754
2022-07-15,20573.15625,21138.244140625,20397.0,20836.328125,25905575359,0.012951348577769028,0.01698899533192111,1,46.36325645227376,-747.5810012880575,-1041.859852999695,21884.481748101116,18859.981728461386,20480.778459821428,20432.8572265625,20500.707685729685,0.03275496528263311
2022-07-16,20834.103515625,21514.404296875,20518.8984375,21190.31640625,24302954056,0.01698899533192111,-0.01939436147960416,0,48.877939180428925,-639.3503818170939,-961.3579587631748,21908.34396450931,18852.42166049069,20423.36551339286,20459.812760416666,20673.109865859762,0.03382688366948799
2022-07-17,21195.041015625,21600.640625,20778.1796875,20779.34375,22927802083,-0.01939436147960416,0.08211740099467768,1,46.17146918859139,-580.0524117122986,-885.0968493529997,21912.694179044764,18852.457969392734,20411.77901785714,20470.0748046875,20699.668336894818,0.03195467065843277
2022-07-18,20781.912109375,22633.033203125,20781.912109375,22485.689453125,39974475562,0.08211740099467768,0.0401919693193753,1,56.8539111544104,-390.86485868332966,-786.2504512190658,22274.731590396106,18710.926026791392,20771.08370535714,20585.6763671875,21146.17361595236,0.03841735396298581
2022-07-19,22467.849609375,23666.962890625,21683.40625,23389.43359375,48765202697,0.0401919693193753,-0.006742410894342465,0,61.24115703125927,-166.09314228675066,-662.2189894326028,22828.52010883842,18485.67852397408,21351.872209821428,20680.215104166666,21706.988610401768,0.03188481170223552
2022-07-20,23393.19140625,24196.818359375,23009.94921875,23231.732421875,42932549127,-0.006742410894342465,-0.0028884421706671937,0,60.092877428812436,-0.6772968004079303,-529.9106509061638,23231.48833617866,18427.410882571337,21783.251953125,20767.954947916667,22088.174563270073,0.033154427094901635
2022-07-21,23233.201171875,23388.322265625,22431.1484375,23164.62890625,33631012204,-0.0028884421706671937,-0.01941107679491816,0,59.580951958863835,123.57674382194455,-399.2131719605422,23518.586453110423,18529.838937514578,22153.924665178572,20849.755989583333,22357.288149015054,0.034340906903795834
2022-07-22,23163.751953125,23671.927734375,22603.416015625,22714.978515625,31421555646,-0.01941107679491816,-0.010983941711781742,0,56.130342454754555,183.64894683720922,-282.6407482009919,23655.076167203955,18740.621489046043,22422.303292410714,20940.687630208333,22446.71074066754,0.03713624828261814
2022-07-23,22706.984375,22977.2109375,22002.91015625,22465.478515625,24021799169,-0.010983941711781742,0.006395837363315726,1,54.252795713992825,208.7180637655547,-184.36898580768258,23709.217760857562,19003.320129767435,22604.469308035714,20986.674348958335,22451.4026844069,0.038124876076908065
2022-07-24,22465.509765625,22974.001953125,22306.83984375,22609.1640625,23565495303,0.006395837363315726,-0.05517510011323534,0,55.18254840135323,237.44265126622122,-100.00665839290181,23829.02151697375,19121.30660802625,22865.872209821428,21032.591276041665,22490.843028930176,0.03611873167534347
2022-07-25,22607.15625,22649.12109375,21361.642578125,21361.701171875,35574561406,-0.05517510011323534,-0.005708686992848544,0,46.371062271743085,157.7290615799502,-48.45951439833141,23813.923932765807,19253.56278598419,22705.30245535714,21027.903385416666,22208.557564666382,0.028618837616734727
2022-07-26,21361.12109375,21361.12109375,20776.81640625,21239.75390625,28624673855,-0.005708686992848544,0.0796052030234431,1,45.604436147647334,83.7499252621601,-22.017626466233107,23808.29343832132,19328.344061678676,22398.20535714286,21034.9853515625,21966.356650062284,0.019970413086999945
2022-07-27,21244.169921875,22986.529296875,21070.806640625,22930.548828125,31758955233,0.0796052030234431,0.0398306162434614,1,56.373749422057834,159.712875758054,14.328473978624313,23950.49643829111,19315.43715545889,22355.179129464286,21108.154361979166,22207.404694577963,0.040724745003357016
2022-07-28,22933.640625,24110.470703125,22722.265625,23843.88671875,40212386158,0.0398306162434614,-0.0016462880701044735,0,60.87937906846013,290.2667812305299,69.51613542900543,24248.98619438819,19228.22435248681,22452.215959821428,21226.929427083334,22616.52520062097,0.043528024801120356
2022-07-29,23845.212890625,24294.787109375,23481.173828125,23804.6328125,35887249746,-0.0016462880701044735,-0.006235163651508224,0,60.589749533062104,386.11335531887016,132.83557940697838,24514.27282087294,19184.18030412706,22607.880859375,21350.283072916667,22913.552103590726,0.042374504416089545
2022-07-30,23796.818359375,24572.580078125,23580.5078125,23656.20703125,28148218301,-0.006235163651508224,-0.013497960448739299,0,59.438286342504114,444.96643958672576,195.26175144292787,24724.303925482935,19253.724980767067,22777.984933035714,21479.332421875,23099.215835505544,0.04206664600267585
2022-07-31,23652.0703125,24121.642578125,23275.703125,23336.896484375,23553591896,-0.013497960448739299,-0.0009725914343493569,0,56.93163925194653,460.5334968597017,248.31610052628267,24787.352141812953,19527.310748812044,22881.946707589286,21614.916731770834,23158.635997722908,0.04286943172703301
2022-08-01,23336.71875,23464.787109375,22890.796875,23314.19921875,25849159141,-0.0009725914343493569,-0.014415336683737068,0,56.7484391145926,465.6710561905529,291.78709165913676,24684.892718057818,20028.798688192182,23160.875,21750.648177083334,23197.52680297968,0.03412723838321133
2022-08-02,23308.43359375,23415.041015625,22710.083984375,22978.1171875,28389250717,-0.014415336683737068,-0.0057275961266136655,0,53.9786266002238,437.57945424246645,320.9455641758027,24616.581252381322,20373.714450743675,23409.21261160714,21873.349544270834,23142.674399109757,0.035070642749517725
2022-08-03,22981.302734375,23578.650390625,22747.8359375,22846.5078125,26288169966,-0.0057275961266136655,-0.009434736504108754,0,52.889957522636664,400.0849503886384,336.7734414183699,24540.826463308305,20677.128028879193,23397.20675223214,21960.5244140625,23068.632752457317,0.018487832007282483
2022-08-04,22848.21484375,23198.009765625,22485.701171875,22630.95703125,25120229769,-0.009434736504108754,0.029091011085651708,1,51.073128832765455,348.95460783491944,339.20967470167983,24451.270847173968,20946.14653563853,23223.931082589286,22041.885807291666,22959.213822155485,0.005308929289192496
2022-08-05,22626.833984375,23422.828125,22612.177734375,23289.314453125,28881249043,0.029091011085651708,-0.014085221654344782,0,56.04012708601664,357.4370727320311,342.8551543077501,24429.121530206132,21178.195657293865,23150.31417410714,22133.254752604167,23041.738979897862,0.01490954434094589
2022-08-06,23291.423828125,23326.5625,22961.279296875,22961.279296875,15978259885,-0.014085221654344782,0.009346662498644243,1,53.145096847968944,333.841474956469,341.05241843749394,24246.891822275105,21578.618919912395,23051.03878348214,22177.377799479167,23021.624059142145,0.015475508153024776
2022-08-07,22963.505859375,23359.009765625,22894.556640625,23175.890625,15886817043,0.009346662498644243,0.02733856978257987,1,54.79060348236172,328.670426236793,338.5760199973538,24271.09595755191,21623.434901823093,23028.037946428572,22225.5369140625,23060.190700606607,0.015583754485894406
2022-08-08,23179.52734375,24203.689453125,23176.546875,23809.486328125,28575544847,0.02733856978257987,-0.02709709734425869,0,59.331550856961854,371.41674983976554,345.1441659658361,24332.21280941734,21604.32332339516,23098.79324776786,22299.446223958334,23247.514607486202,0.01888210017091281
2022-08-09,23811.484375,23898.615234375,22982.0,23164.318359375,23555719219,-0.02709709734425869,0.033815983988709775,1,53.44488770298938,349.20839903195156,345.9570125790592,24326.552336313503,21603.242390248994,23125.393415178572,22376.241861979168,23226.7155454584,0.021302591162161703
2022-08-10,23162.8984375,24127.4140625,22771.51953125,23947.642578125,32837431722,0.033815983988709775,0.00041284726535173455,1,58.79090110505052,390.3165131536698,354.82891269398135,24429.93452731036,21578.161566439638,23282.698381696428,22508.811393229167,23406.94730362505,0.02416461982998506
2022-08-11,23948.345703125,24822.62890625,23900.99609375,23957.529296875,37127036580,0.00041284726535173455,0.018586602023192844,1,58.85512161600041,418.86435775725477,367.6360017066361,24543.614583219405,21588.736588655596,23472.20870535714,22663.265234375,23544.592801937535,0.02332051823574458
2022-08-12,23957.203125,24412.56640625,23657.265625,24402.818359375,27265804688,0.018586602023192844,0.0008708010561344626,1,61.746632569471004,471.9791542955936,388.5046322244276,24722.032161376806,21604.052994873196,23631.280691964286,22802.956705729168,23759.1491912969,0.022071978507083822
2022-08-13,24402.1875,24860.05078125,24346.115234375,24424.068359375,22987346289,0.0008708010561344626,-0.004288162539464846,0,61.88429473871926,509.9097880017471,412.7856633798915,24882.95649718593,21624.61908875157,23840.250558035714,22931.4283203125,23925.378983316423,0.020359158735093943
2022-08-14,24429.056640625,24974.9140625,24206.259765625,24319.333984375,22994133555,-0.004288162539464846,-0.007498615226969818,0,60.72438798378282,525.4617042900245,435.3208715619181,24843.124992785408,21960.213874402092,24003.599609375,23047.528515625,24023.867733581064,0.020967982160175758
2022-08-15,24318.31640625,25135.58984375,23839.775390625,24136.97265625,35123501685,-0.007498615226969818,-0.010510085263709001,0,58.6626544861237,517.1107441037493,451.6788460702844,24626.907055702726,22466.153686484777,24050.383370535714,23145.750390625,24052.1439642483,0.019439993709275523
2022-08-16,24126.13671875,24228.416015625,23733.5,23883.291015625,27753685646,-0.010510085263709001,-0.02291530796119967,0,55.8232611463179,484.4382570235757,458.23072826094267,24645.324698953988,22543.010261983512,24153.09375,23249.215299479165,24009.930727092473,0.0159908028548618
2022-08-17,23881.31640625,24407.05859375,23243.353515625,23335.998046875,30931623076,-0.02291530796119967,-0.005281958173694035,0,50.18023510522548,409.6607923508054,448.51674107891523,24619.111249854555,22518.434843895448,24065.715959821428,23277.558919270832,23841.447557038104,0.01268093454493521
2022-08-18,23341.0390625,23563.83203125,23177.6015625,23212.73828125,23747613147,-0.005281958173694035,-0.10059931398792521,0,48.97936467727277,336.5732727157156,426.1280474062753,24594.608627976486,22483.748012648517,23959.317243303572,23271.669075520833,23684.270238091078,0.012561175341308968
2022-08-19,23213.3125,23213.3125,20868.84765625,20877.552734375,40509610260,-0.10059931398792521,0.013819043648011897,1,32.91056251724831,89.19277042793328,358.74099201060693,24965.75988053207,21834.73133040543,23455.707868303572,23193.196419270833,22982.59086216206,0.035672668228327736
2022-08-20,20872.841796875,21350.806640625,20856.73046875,21166.060546875,27595671000,0.013819043648011897,0.01738918520335342,1,35.71657891625847,-82.62543601323705,270.46770640583816,25135.944468521764,21447.463148665734,22990.278180803572,23126.577473958332,22528.458283340293,0.037321219550635
2022-08-21,21160.392578125,21668.845703125,21103.197265625,21534.12109375,23102307723,0.01738918520335342,-0.006279006699941081,0,39.20972337693615,-186.93828420346472,178.98650828397757,25199.511115660775,21205.888689026724,22592.390625,23087.215559895834,22279.87398594272,0.03963230835688848
2022-08-22,21531.462890625,21531.462890625,20939.18359375,21398.908203125,31666498758,-0.006279006699941081,0.006036741981122917,1,38.38452707511516,-277.32073734591177,87.72505915799971,25269.190788191383,20978.288118058616,22201.23856026786,23051.663216145833,22059.632540238286,0.03968119684195489
2022-08-23,21401.044921875,21646.203125,20955.138671875,21528.087890625,31878280659,0.006036741981122917,-0.006181150878381003,0,39.690428962885235,-334.66791801482395,3.246463723434985,25311.57718979375,20804.059724268755,21864.78097098214,23015.62734375,21926.746377834963,0.04056925962223816
2022-08-24,21526.455078125,21783.076171875,21195.005859375,21395.01953125,31962253368,-0.006181150878381003,0.009623023027591993,1,38.77867228031348,-386.39930569115677,-74.68269015948337,25358.37018641123,20633.672977651273,21587.49832589286,23016.737955729168,21793.814666188722,0.040447550839014634
2022-08-25,21395.458984375,21789.63671875,21362.44140625,21600.904296875,31028679593,0.009623023027591993,-0.06207539958496022,0,41.0355974413199,-406.1023283427967,-140.96661779614604,25345.57928822977,20477.62286020773,21357.236328125,23028.776302083334,21745.58707386029,0.04121963004657834
2022-08-26,21596.0859375,21804.908203125,20199.482421875,20260.01953125,42326789564,-0.06207539958496022,-0.010773990107132536,0,32.605120398286346,-523.8763891784947,-217.5485720726158,25470.413594142687,20082.662577732313,21269.01729910714,22939.758658854167,21374.195188207716,0.02721527158939638
2022-08-27,20262.48046875,20340.775390625,19890.5234375,20041.73828125,30116729776,-0.010773990107132536,-0.021201944769558057,0,31.471623854493117,-627.5921617514396,-299.55729000838056,25556.26804663619,19683.392890863808,21108.399832589286,22813.020377604167,21041.080961468284,0.026103410033290482
2022-08-28,20041.03515625,20139.0546875,19616.814453125,19616.814453125,24366810591,-0.021201944769558057,0.03472427641744291,1,29.333753491994457,-735.5959680137021,-386.7650256094449,25567.32302065511,19253.070729344894,20834.498883928572,22673.426432291668,20685.014334382464,0.023966942136405732
2022-08-29,19615.154296875,20357.462890625,19600.78515625,20297.994140625,32637854078,0.03472427641744291,-0.024691382971281484,0,36.751129206011676,-757.4923543386831,-460.91049135529255,25532.43231575786,19001.329012367143,20677.225446428572,22561.486002604168,20588.2592859431,0.03010260877893492
2022-08-30,20298.611328125,20542.64453125,19617.640625,19796.80859375,34483360283,-0.024691382971281484,0.012777568511970205,1,33.929276231464,-805.9958646934247,-529.927566022919,25398.020208446822,18720.65772124068,20429.899832589286,22443.483072916668,20390.396612894823,0.03010452236549273
2022-08-31,19799.58203125,20420.990234375,19799.58203125,20049.763671875,33225232872,0.012777568511970205,0.0038592451457939436,1,36.57622379515259,-814.6332997398058,-586.8687127662964,25192.785222720988,18535.116144466512,20237.72042410714,22334.6685546875,20305.238377639867,0.03148510483069299
2022-09-01,20050.498046875,20198.390625,19653.96875,20127.140625,30182031010,0.0038592451457939436,-0.007818752974256604,0,37.40235152149757,-805.9444300853793,-630.6838562301131,24845.860338018356,18454.473255731646,20027.182756696428,22239.636002604166,20260.713939479898,0.030994473691516134
2022-09-02,20126.072265625,20401.568359375,19814.765625,19969.771484375,29123998928,-0.007818752974256604,-0.006894600364241943,0,36.36489461200402,-802.506022855152,-665.0482895551208,24434.09282093172,18420.81108531828,19985.71875,22143.744791666668,20187.978325703672,0.020799538120007482
2022-09-03,19969.71875,20037.009765625,19698.35546875,19832.087890625,23613051457,-0.006894600364241943,0.007796708085036963,1,35.438712479627284,-801.6500528986508,-692.3686422238268,23973.464441630094,18432.714855244907,19955.768694196428,22050.449153645834,20099.005716934003,0.020573361034246614
2022-09-04,19832.470703125,19999.689453125,19636.81640625,19986.712890625,25245861652,0.007796708085036963,-0.008722884940063236,0,37.36798100748936,-779.5090501931445,-709.7967238176903,23460.7562715068,18530.3970488057,20008.611328125,21940.362434895833,20070.93251035675,0.018740848308491837
2022-09-05,19988.7890625,20031.16015625,19673.046875,19812.37109375,28813460025,-0.008722884940063236,-0.04919669232863699,0,36.059560290017856,-767.1864244601347,-721.2746639461792,22918.906981302003,18665.154346822994,19939.23660714286,21835.398828125,20006.29215620506,0.012604025384278615
2022-09-06,19817.724609375,20155.26953125,18800.171875,18837.66796875,43403978910,-0.04919669232863699,0.024029314602578067,1,29.781208819880575,-826.5431758150662,-742.3283663199567,22514.113347089773,18620.114973222724,19802.21651785714,21690.79140625,19714.136109341296,0.02046190390827227
2022-09-07,18837.68359375,19427.171875,18644.466796875,19290.32421875,35239757134,0.024029314602578067,0.0020481649337233954,1,35.40590253319995,-827.5191271522344,-759.3665184864122,21971.969917200342,18770.01699686216,19693.725167410714,21540.152669270832,19608.18313669347,0.022594776386384508
2022-09-08,19289.94140625,19417.3515625,19076.71484375,19329.833984375,32194477850,0.0020481649337233954,0.10612188190716765,1,35.8886291087027,-815.7015678121024,-770.6335283515504,21938.19057974206,18649.024459320444,19579.82421875,21412.3365234375,19538.59584861385,0.0224827990917685
2022-09-09,19328.140625,21439.41015625,19310.962890625,21381.15234375,48469528171,0.10612188190716765,0.014002365912589188,1,54.782723225835376,-633.5091200847892,-743.2086466981982,21974.244347460743,18634.47987128926,19781.450055803572,21326.786848958334,19999.234972397888,0.04768072697617312
2022-09-10,21376.912109375,21760.275390625,21168.72265625,21680.5390625,36913738894,0.014002365912589188,0.004092001431295067,1,56.78449583206804,-459.66357099547895,-686.4996315576544,22004.19695936232,18619.169056262675,20045.514508928572,21250.887174479165,20419.560994923417,0.047042497880985065
2022-09-11,21678.54296875,21770.552734375,21406.9453125,21769.255859375,34493951963,0.004092001431295067,0.027616624254801714,1,57.38652194162404,-311.14433852812,-611.4285729517476,22077.118791920213,18583.281989329786,20300.163504464286,21163.1017578125,20756.98471103631,0.047141052612456776
2022-09-12,21770.1484375,22439.181640625,21603.896484375,22370.44921875,50212088965,0.027616624254801714,-0.09270006906083372,0,61.31900109175895,-143.27886745935393,-517.798631853269,22267.091355907116,18477.545558155387,20665.60323660714,21094.647786458332,21160.350837964732,0.046318671862031556
2022-09-13,22371.48046875,22673.8203125,20062.669921875,20296.70703125,51091116622,-0.09270006906083372,-0.0027402074343571003,0,45.66492429980015,-175.55425559682408,-449.34975660198,22153.175518105974,18481.630145956526,20874.03738839286,20960.560221354168,20944.439886286047,0.05827376790414891
2022-09-14,20184.5546875,20467.201171875,19793.396484375,20241.08984375,37872380889,-0.0027402074343571003,-0.026672422800232853,0,45.33068033872232,-203.27732102536174,-400.1352694866564,21988.1645166641,18510.6597020859,21009.86104910714,20830.6974609375,20768.602375652034,0.05824437850587371
2022-09-15,20242.2890625,20318.166015625,19636.734375,19701.2109375,36389011503,-0.026672422800232853,0.003622774615297697,1,42.108687631024225,-265.74838394202015,-373.25789237772915,21976.527138896246,18466.416220478754,21062.914899553572,20691.294791666667,20501.754516114026,0.059754202156896155
2022-09-16,19704.005859375,19870.62890625,19400.076171875,19772.583984375,30123362273,0.003622774615297697,0.017953757980268437,1,42.68864431581496,-305.9709009044527,-359.8004940830739,21972.478313659274,18443.549616028227,20833.11941964286,20572.514322916668,20319.46188317927,0.03988349902155184
2022-09-17,19777.033203125,20162.53125,19777.033203125,20127.576171875,24957448100,0.017953757980268437,-0.035179114785287124,0,45.60735841762342,-305.67895592169225,-348.97618645079757,21977.718424176805,18489.385677385697,20611.267578125,20469.6755859375,20271.4904553532,0.0403120470225445
2022-09-18,20127.234375,20127.234375,19387.4921875,19419.505859375,31254779144,-0.035179114785287124,0.006417415961943007,1,41.11015751238753,-358.4509446853772,-350.8711380977135,21968.982184087206,18410.273089350292,20275.589006696428,20421.0740234375,20058.49430635865,0.04078113997821196
2022-09-19,19418.572265625,19639.48046875,18390.318359375,19544.12890625,40177002624,0.006417415961943007,-0.033428956945789956,0,42.19062647572133,-385.77016924028067,-357.85094432622697,21970.854432086606,18383.132872600894,19871.828962053572,20367.009635416667,19929.902956331487,0.03772304354031746
2022-09-20,19545.591796875,19602.45703125,18813.455078125,18890.7890625,36791346508,-0.033428956945789956,-0.018177571658806957,0,38.2305141467432,-454.8961569913845,-377.2599868592585,21998.441429121125,18239.648414628875,19670.983537946428,20278.898567708333,19670.124482873613,0.021409118513384964
2022-09-21,18891.283203125,19674.630859375,18290.314453125,18547.400390625,46363793975,-0.018177571658806957,0.04669928789927913,1,36.301870305771814,-531.2635211397828,-408.0606937153634,22040.351798015665,18039.764022296837,19429.027901785714,20183.848307291668,19389.443459811457,0.021331149447969645
2022-09-22,18534.650390625,19456.91015625,18415.591796875,19413.55078125,41135767926,0.04669928789927913,-0.005970680514919002,0,43.97878079977867,-515.9465984011767,-429.63787465252614,22031.057421655172,17993.43632834483,19387.93359375,20113.363736979165,19395.47029017109,0.029501606052952024
2022-09-23,19412.400390625,19464.671875,18617.552734375,19297.638671875,38896078052,-0.005970680514919002,-0.01868762076318642,0,43.22794567623371,-507.3129770786145,-445.1728951377438,22027.185793546483,17943.863034578517,19320.08426339286,20043.451041666667,19371.01238559707,0.02943439084635953
2022-09-24,19296.990234375,19310.197265625,18861.974609375,18937.01171875,26149643168,-0.01868762076318642,-0.007124358610731463,0,40.88899079996072,-523.5353614532032,-460.84538840083576,22025.224326957912,17840.85438397959,19150.00362723214,19954.654622395832,19262.512218885302,0.028303011412788952
2022-09-25,18936.310546875,19134.732421875,18696.46875,18802.09765625,23359966112,-0.007124358610731463,0.022368473265013344,1,40.01665882523397,-541.0413671717142,-476.8845841550115,22031.92678396312,17733.12458322438,19061.80245535714,19906.0572265625,19147.408578226477,0.025737913199093878
2022-09-26,18803.900390625,19274.873046875,18721.28515625,19222.671875,44148798321,0.022368473265013344,-0.005832956039052206,0,44.025645426655714,-515.0411050033508,-484.5158883246794,22020.072055336783,17783.479702475717,19015.880022321428,19878.755013020833,19166.224402419855,0.02749370707676687
2022-09-27,19221.83984375,20338.455078125,18915.66796875,19110.546875,58571439619,-0.005832956039052206,0.016544467837213528,1,43.19675042359734,-497.7455593728264,-487.16182253430884,22022.87844941101,17762.695574026486,19047.273995535714,19861.879427083335,19152.30502056489,0.024000273551682938
2022-09-28,19104.62109375,19688.34375,18553.296875,19426.720703125,53071298734,0.016544467837213528,0.007532412719634118,1,46.26880170478147,-453.30076030335476,-480.38961008811805,22023.01507799045,17772.24761732205,19172.891183035714,19832.836979166666,19220.908941204918,0.022713619814207418
2022-09-29,19427.779296875,19589.265625,18924.353515625,19573.05078125,41037843771,0.007532412719634118,-0.0072171538473359,0,47.67913755017517,-401.64046123549633,-464.63978031759376,21823.526665854613,17790.925873207885,19195.676897321428,19825.378385416665,19308.944401216188,0.014659033380657105
2022-09-30,19573.431640625,20109.849609375,19265.662109375,19431.7890625,43975248085,-0.0072171538473359,-0.0061596674907298254,0,46.41263006100994,-367.8575097722387,-445.2833262085228,21522.691660226876,17866.885878835623,19214.841238839286,19804.779231770834,19339.655566537138,0.014768685712472448
2022-10-01,19431.10546875,19471.154296875,19231.08203125,19312.095703125,18719537670,-0.0061596674907298254,-0.013876706359042923,0,45.31427029560027,-346.74546524521793,-425.57575401586183,21137.006054707876,18006.855468729627,19268.424665178572,19777.611067708334,19332.765600684103,0.012568703022072523
2022-10-02,19311.849609375,19370.30859375,18970.62109375,19044.107421875,20765955327,-0.013876706359042923,0.030427924155919772,1,42.86817239219859,-347.6311568950405,-409.9868345916976,20315.665077003603,18495.562266746394,19302.997488839286,19746.755598958334,19260.601055981828,0.01367434471897609
2022-10-03,19044.068359375,19653.54296875,19025.2265625,19623.580078125,30484729489,0.030427924155919772,0.036347275524413414,1,49.247802819894495,-298.1377272686077,-387.61701312707964,20193.148505888767,18550.766142548735,19360.270089285714,19739.805338541668,19351.34581151762,0.01585031792444221
2022-10-04,19623.583984375,20380.34375,19523.83984375,20336.84375,35887278685,0.036347275524413414,-0.008660486125090072,0,55.79152402439834,-199.06471624626283,-349.9065537509163,20218.99567365804,18534.49436540446,19535.45535714286,19751.4763671875,19597.720296138217,0.019503018270911266
2022-10-05,20335.900390625,20343.748046875,19801.80078125,20160.716796875,33223790572,-0.008660486125090072,-0.01018185214187517,0,53.94201067418964,-133.22488089404214,-306.5702191795415,20299.243203358616,18500.197421641387,19640.311941964286,19763.087890625,19738.46942132241,0.02021028970077961
2022-10-06,20161.0390625,20408.392578125,19900.087890625,19955.443359375,34711412966,-0.01018185214187517,-0.02047530303595302,0,51.78722775128662,-96.49782107797728,-264.55573955922864,20326.886817480507,18490.839745019493,19694.939453125,19800.3470703125,19792.712905835557,0.021004595688506073
2022-10-07,19957.55859375,20041.0859375,19395.79296875,19546.849609375,29227315390,-0.02047530303595302,-0.006665076603316944,0,47.70251675362461,-99.21774206450573,-231.48814006028408,20239.99739041579,18519.656515834213,19711.37667410714,19808.897916666665,19731.24708172042,0.022610955845321114
2022-10-08,19546.328125,19601.6953125,19299.4140625,19416.568359375,16437423167,-0.006665076603316944,0.0015377290838616275,1,46.44460880427838,-110.61085403897232,-207.31268285602175,20239.824367163976,18519.53578908602,19726.301339285714,19811.7890625,19652.577401134065,0.022638642609256215
2022-10-09,19417.478515625,19542.5390625,19349.259765625,19446.42578125,16837262532,0.0015377290838616275,-0.01568110303046133,0,46.79090562731876,-115.89477017664103,-189.02910032014563,20232.253406772557,18517.336436977443,19783.775390625,19747.298177083332,19601.039496163048,0.021681209166177592
2022-10-10,19446.416015625,19515.466796875,19102.978515625,19141.484375,27425022774,-0.01568110303046133,-0.00470529894576166,0,43.68407730346097,-143.03966257593493,-179.8312127713035,20223.177161504962,18551.48221349504,19714.90457589286,19662.663020833334,19486.150715872285,0.01884562477693789
2022-10-11,19139.0,19241.9609375,18925.603515625,19051.41796875,28711532910,-0.00470529894576166,0.005565325579645286,1,42.780566285906595,-169.8617313352006,-177.83731648408292,20172.511983559853,18652.54914925265,19531.272321428572,19572.068424479166,19377.46752909171,0.007214484025608049
2022-10-12,19052.646484375,19203.19921875,19029.7578125,19157.4453125,24950173846,0.005565325579645286,0.011768739552548313,1,44.24258406708335,-180.4824047211223,-178.3663341314908,20167.79387290936,18631.65671302814,19387.947823660714,19464.968294270835,19322.46197494378,0.009154773864452476
2022-10-13,19156.966796875,19453.328125,18319.822265625,19382.904296875,44219840004,0.011768739552548313,-0.010176392755898878,0,47.324710020884005,-168.7613334953203,-176.4453340042567,20170.688577325942,18637.28857111156,19306.15652901786,19434.508203125,19337.572555426585,0.011447253055052408
2022-10-14,19382.533203125,19889.146484375,19115.408203125,19185.65625,38452356727,-0.010176392755898878,-0.0061515479500473536,0,44.98201118278295,-173.38983888399162,-175.8342349802037,20160.148558624405,18672.693042938092,19254.557477678572,19399.327083333334,19299.593479069936,0.00948441401492808
2022-10-15,19185.4375,19212.541015625,19019.25,19067.634765625,16192235532,-0.0061515479500473536,0.010513049302600663,1,43.5915345257632,-184.45502745620252,-177.55839347540348,20137.70728380071,18721.688028699285,19204.709821428572,19378.207877604167,19241.6038007087,0.009449854736220838
2022-10-16,19068.9140625,19389.603515625,19068.9140625,19268.09375,17988916650,0.010513049302600663,0.014670058500208416,1,46.61031365791116,-175.03125305459253,-177.0529653912413,20137.594876868778,18726.342623131222,19179.233816964286,19361.391536458334,19248.226288031525,0.010631753488173176
2022-10-17,19268.5625,19635.802734375,19173.333984375,19550.7578125,27472552998,0.014670058500208416,-0.011065647631146036,0,50.623053784166636,-143.10459572507534,-170.26329145800813,20145.448846568328,18762.509747181673,19237.70145089286,19342.1642578125,19323.859169148644,0.009939937925336767
2022-10-18,19550.466796875,19666.994140625,19144.76953125,19334.416015625,30580012344,-0.011065647631146036,-0.010079479991405349,0,47.66992329189033,-133.71804633471038,-162.95424243334858,20142.729338568653,18755.998786431348,19278.129743303572,19339.3279296875,19326.49838076773,0.01100291842651827
2022-10-19,19335.02734375,19348.416015625,19127.6875,19139.53515625,22425387184,-0.010079479991405349,-0.004482602172654282,0,45.116720790510946,-140.38611127719196,-158.44061620211727,20131.261417062597,18724.115145437405,19275.571149553572,19325.841471354168,19279.757574638297,0.011758998175906612
2022-10-20,19138.0859375,19315.19921875,18971.458984375,19053.740234375,24493974420,-0.004482602172654282,0.006231244583192241,1,43.99943321173207,-150.8545763101647,-156.92340822372677,20130.970036114802,18686.601643572696,19228.547712053572,19331.273177083334,19223.253239572474,0.0105757988026031
2022-10-21,19053.203125,19237.384765625,18770.970703125,19172.46875,32459287866,0.006231244583192241,0.0018631248583989013,1,45.9926673256369,-147.86600406323123,-155.11192739162766,20130.264795406547,18673.344188968455,19226.66378348214,19352.1087890625,19210.557117179353,0.010380461980311074
2022-10-22,19172.380859375,19248.068359375,19132.244140625,19208.189453125,16104440957,0.0018631248583989013,0.018680488353712166,1,46.60839476959485,-140.98993263400553,-152.28752844010324,20125.755128554323,18694.26205894568,19246.743024553572,19345.263411458334,19209.965201165764,0.010031723487815863
2022-10-23,19207.734375,19646.65234375,19124.197265625,19567.0078125,22128794335,0.018680488353712166,-0.011316781236911488,0,52.47031686053334,-105.37228751698422,-142.90448025547943,20119.96907481715,18694.390886120353,19289.44503348214,19354.2423828125,19299.225853999324,0.011653816380239991
2022-10-24,19567.76953125,19589.125,19206.32421875,19345.572265625,30202235805,-0.011316781236911488,0.03878330120960949,1,48.902094650846394,-93.93027542368145,-133.10963928911985,19928.708569297727,18786.52424320227,19260.1328125,19367.861067708334,19310.812456905744,0.011170597365834933
2022-10-25,19344.96484375,20348.412109375,19261.447265625,20095.857421875,47761524910,0.03878330120960949,0.03356831063305088,1,59.060854194665524,-24.043498209000973,-111.29641107309608,19907.645615776735,18801.101259223262,19368.91015625,19410.986393229166,19507.073698148055,0.017889675743864297
2022-10-26,20092.236328125,20938.134765625,20076.1171875,20770.44140625,58895950537,0.03356831063305088,-0.0233314959115013,0,65.66949477947463,84.79806671798724,-72.07751551487942,20187.75223997189,18602.49443971561,19601.89676339286,19462.5787109375,19822.91562517354,0.019054678877099863
2022-10-27,20772.802734375,20854.044921875,20255.373046875,20285.8359375,49625110402,-0.0233314959115013,0.015257721000682789,1,58.37885117658728,130.44845122809784,-31.57232216628397,20313.474482625632,18550.670829874365,19777.91043526786,19501.755013020833,19938.645703255155,0.02273303339374157
2022-10-28,20287.95703125,20724.98046875,20086.068359375,20595.3515625,43994715910,0.015257721000682789,0.01083375534148523,1,61.33166848163039,189.4185350895459,12.625849284882001,20507.657953092705,18474.3656797198,19981.17940848214,19540.709375,20102.822168066366,0.022791760389259886
2022-10-29,20595.103515625,20988.39453125,20566.484375,20818.4765625,40369840645,0.01083375534148523,-0.008784170461560437,0,63.35023932453875,251.26069725917478,60.35281887974056,20728.70762860581,18390.521082331692,20211.22042410714,19582.223567708334,20281.735766674774,0.022475148622058058
2022-10-30,20817.982421875,20917.005859375,20547.462890625,20635.603515625,31486345556,-0.008784170461560437,-0.006776156462742766,0,60.55988253888134,282.2610006640534,104.73445523660314,20875.706295855638,18392.934329144362,20363.876953125,19622.350716145833,20370.20270391233,0.023446478213815295
2022-10-31,20633.6953125,20795.3203125,20287.458984375,20495.7734375,45668466815,-0.006776156462742766,-0.0005123007449325812,0,58.440256840333674,292.1778019352387,142.22312457633026,20971.703214019733,18441.372957855267,20528.19140625,19661.806640625,20401.595387309248,0.02288361494824913
2022-11-01,20494.8984375,20647.2890625,20359.845703125,20485.2734375,39819303159,-0.0005123007449325812,-0.015902620594443806,0,58.27531449700277,295.78010718262885,172.93452109759,21055.11383962209,18490.745144752913,20583.822265625,19709.8455078125,20422.514899856935,0.01864620495708859
2022-11-02,20482.958984375,20742.810546875,20087.134765625,20159.50390625,55552169483,-0.015902620594443806,0.0025042468919260763,1,53.25335859618676,269.2443996022921,192.1964967985304,21091.38037597069,18532.13856934181,20496.545479910714,19727.709635416668,20356.7621514552,0.013837314421490877
2022-11-03,20162.689453125,20382.095703125,20086.240234375,20209.98828125,43228750179,0.0025042468919260763,0.0463751969796804,1,53.916137001960266,249.41324665926368,203.63984677067708,21120.057329671825,18605.894818765675,20485.710100446428,19723.481119791668,20320.0686839039,0.011038128614560909
2022-11-04,20208.76953125,21209.560546875,20188.01953125,21147.23046875,64072727950,0.0463751969796804,0.006405611254872046,1,64.09414408057643,305.7994609157613,224.07176959969394,21286.180787304387,18647.730931445614,20564.549944196428,19756.364908854168,20526.859130115427,0.02057757973124813
2022-11-05,21144.83203125,21446.88671875,21097.634765625,21282.69140625,37846047609,0.006405611254872046,-0.01673684363155281,0,65.28743811657934,357.2978008783648,250.71697585542813,21463.507625374117,18671.86385900088,20630.866350446428,19800.606510416666,20715.81719914907,0.0203984261246066
2022-11-06,21285.056640625,21345.376953125,20920.19140625,20926.486328125,35082693210,-0.01673684363155281,-0.015466997985227438,0,59.67152906545177,365.15851341027883,273.6052833663983,21558.954938507173,18713.989397430327,20672.421037946428,19846.594401041668,20768.48448139305,0.021383265954073444
2022-11-07,20924.62109375,21053.24609375,20489.97265625,20602.81640625,53510852236,-0.015466997985227438,-0.10006131594948431,0,55.03870738666784,341.33601791209367,287.1514302755374,21586.32841480452,18813.455960195482,20687.712890625,19886.136002604166,20727.067462607287,0.02222655793246619
2022-11-08,20600.671875,20664.607421875,17603.544921875,18541.271484375,118992465607,-0.10006131594948431,-0.14349022466876316,0,35.91335232023408,154.32807447576852,260.5867591155836,21667.964096887572,18671.993910924928,20409.99832589286,19855.964192708332,20180.61846804921,0.044253088552835176
2022-11-09,18543.76171875,18590.458984375,15682.6923828125,15880.7802734375,102905151606,-0.14349022466876316,0.10742489862358795,1,24.217637605800718,-206.1797621314763,167.23345486617166,22372.163473745914,17650.498537972835,19798.752092633928,19747.274055989583,19105.658919396283,0.06630126036482205
2022-11-10,15883.158203125,18054.3125,15834.0185546875,17586.771484375,83202283721,0.10742489862358795,-0.03141443647663533,0,38.13129983675217,-350.188827978247,63.748998297287926,22497.849210046126,17366.243075110124,19424.0068359375,19698.452506510417,18725.93706064096,0.08460247380272023
2022-11-11,17583.251953125,17650.943359375,16543.482421875,17034.29296875,55871616488,-0.03141443647663533,-0.013802006476365758,0,35.83661231901455,-503.09804801656355,-49.620410965482364,22671.278303324663,16975.424333394087,18836.4443359375,19627.68076171875,18303.02603766822,0.07994691612295365
2022-11-12,17036.875,17066.67578125,16651.775390625,16799.185546875,29717699419,-0.013802006476365758,-0.026538209918333333,0,34.87480223693069,-635.9204159110632,-166.88041195459854,22823.439619513872,16546.480790642378,18195.943498883928,19541.556803385418,17927.065914969917,0.07887111817985723
2022-11-13,16799.72265625,16920.765625,16320.634765625,16353.365234375,27209183682,-0.026538209918333333,0.016194463988263186,1,33.0627150598483,-768.300581886404,-287.1644459409597,22993.29551253516,16077.404194496092,17542.640485491072,19447.147102864583,17533.640744821187,0.07867267183983075
2022-11-14,16352.0283203125,17109.32421875,15872.94140625,16618.19921875,49630243054,0.016194463988263186,0.016031463998783302,1,35.21615421352979,-842.1353162259293,-398.1586199979537,23032.375132527224,15690.558754191525,16973.40945870536,19365.499251302084,17304.780363303387,0.08066039885333114
2022-11-15,16617.484375,17051.962890625,16542.55078125,16884.61328125,36599436183,0.016031463998783302,-0.0127437818409466,0,37.39798438338314,-869.1336550534652,-492.353627009056,22929.420789138356,15404.930285080394,16736.744001116072,19286.04990234375,17199.73859279004,0.07496011073013772
2022-11-16,16884.341796875,16960.294921875,16430.111328125,16669.439453125,33925512989,-0.0127437818409466,0.0010845070736082985,1,36.333644909642935,-897.5464064633161,-573.392182899908,22862.07022661062,15110.64119917063,16849.409598214286,19190.00595703125,17067.163807873778,0.04772993331357487
2022-11-17,16670.42578125,16726.439453125,16460.68359375,16687.517578125,27868914022,0.0010845070736082985,0.0006148167681003791,1,36.497165973123785,-908.1365304287174,-640.3410524056699,22716.21676381728,14865.711263526468,16720.944754464286,19101.776009114583,16972.25225043658,0.019105721304584614
2022-11-18,16687.912109375,16947.05859375,16564.611328125,16697.77734375,26862218609,0.0006148167681003791,0.0008246325823211276,1,36.5966937627943,-905.266059007834,-693.3260537261027,22495.41907214457,14674.439033324183,16672.87109375,19020.38408203125,16903.633523764936,0.01594554172945491
2022-11-19,16696.220703125,16797.876953125,16570.41015625,16711.546875,16106223492,0.0008246325823211276,-0.025115259939095247,0,36.73999399037514,-891.6022676922403,-732.9812965193303,22261.555805507847,14515.8966358984,16660.35128348214,18942.310970052084,16855.611861573703,0.015194565651077742
2022-11-20,16712.919921875,16746.779296875,16248.6923828125,16291.83203125,21313378652,-0.025115259939095247,-0.030969374751391165,0,34.20245833343954,-904.2178344798267,-767.2286041114296,22027.365495710754,14329.692805070501,16651.56082589286,18846.28974609375,16714.666903992776,0.0147947172634988
2022-11-21,16291.2236328125,16291.2236328125,15599.046875,15787.2841796875,37429485518,-0.030969374751391165,0.025494274188105903,1,31.395279134624587,-944.0461802701902,-802.5921193431817,21774.063976605135,14113.195398394866,16532.85867745536,18732.2595703125,16482.821222916456,0.016585490615560004
2022-11-22,15782.30078125,16253.0478515625,15656.6064453125,16189.76953125,30726828760,0.025494274188105903,0.02600021570334854,1,35.91393066742572,-932.3852700921816,-828.5507494929817,21506.502338970287,13983.78359852971,16433.595284598214,18619.6849609375,16409.55829999984,0.019002412796849666
2022-11-23,16195.5888671875,16638.193359375,16170.5029296875,16610.70703125,32958875628,0.02600021570334854,-0.0003757930043709612,0,40.3397353763089,-879.0446963619179,-838.6495388667689,21179.120321536877,13951.237490963123,16425.204938616072,18528.522786458332,16459.84548281238,0.022050971199712183
2022-11-24,16611.63671875,16771.474609375,16501.767578125,16604.46484375,26129037414,-0.0003757930043709612,-0.004975953615638518,0,40.2952940699705,-827.733997469415,-836.4664305872982,20574.177362003607,14101.903887996397,16413.340262276786,18412.143033854165,16496.000323046785,0.022042649332406492
2022-11-25,16602.26953125,16603.31640625,16388.404296875,16521.841796875,18678255976,-0.004975953615638518,-0.0034839061881034583,0,39.67229107679007,-784.6914536722143,-826.1114352042814,19795.755225344896,14404.241063717609,16388.206612723214,18270.523046875,16502.46069150384,0.0220965839193691
2022-11-26,16521.576171875,16666.86328125,16416.228515625,16464.28125,18000008764,-0.0034839061881034583,-0.0011937537130568554,0,39.217383875974654,-746.6180347365516,-810.2127551107355,18931.2535657974,14822.5222154526,16352.88295200893,18143.137890625,16492.915831127877,0.022087463762532476
2022-11-27,16463.8828125,16594.40625,16437.025390625,16444.626953125,20443898509,-0.0011937537130568554,-0.013822428939733733,0,39.05271782258388,-709.8478295121822,-790.1397699910249,17812.820266719722,15525.136569217777,16374.71079799107,18004.780403645833,16480.84361162716,0.019612063727994726
2022-11-28,16440.22265625,16482.93359375,16054.5302734375,16217.322265625,27743025156,-0.013822428939733733,0.014038085481754337,1,37.11194485164764,-691.0823978747176,-770.3282955677635,17323.5397817801,15782.0221322824,16436.14481026786,17851.40859375,16414.963275126618,0.015525963642156667
2022-11-29,16217.6396484375,16522.2578125,16139.396484375,16444.982421875,23581685468,0.014038085481754337,0.044000289316970864,1,40.31141509654572,-650.3436295932297,-746.3313623728568,17290.140587735397,15871.841541170856,16472.60379464286,17711.721223958335,16422.468061813714,0.013323999506232182
2022-11-30,16445.4765625,17190.9375,16445.4765625,17168.56640625,29523576583,0.044000289316970864,-0.011732697360023692,0,49.1639614824739,-553.2926684585218,-707.7236235899899,17166.60714743233,15953.554473661421,16552.297991071428,17600.814322916667,16608.992647922783,0.019129631928108945
2022-12-01,17168.001953125,17197.498046875,16888.388671875,16967.1328125,22895392882,-0.011732697360023692,0.007162515027905547,1,47.071014968976996,-487.0190378007501,-663.582706432142,17153.373391212328,15960.07221425642,16604.10770089286,17483.54296875,16698.527689067087,0.020106697741467363
2022-12-02,16968.68359375,17088.66015625,16877.880859375,17088.66015625,19539705127,0.007162515027905547,-0.010558102652595158,0,48.49558085989937,-419.85068963239974,-614.8363030721936,17203.642422106004,15938.750644300246,16685.08175223214,17381.181510416667,16796.060805862817,0.019798956720363657
2022-12-03,17090.09765625,17116.041015625,16888.140625,16908.236328125,16217776704,-0.010558102652595158,0.013144481522908036,1,46.49480703887576,-376.83407619272475,-567.2358576962998,17239.36030369093,15958.519872090317,16748.50390625,17271.123111979166,16824.10468642836,0.020472975556961367
2022-12-04,16908.169921875,17157.767578125,16903.439453125,17130.486328125,16824520830,0.013144481522908036,-0.00908673304822849,0,49.27121239528006,-321.1078511195592,-518.0102563809517,17305.6915589672,15943.417327751551,16846.483816964286,17137.231640625,16900.70009685252,0.02058546482921433
2022-12-05,17128.89453125,17378.15234375,16922.431640625,16974.826171875,22209086834,-0.00908673304822849,0.006755753090715411,1,47.415430174077585,-286.20568894121607,-471.6493428930046,17318.179246451204,15939.950929330043,16954.698660714286,16993.6361328125,16919.23161560814,0.01989024495388706
2022-12-06,16975.23828125,17091.86328125,16939.921875,17089.50390625,19889922369,0.006755753090715411,-0.01412428087141393,0,48.941205690649184,-246.45100541611828,-426.60967539762737,17367.83466897953,15932.301952114221,17046.77315848214,16865.73671875,16961.799688268602,0.019631826933666486
2022-12-07,17089.505859375,17109.376953125,16750.55859375,16848.126953125,19675404389,-0.01412428087141393,0.022871839541696026,1,45.92094445976027,-231.7507566880122,-387.6378916557043,17380.937313988987,15935.260244604762,17000.99609375,16740.580403645832,16933.381504482702,0.011197780015084124
2022-12-08,16847.349609375,17267.916015625,16788.783203125,17233.474609375,20496603770,0.022871839541696026,-0.005821360340788395,0,51.108306164231365,-186.85244955985763,-347.480803236535,17450.078012071295,15919.689273084958,17039.044921875,16696.987174479167,17008.404780705776,0.013838629705351038
2022-12-09,17232.1484375,17280.546875,17100.8359375,17133.15234375,20328426366,-0.005821360340788395,-0.00025843080632004245,0,49.76982327144271,-157.54925633768653,-309.49449385676536,17495.76875994143,15916.15907208982,17045.400948660714,16738.73291015625,17039.59167146683,0.013949422650356176
2022-12-10,17134.220703125,17216.826171875,17120.68359375,17128.724609375,12706781969,-0.00025843080632004245,-0.0014321702613265819,0,49.70794814709452,-133.14869052871654,-274.2253331911556,17534.085898525213,15961.531191318536,17076.899274553572,16723.464680989582,17061.874905943874,0.013112298120896846
2022-12-11,17129.7109375,17245.634765625,17091.8203125,17104.193359375,14122486832,-0.0014321702613265819,0.005977723618808328,1,49.34194145810778,-114.47098295155956,-242.27446314323637,17478.311957192567,16148.99605061993,17073.143136160714,16725.794694010416,17072.454519301657,0.012156342629732989
2022-12-12,17102.5,17212.564453125,16899.39453125,17206.4375,19617581341,0.005977723618808328,0.033410801008343594,1,50.96260914889435,-90.37671100562511,-211.89491271571413,17484.522453930615,16244.45235075689,17106.23046875,16739.369759114583,17105.950264476243,0.011634141104817173
2022-12-13,17206.44140625,17930.0859375,17111.763671875,17781.318359375,26634741631,0.033410801008343594,0.0019307922256450727,1,58.92044945117461,-24.610056613444613,-174.43794149526022,17648.259350487566,16197.776587012431,17205.061104910714,16786.968196614584,17274.792288200933,0.016707669871239644
2022-12-14,17782.06640625,18318.53125,17739.513671875,17815.650390625,25534481470,0.0019307922256450727,-0.02530276169357326,0,59.34476667054983,29.935718484284735,-133.56320949935125,17790.031626032276,16177.122866155227,17343.278738839286,16826.883235677084,17410.00681380695,0.014467992950350663
2022-12-15,17813.64453125,17846.744140625,17322.58984375,17364.865234375,20964448341,-0.02530276169357326,-0.04131220425223303,0,51.78172826952807,36.369795130831335,-99.57660857331473,17819.263522893998,16232.193313043497,17362.048828125,16842.891634114585,17398.721418948964,0.017424341489903822
2022-12-16,17364.546875,17505.525390625,16584.701171875,16647.484375,24031608960,-0.04131220425223303,0.008866650272798315,1,42.49931902668131,-16.23069536838011,-82.90742593232781,17806.206573245654,16263.570575191843,17292.66768973214,16842.159798177083,17210.912157961724,0.023807393165351246
2022-12-17,16646.982421875,16800.58984375,16614.029296875,16795.091796875,14463581825,0.008866650272798315,-0.0022098857704312413,0,44.69608182313758,-45.48198965131087,-75.42233867612443,17784.20546366855,16320.618169143949,17245.005859375,16845.74560546875,17106.957067690044,0.02428224608769759
2022-12-18,16795.609375,16815.38671875,16697.8203125,16757.9765625,10924354698,-0.0022098857704312413,-0.01899375344110854,0,44.23842647295133,-70.84211652225349,-74.50629424535023,17720.117914238486,16438.771148261512,17195.546316964286,16847.75224609375,17019.711941392532,0.024278049403421858
2022-12-19,16759.041015625,16807.52734375,16398.13671875,16439.6796875,17221074814,-0.01899375344110854,0.028384068842582266,1,40.41641706556799,-115.29504792800799,-82.66404498188179,17720.906345728697,16437.4524433338,17086.00948660714,16838.690006510416,16874.7038779194,0.024628934534787546
2022-12-20,16441.787109375,17012.984375,16427.8671875,16906.3046875,22722096615,0.028384068842582266,-0.005250676176186131,0,47.56809617230312,-111.585292785192,-88.44829454254383,17710.662921286825,16421.469695900672,16961.00753348214,16859.172428385416,16882.604080314548,0.023318936926514475
2022-12-21,16904.52734375,16916.80078125,16755.912109375,16817.53515625,14882945045,-0.005250676176186131,0.0007615052090579333,1,46.42646035684997,-114.48849232816792,-93.65633409966865,17711.02567806075,16406.14717350175,16818.41964285714,16893.514127604165,16866.336849298412,0.02301924914619425
2022-12-22,16818.380859375,16866.673828125,16592.408203125,16830.341796875,16441573050,0.0007615052090579333,-0.001983838015767403,0,46.625482663489194,-114.43675434385295,-97.81241814850553,17705.403734533113,16385.93728109189,16742.059151785714,16914.866536458332,16857.338086192558,0.02182618005160963
2022-12-23,16829.64453125,16905.21875,16794.458984375,16796.953125,15329265213,-0.001983838015767403,0.003024520816182319,1,46.14418144066867,-115.75558012572583,-101.4010505439496,17706.22835410819,16373.98434120431,16763.41183035714,16921.074739583335,16842.24184589442,0.01454252115471818
2022-12-24,16796.9765625,16864.703125,16793.52734375,16847.755859375,9744636213,0.003024520816182319,-0.000342451024228807,0,47.039988179451385,-111.41705649898358,-103.4042517349564,17695.80950369024,16356.130144747262,16770.93526785714,16929.184440104167,16843.62034926456,0.014204135736724062
2022-12-25,16847.505859375,16860.5546875,16755.25390625,16841.986328125,11656379938,-0.000342451024228807,0.004620497716771643,1,46.9444879476878,-107.20846576294207,-104.16509454055354,17693.68351168818,16344.972152374317,16782.936662946428,16939.855924479165,16843.211843979672,0.014161503771872119
2022-12-26,16842.25,16920.123046875,16812.369140625,16919.8046875,11886957804,0.004620497716771643,-0.011975957353969946,0,48.4642379329088,-96.48165556931781,-102.6284067463064,17685.723334152248,16335.962408035255,16851.525948660714,16955.0400390625,16862.360054859753,0.011153736547625966
2022-12-27,16919.291015625,16959.845703125,16642.072265625,16717.173828125,15748580239,-0.011975957353969946,-0.009846255365429935,0,44.86080149943664,-103.1422385806436,-102.73117311317384,17687.848548224647,16320.741881462855,16824.507254464286,16964.124934895834,16826.063498176063,0.005603180192813119
2022-12-28,16716.400390625,16768.169921875,16497.556640625,16552.572265625,17005713920,-0.009846255365429935,0.0054232979508825885,1,42.12107047536526,-120.31584292193293,-106.24810707492567,17672.3291282173,16268.171067095202,16786.655412946428,16975.299934895833,16757.690690038296,0.006325877942656653
2022-12-29,16552.322265625,16651.755859375,16508.68359375,16642.341796875,14472237479,0.0054232979508825885,-0.002388838052975517,0,44.125248032678755,-125.23872311328887,-110.04623028259832,17657.54055981218,16233.878580812823,16759.798270089286,16981.878580729168,16728.85346674747,0.006913699293758731
2022-12-30,16641.330078125,16643.427734375,16408.474609375,16602.5859375,15929162910,-0.002388838052975517,-0.0033181483870876605,0,43.40836873042935,-130.8398661978208,-114.20495746564282,17641.055602600525,16197.749670836976,16732.03152901786,16963.012565104167,16697.286584435602,0.00691930624566704
2022-12-31,16603.673828125,16628.986328125,16517.51953125,16547.49609375,11239186456,-0.0033181483870876605,0.0046885633896178724,1,42.38086414668838,-138.13180496834684,-118.99032696618363,17625.40512450043,16157.730422374565,16689.137276785714,16949.024674479166,16659.8389617642,0.006615168927724299
2023-01-01,16547.9140625,16630.439453125,16521.234375,16625.080078125,9244361700,0.0046885633896178724,0.0038129515588565255,1,44.377709328821446,-136.08167499547199,-122.4085965720413,17590.17568365358,16134.824121033918,16658.15066964286,16933.572005208334,16651.149240854396,0.0071465444118836595
2023-01-02,16625.509765625,16759.34375,16572.228515625,16688.470703125,12097775227,0.0038129515588565255,-0.000516121662866742,0,46.023667022359206,-127.8678574954065,-123.50044875671435,17403.492175798896,16212.222863263605,16625.102957589286,16926.246484375,16660.479606422046,0.007030676099484813
2023-01-03,16688.84765625,16760.447265625,16622.37109375,16679.857421875,13903079207,-0.000516121662866742,0.010994150293785143,1,45.82523908607061,-120.66244619198915,-122.93284824376931,17127.933759524916,16374.201982662582,16619.772042410714,16911.225520833334,16665.324060285286,0.005465164762525226
2023-01-04,16680.205078125,16964.5859375,16667.763671875,16863.23828125,18421743322,0.010994150293785143,-0.0015715814888571655,0,50.6988280508087,-99.01343777116927,-118.14896614924932,16984.208523682897,16467.7645231921,16664.152901785714,16907.505924479166,16714.802615526463,0.005063829151422287
2023-01-05,16863.47265625,16884.021484375,16790.283203125,16836.736328125,13692758566,-0.0015715814888571655,0.006844106816741524,1,49.99879269671043,-83.03772159080108,-111.12671723755969,16995.33568246027,16475.562559727226,16691.92354910714,16899.080338541666,16745.286043676097,0.005120001578094788
2023-01-06,16836.47265625,16991.994140625,16716.421875,16951.96875,14413662913,0.006844106816741524,0.00018342264818071996,1,53.03530504095449,-60.38250606810834,-100.97787500366942,17018.90069937482,16467.68523812518,16741.835379464286,16902.541731770834,16796.956720257072,0.005088820701778851
2023-01-07,16952.1171875,16975.017578125,16914.19140625,16955.078125,7714767174,0.00018342264818071996,0.008025112314249405,1,53.11803892747977,-41.69653229884352,-89.12160646270425,17043.834475552438,16462.461618197565,16800.061383928572,16893.261848958333,16836.487071442803,0.00450379883171793
2023-01-08,16954.146484375,17091.14453125,16924.05078125,17091.14453125,9768827914,0.008025112314249405,0.006167530562816603,1,56.71175983486405,-15.727049989032821,-74.44269516796997,17074.599079165724,16496.84349895928,16866.642020089286,16891.861588541666,16900.1514363946,0.004817335231102796
2023-01-09,17093.9921875,17389.95703125,17093.9921875,17196.5546875,18624736866,0.006167530562816603,0.014522576515372032,1,59.31373206445423,13.207423544172343,-56.91267142554151,17137.067089150994,16463.400488974003,16939.225446428572,16894.122591145835,16974.25224917095,0.004886458580007143
2023-01-10,17192.94921875,17484.720703125,17162.990234375,17446.29296875,15808338949,0.014522576515372032,0.02800615102017323,1,64.72379080816177,55.64851300985538,-34.400434538462136,17270.90047365606,16392.44288571894,17048.716238839286,16905.525911458335,17092.26242906571,0.005659028321002745
2023-01-11,17446.359375,17934.896484375,17337.994140625,17934.896484375,18372283782,0.02800615102017323,0.052115795988246116,1,72.44396370297761,127.24282636747375,-2.0717823572749587,17538.16139137436,16235.637436750638,17201.81026785714,16929.807877604166,17302.920942893033,0.009956132761959145
2023-01-12,18117.59375,19030.087890625,17995.203125,18869.587890625,34971338710,0.052115795988246116,0.05511441660269112,1,81.0070984751068,256.44745384005,49.632064882190036,18070.24253341317,15910.819771274326,17492.217633928572,16966.083528645835,17694.587679826025,0.017994528121878788
2023-01-13,18868.90625,19964.322265625,18753.1640625,19909.57421875,29225029694,0.05511441660269112,0.05357847423830919,1,86.16038338755328,437.7155448004414,127.24876086584032,18808.589000195225,15478.655140429775,17914.73270089286,17035.880989583333,18248.334314557018,0.02237098209785672
2023-01-14,19910.537109375,21075.142578125,19907.828125,20976.298828125,38967784639,0.05357847423830919,-0.004552757413617381,0,89.35177118632876,659.8413336819394,233.76727542906016,19699.99189985168,15000.683490773321,18489.192801339286,17156.262109375,18930.325442949015,0.022218966781118458
2023-01-15,20977.484375,20993.748046875,20606.986328125,20880.798828125,19298407543,-0.004552757413617381,0.013832516023570829,1,87.4084495837036,818.7337171796171,350.76056377917155,20344.76712673466,14752.007677952837,19030.57198660714,17297.372591145835,19417.94378924301,0.02475733042296141
2023-01-16,20882.224609375,21360.875,20715.74609375,21169.6328125,26792494050,0.013832516023570829,-0.00038325091993141047,0,88.24141358187164,956.932640699968,471.99497916333087,20950.0032920755,14592.017411049503,19598.15457589286,17443.190625,19855.866045057257,0.023712215353766043
2023-01-17,21175.833984375,21438.66015625,20978.533203125,21161.51953125,24999983362,-0.00038325091993141047,-0.022339524368838015,0,88.0651818205543,1053.6557219828646,588.3271277272377,21450.48140170278,14552.43402798472,20128.901227678572,17589.975390625,20182.27941660544,0.02593778373357953
2023-01-18,21161.05078125,21564.501953125,20541.544921875,20688.78125,30005625418,-0.022339524368838015,0.019238045679950355,1,78.25789631744814,1079.7171253727938,686.6051272563489,21782.45681890794,14625.102556092057,20522.313337053572,17731.612109375,20308.904874954078,0.03223144968334377
2023-01-19,20686.74609375,21163.01171875,20685.380859375,21086.79296875,21152848261,0.019238045679950355,0.07539125404137925,1,80.25191549162322,1119.5813577253284,773.2003733501448,22136.822431451765,14719.157646673235,20839.05691964286,17870.96171875,20503.376898403058,0.029203663772413183
2023-01-20,21085.373046875,22692.357421875,20919.126953125,22676.552734375,28799154319,0.07539125404137925,0.004457126566322689,1,85.83860126005891,1264.8736993308703,871.53503854629,22769.611995346735,14699.273746840763,21234.33956473214,18066.2623046875,21046.670857396042,0.034257257461500434
2023-01-21,22677.427734375,23282.34765625,22511.833984375,22777.625,32442278429,0.004457126566322689,-0.002511630794474806,0,86.10768598294605,1372.354960247394,971.6990228865109,23318.006720809768,14766.133513565235,21491.671875,18264.505078125,21479.40939304703,0.030922616416245094
2023-01-22,22777.986328125,23056.73046875,22387.900390625,22720.416015625,24746386230,-0.002511630794474806,0.009419529327844067,1,85.12176876751585,1436.360872921341,1064.631392893477,23761.57977046823,14925.754995156767,21754.47433035714,18461.953841145834,21789.66104869152,0.030747057618914803
2023-01-23,22721.087890625,23126.486328125,22654.3046875,22934.431640625,26518700512,0.009419529327844067,-0.012991945703908492,0,85.77780971033522,1487.211642134018,1149.147442741585,24160.42692933073,15152.365258169273,22006.588448660714,18664.843033854166,22075.85369667489,0.030761051191788208
2023-01-24,22929.626953125,23134.01171875,22549.744140625,22636.46875,26405069715,-0.012991945703908492,0.021266153759075257,1,80.45852671330138,1486.3345880811721,1216.5848718095026,24436.027708560705,15454.087525814295,22217.295479910714,18857.992447916666,22216.007460006167,0.0319462322398218
2023-01-25,22639.267578125,23722.099609375,22406.076171875,23117.859375,30685366709,0.021266153759075257,-0.003680359408276712,0,82.36160771496625,1507.1106829049386,1274.6900340285897,24715.041197797604,15803.186341264896,22564.306640625,19064.594270833335,22441.470438754623,0.028648900811506606
2023-01-26,23108.955078125,23237.078125,22911.373046875,23032.77734375,26357839322,-0.003680359408276712,0.0019950339114214177,1,80.86270603611439,1499.4260289730737,1319.6372330174866,24903.284059371035,16223.024339066462,22842.30440848214,19275.114388020833,22589.297165003467,0.029555617469864435
2023-01-27,23030.716796875,23417.720703125,22654.59375,23078.728515625,25383335641,0.0019950339114214177,-0.0020641809553220147,0,81.06315297418453,1479.9834331478487,1351.706473043559,25007.41797686008,16731.25546063992,22899.75809151786,19492.6529296875,22711.65500265885,0.010858314650823798
2023-01-28,23079.96484375,23165.896484375,22908.845703125,23031.08984375,14712928379,-0.0020641809553220147,0.03228143207915801,1,80.12615012379725,1444.0844861477708,1370.1820756644015,25019.978372369183,17312.689596380817,22935.967354910714,19705.611197916667,22791.513712931635,0.010948285787972733
2023-01-29,23031.44921875,23919.890625,22985.0703125,23774.56640625,27423687259,0.03228143207915801,-0.03930367092328346,0,83.35902258582709,1458.8103989124065,1387.9077403140027,25048.629908228515,17941.839232396484,23086.56026785714,19944.677213541665,23037.276886261225,0.01564387815088933
2023-01-30,23774.6484375,23789.34765625,22657.58203125,22840.138671875,27205595568,-0.03930367092328346,0.013097316769725253,1,68.31722030950543,1379.1819312546431,1386.1625785021308,24833.908853255496,18695.944857682007,23073.08984375,20154.431966145832,22987.992332664668,0.023197716496123854
2023-01-31,22840.796875,23225.021484375,22765.568359375,23139.283203125,22837828665,0.013097316769725253,0.025259482888651652,1,70.17280067885036,1324.9411635740034,1373.9182955165054,24592.584338066157,19457.70804474634,23144.920479910714,20371.5720703125,23025.81505027975,0.022923548763967745
2023-02-01,23137.8359375,23764.5390625,22877.75,23723.76953125,26683255504,0.025259482888651652,-0.01061797692681965,0,73.44527516972987,1313.9714810128316,1361.9289326157707,24490.840306029717,20044.870240845285,23231.479073660714,20606.08203125,23200.303670522313,0.023485923458428887
2023-02-02,23720.82421875,24167.2109375,23468.595703125,23471.87109375,32066936882,-0.01061797692681965,-0.0009606745041729203,0,69.8865597829434,1270.3085041513732,1343.6048469228913,24444.06815717591,20447.87207719909,23294.20675223214,20832.482486979166,23268.195526329233,0.024001842451926984
2023-02-03,23469.412109375,23678.103515625,23279.955078125,23449.322265625,27083066007,-0.0009606745041729203,-0.005009723012217249,0,69.5616353547838,1219.8244020402344,1318.84875794636,24493.314012799092,20645.928565325907,23347.14871651786,21052.018619791666,23313.477211153175,0.02404739024819914
2023-02-04,23446.3203125,23556.94921875,23291.794921875,23331.84765625,15639298538,-0.005009723012217249,-0.01612309690031044,0,67.79323824450864,1156.9990038886026,1286.4788071348084,24477.192172343308,20907.15528859419,23390.114118303572,21268.522330729167,23318.06982242738,0.024166602140756468
2023-02-05,23332.248046875,23423.435546875,22841.759765625,22955.666015625,19564262605,-0.01612309690031044,-0.008518883333286542,0,62.328898022325426,1064.5828601713583,1242.0996177421184,24426.057756849063,21136.89302440094,23273.128348214286,21468.645572916666,23227.468870726785,0.020781542543585343
2023-02-06,22954.021484375,23119.279296875,22692.025390625,22760.109375,23825006542,-0.008518883333286542,0.022151986720186922,1,59.637781590550304,964.4450912242683,1186.5687124385486,24329.17058907142,21393.639176553585,23261.69559151786,21662.146614583333,23110.628996795087,0.014604159490430126
2023-02-07,22757.267578125,23310.974609375,22756.2578125,23264.291015625,27187964471,0.022151986720186922,-0.013965290320121615,0,63.95840295352385,915.2183650480692,1132.2986429604528,24074.804001747638,21905.55674043986,23279.553850446428,21867.9181640625,23149.044501502565,0.016302255705704465
2023-02-08,23263.416015625,23367.958984375,22731.09765625,22939.3984375,25371367758,-0.013965290320121615,-0.04883996317743455,0,59.535715925281835,840.3032216117535,1073.8995586907129,23729.35993903251,22436.261350029992,23167.500837053572,22059.3462890625,23096.63298550192,0.012916680394073097
2023-02-09,22946.56640625,22996.4375,21773.974609375,21819.0390625,32572572185,-0.04883996317743455,-0.007693073387383564,0,47.37096827415687,682.6595183882928,995.6515506302288,23874.8525123416,22205.017409533397,22931.381975446428,22205.1044921875,22777.23450475144,0.02122924858336673
2023-02-10,21819.005859375,21941.185546875,21539.392578125,21651.18359375,27078406594,-0.007693073387383564,0.010146854341645195,1,45.85910025829546,537.9797190008176,904.1171843043467,24011.408290535473,21955.81749071453,22674.505022321428,22328.980729166666,22495.72177700108,0.02089174050735043
2023-02-11,21651.841796875,21891.41015625,21618.44921875,21870.875,16356226232,0.010146854341645195,-0.003779998514005456,0,48.18976310242213,436.02101719865095,810.4979508832076,24073.800303994285,21808.471375693218,22465.79464285714,22429.0236328125,22339.510082750807,0.022366640081365404
2023-02-12,21870.90234375,22060.994140625,21682.828125,21788.203125,17821046406,-0.003779998514005456,0.0009132665684197239,1,47.36348351773207,344.57503553372226,717.3133678133106,24123.03068017928,21644.61814794572,22299.014229910714,22491.644596354166,22201.683343313103,0.022195291426216762
2023-02-13,21787.0,21898.4140625,21460.087890625,21808.1015625,23918742607,0.0009132665684197239,0.018924303145655852,1,47.596388789189554,270.5898821149458,627.9686706736377,24164.51392236541,21520.29818700959,22163.013113839286,22519.371354166666,22103.287898109826,0.022388342021802156
2023-02-14,21801.822265625,22293.140625,21632.39453125,22220.8046875,26792596581,0.018924303145655852,0.09392266116037784,1,52.30969587237513,242.46284730405387,550.867505999721,24139.94852600114,21455.158114623864,22013.94363839286,22564.038216145833,22132.667095457367,0.021738930264171737
2023-02-15,22220.5859375,24307.841796875,22082.76953125,24307.841796875,32483312909,0.09392266116037784,-0.028154173176657027,0,67.98934107689234,384.15017807410914,517.5240404145986,24354.924694608133,21367.688391329364,22209.435546875,22668.645182291668,22676.460770811773,0.04313633173210041
2023-02-16,24307.349609375,25134.1171875,23602.5234375,23623.474609375,39316664596,-0.028154173176657027,0.03988096453648349,1,60.91663317518303,436.1875968760178,501.2567517068825,24416.50106868412,21360.586626628377,22467.212053571428,22750.7103515625,22913.214230452577,0.03901877779030273
2023-02-17,23621.283203125,24924.041015625,23460.755859375,24565.6015625,41358451255,0.03988096453648349,0.0030805588480080637,1,66.13881486428656,547.1422819772124,510.4338577609485,24659.243061111098,21271.2958060764,22883.557477678572,22879.9376953125,23326.311063464433,0.039151820739667116
2023-02-18,24565.296875,24798.8359375,24468.373046875,24641.27734375,19625427158,0.0030805588480080637,-0.012728023845912761,0,66.52571905477055,633.8741655952144,535.1219193278017,24823.224212490608,21193.985748446892,23279.329241071428,22998.4205078125,23655.052633535823,0.03950272912480773
2023-02-19,24640.02734375,25093.0546875,24327.642578125,24327.642578125,25555105670,-0.012728023845912761,0.020614650916729094,1,63.29766402676726,669.583561307667,562.0142477237748,24983.77267784253,21182.187673719967,23642.106305803572,23053.4568359375,23823.200119683115,0.04045182105125721
2023-02-20,24336.623046875,25020.458984375,23927.91015625,24829.1484375,28987376573,0.020614650916729094,-0.01581991113645098,0,66.12794406080306,729.9365916159113,595.5987165022021,25215.31190873205,21119.634966267953,24073.684430803572,23121.840950520833,24074.687199137334,0.03986377318247948
2023-02-21,24833.048828125,25126.8515625,24200.36328125,24436.353515625,31252098714,-0.01581991113645098,-0.01012875204423358,0,62.08937489527961,737.5692957634965,623.992832354461,25312.292743527127,21093.912529910376,24390.19140625,23179.0388671875,24165.10377825925,0.042031565887727385
2023-02-22,24437.41796875,24472.33984375,23644.318359375,24188.84375,30199996781,-0.01012875204423358,-0.00997780485063493,0,59.61858767693329,715.399617757892,642.2741894351473,25389.16805407736,21088.734484985143,24373.19168526786,23220.852604166666,24171.038771194435,0.023561808749591445
2023-02-23,24190.71875,24572.08984375,23693.919921875,23947.4921875,30476264066,-0.00997780485063493,-0.03129201289670536,0,57.22713113853015,670.624393619506,647.9442302720191,25434.6903308974,21093.029200352597,24419.479910714286,23264.553385416668,24115.152125270826,0.020846891486781653
2023-02-24,23946.0078125,24103.705078125,23007.072265625,23198.126953125,26811744928,-0.03129201289670536,-0.0009807668166905703,0,50.45929140573553,568.1232233202682,631.980028881669,25427.949218797738,21086.39824213976,24224.126395089286,23267.228971354165,23885.895832234368,0.016207171210617082
2023-02-25,23200.125,23210.2109375,22861.55859375,23175.375,16100721565,-0.0009807668166905703,0.016648614774302573,1,50.264924218458184,479.52672926593004,601.4893689585213,25434.940277627713,21101.378081747287,24014.711774553572,23271.9822265625,23708.265624175776,0.015810741636544758
2023-02-26,23174.150390625,23654.3671875,23084.220703125,23561.212890625,16644534842,0.016648614774302573,-0.0016273269569350157,0,53.53373963672078,435.427920592123,568.2770792852416,25465.545074819347,21150.883636118153,23905.221819196428,23288.0650390625,23671.50244078808,0.01824824509057083
2023-02-27,23561.451171875,23857.890625,23205.87890625,23522.87109375,22660763494,-0.0016273269569350157,-0.01596393470118429,0,53.15983272752529,392.85682549193734,533.1930285265807,25480.364711433893,21161.92200731611,23718.610770089286,23304.457747395834,23634.34460402856,0.014767132859211331
2023-02-28,23521.837890625,23585.384765625,23077.650390625,23147.353515625,20535363434,-0.01596393470118429,0.02156606219747892,1,49.512360198701096,325.0705843465803,491.5685396905807,25485.305060171555,21177.777166390948,23534.467912946428,23283.550651041667,23512.59683192767,0.014780593614425389
2023-03-01,23150.9296875,23880.6328125,23088.626953125,23646.55078125,24662841200,0.02156606219747892,-0.007235050302163204,0,54.028086530960444,308.079201968063,454.87067214607714,25464.39040112187,21381.44299731563,23456.997488839286,23310.4310546875,23546.08531925825,0.018315094748952654
2023-03-02,23647.01953125,23739.138671875,23245.021484375,23475.466796875,20386398516,-0.007235050302163204,-0.047402129167592566,0,52.30153778069647,277.6082660009306,419.41819091704787,25386.850658666903,21641.411060083097,23389.565290178572,23321.637174479165,23528.430688662436,0.018171951235524623
2023-03-03,23476.6328125,23479.34765625,22213.23828125,22362.6796875,26062404610,-0.047402129167592566,-0.0004172164631153219,0,42.7354393479895,161.80205654946258,367.8949640435308,25335.877382034865,21741.564805465132,23270.215680803572,23276.267513020834,23236.992938371826,0.02282210627447646
2023-03-04,22362.923828125,22405.177734375,22198.98046875,22353.349609375,11166012913,-0.0004172164631153219,0.0036756935285233716,1,42.66497818735826,68.48251805131076,308.0124748450868,25268.3705827692,21865.586253168298,23152.78348214286,23238.983463541666,23016.08210612262,0.02283963159340857
2023-03-05,22354.14453125,22613.685546875,22307.142578125,22435.513671875,13317001733,0.0036756935285233716,-0.00025655126328649747,0,43.54770141916695,1.142890104878461,246.63855789704513,25188.352726164107,22008.34532071089,22991.969308035714,23205.18984375,22870.939997560712,0.021270341162448955
2023-03-06,22436.81640625,22584.29296875,22331.314453125,22429.7578125,17353192895,-0.00025655126328649747,-0.00936203961743065,0,43.49717964109922,-52.08825892129971,186.89319453337617,25164.839919691203,22052.7534396838,22835.81026785714,23175.120182291666,22760.64445129553,0.021331820596634056
2023-03-07,22428.322265625,22527.41796875,22011.26171875,22219.76953125,22765452204,-0.00936203961743065,-0.022578517406286358,0,41.6009697316001,-109.9511786407129,127.52431989855836,25137.12592132866,21871.66021148384,22703.298270089286,23150.590299479165,22625.425721284148,0.02099080676392572
2023-03-08,22216.44140625,22268.896484375,21708.05078125,21718.080078125,22536575684,-0.022578517406286358,-0.06239311158608585,0,37.40545846810329,-194.05318119277945,63.208819680290794,25216.015153979628,21602.231525707874,22427.80245535714,23115.855989583335,22398.58931049436,0.01785427346504181
2023-03-09,21720.080078125,21802.716796875,20210.306640625,20363.021484375,30364664171,-0.06239311158608585,-0.008632183779056501,0,28.921326238122234,-365.8294735063064,-22.59883895702864,25361.516049526334,21036.472622348665,21983.167410714286,23019.147005208335,21889.69735396452,0.02582462060921072
2023-03-10,20367.001953125,20370.595703125,19628.25390625,20187.244140625,39578257695,-0.008632183779056501,0.022051846825845045,1,28.03308120545016,-510.2651661478849,-120.13210439519989,25400.381749405795,20552.203602156704,21672.39090401786,22927.408528645832,21464.084050629637,0.022916740132404734
2023-03-11,20187.876953125,20792.525390625,20068.66015625,20632.41015625,30180288176,0.022051846825845045,0.07422977009964415,1,33.59540780536264,-582.1002270434437,-212.52572892484866,25335.777141784652,20247.28496759035,21426.542410714286,22887.854231770834,21256.165577034724,0.026478893221327158
2023-03-12,20628.029296875,22185.03125,20448.806640625,22163.94921875,29279035521,0.07422977009964415,0.09175187888693825,1,48.37796204518017,-509.57358057081365,-271.93529925404164,25035.359681784692,20281.18250571531,21387.747488839286,22904.946419270833,21483.111487463542,0.04194118633264915
2023-03-13,22156.40625,24550.837890625,21918.19921875,24197.533203125,49466362688,0.09175187888693825,0.022669294883089997,1,60.84269283706719,-284.72037924671895,-274.4923152525771,24989.73144204529,20302.92871420471,21640.28683035714,22982.501692708334,22161.716916378904,0.054689755166988124
2023-03-14,24201.765625,26514.716796875,24081.18359375,24746.07421875,54622230164,0.022669294883089997,-0.014956444322371198,0,63.40924891805472,-61.55040682901745,-231.90393356786518,25102.017851544977,20246.36535158002,22001.1875,23081.097395833334,22807.806241971677,0.053924283068973
2023-03-15,24770.92578125,25240.615234375,23964.91015625,24375.9609375,43655701450,-0.014956444322371198,0.027766213062754286,1,60.526582806376,84.47458510028082,-168.62822983423598,25175.02007727719,20216.210000847812,22380.884765625,23166.692708333332,23199.844915853755,0.05306845518603557
2023-03-16,24373.45703125,25190.326171875,24225.111328125,25052.7890625,33866061747,0.027766213062754286,0.0946457745317153,1,63.7702444695806,251.91094390414582,-84.52039508655962,25466.743533327233,20109.952755735267,23050.8515625,23261.0921875,23663.080952515316,0.03958449658287876
2023-03-17,25055.123046875,27787.8125,24955.169921875,27423.9296875,50730261335,0.0946457745317153,-0.01670259464889101,0,72.34419126004158,569.3733154011388,46.258347010980074,26356.526909648615,19645.024848163885,24084.66378348214,23364.961783854167,24603.29313626149,0.04167423726756684
2023-03-18,27448.1171875,27725.953125,26636.26171875,26965.87890625,35723036817,-0.01670259464889101,0.039783493752593824,1,68.94959521046242,775.0691473813968,192.02050708506343,26942.844004838,19399.174354536997,24989.44503348214,23476.375260416666,25193.939578758618,0.04747184768413095
2023-03-19,26969.50390625,28440.560546875,26907.716796875,28038.67578125,37769448859,0.039783493752593824,-0.00968089417783835,0,72.2355532564489,1012.9733915553152,356.2110839791138,27725.412043524906,19068.186784600097,25828.69168526786,23592.144401041667,25905.123629381465,0.04504526300925007
2023-03-20,28041.6015625,28527.724609375,27242.880859375,27767.236328125,44774027664,-0.00968089417783835,0.014714466837708162,1,70.21095080864595,1166.168459629691,518.2025591092292,28353.378517064073,18902.20859231093,26338.649274553572,23696.343033854166,26370.65180406735,0.03974718330183492
2023-03-21,27768.392578125,28439.5625,27439.646484375,28175.81640625,36102192830,0.014714466837708162,-0.030820008681536337,0,71.50555741429157,1305.4966991437468,675.6613871161328,28978.985391732305,18729.528280142695,26828.612444196428,23824.615494791666,26821.942954613016,0.039788638665981424
2023-03-22,28158.720703125,28803.3359375,26759.99609375,27307.4375,33382021890,-0.030820008681536337,0.03759177902540278,1,65.0363090469562,1330.5071541146572,806.6305405158377,29381.789941239356,18709.92080094814,27247.39481026786,23907.225130208335,26943.316590959763,0.042433292413253144
2023-03-23,27301.95703125,28729.84375,27183.36328125,28333.97265625,24220433689,0.03759177902540278,-0.02967065403073854,0,68.64738813185932,1416.8286096005359,928.6701543327774,29932.49734841382,18756.342690648682,27716.135323660714,24037.145768229166,27290.980607282323,0.04300356758381545
2023-03-24,28324.111328125,28388.4375,27039.265625,27493.28515625,25980310960,-0.02967065403073854,5.17171735541222e-05,1,62.916405699421695,1401.2497942735135,1023.1860823209247,30271.744557553353,18931.08903619665,27726.04324776786,24147.293815104167,27341.556744524245,0.030031690856829534
2023-03-25,27487.337890625,27791.826171875,27196.234375,27494.70703125,13383005987,5.17171735541222e-05,0.018171608313816145,1,62.92204379401503,1373.188937031271,1093.186653262994,30566.876875848815,19141.876053838685,27801.59012276786,24265.534309895833,27379.844316205686,0.02906135178757135
2023-03-26,27495.5234375,28178.14453125,27445.046875,27994.330078125,13878363192,0.018171608313816145,-0.03052194511765327,0,64.93919365808867,1375.4110276944048,1149.6315281492762,30887.526703793963,19377.68345245604,27795.255022321428,24425.407747395835,27533.465756685517,0.025442056570410286
2023-03-27,27994.068359375,28037.92578125,26606.689453125,27139.888671875,18188895178,-0.03052194511765327,0.004725228944394866,1,59.02515671697463,1293.3172141519099,1178.368665349803,31034.224396634614,19722.997673677884,27705.633928571428,24557.558203125,27435.071485482888,0.027873944792778126
2023-03-28,27132.888671875,27460.71875,26677.818359375,27268.130859375,17783600385,0.004725228944394866,0.0396180637553154,1,59.61956040906759,1224.4901875684482,1187.5929697935321,31106.993458561672,20205.23368987583,27575.96456473214,24681.122135416666,27393.336328955917,0.027064238654954276
2023-03-29,27267.03125,28619.54296875,27259.662109375,28348.44140625,20684945906,0.0396180637553154,-0.0111074503792854,0,64.31572640574893,1242.7901939837611,1198.632414631578,31047.456610754234,21063.312529870767,27724.67940848214,24841.974479166667,27632.11259827944,0.028632809752482686
2023-03-30,28350.140625,29159.90234375,27720.16015625,28033.5625,22435349951,-0.0111074503792854,0.015871042968584437,1,62.05057194626724,1217.8464094062,1202.4752135865024,30713.935280552683,22181.46569600982,27681.763671875,25004.848111979165,27732.475073709582,0.025319771485311362
2023-03-31,28032.26171875,28639.896484375,27583.71484375,28478.484375,19001327598,0.015871042968584437,-0.0023684272611504964,0,63.980930590174474,1219.9173099861036,1205.9636328664228,30252.693286445112,23427.31511199239,27822.506417410714,25165.912565104165,27918.97739903219,0.022492345386365777
2023-04-01,28473.33203125,28802.45703125,28297.171875,28411.03515625,10876469901,-0.0023684272611504964,-0.00745226498561502,0,63.4539804931701,1202.2570544149567,1205.2223171761298,29868.36946744226,24436.347524745244,27953.41043526786,25330.431510416667,28041.991838336642,0.022604038931026155
2023-04-02,28462.845703125,28518.958984375,27884.087890625,28199.30859375,12284641999,-0.00745226498561502,-0.014507018470504951,0,61.735144222394425,1157.8298685183108,1195.743827444566,29737.734655588356,24967.159875661644,27982.69308035714,25524.985807291665,28081.321027189984,0.02216959595631042
2023-04-03,28183.080078125,28475.623046875,27276.720703125,27790.220703125,19556501327,-0.014507018470504951,0.0135971982612757,1,58.44116780586305,1077.1938100193038,1172.0338239595137,29572.653786931514,25436.655392755987,28075.59765625,25706.21484375,28008.54594617374,0.018934396183848325
2023-04-04,27795.2734375,28433.7421875,27681.3046875,28168.08984375,15284538859,0.0135971982612757,0.000351267384649967,1,60.535768089980145,1031.8851052050486,1144.0040802086207,29198.622273662917,26189.899796649584,28204.163225446428,25897.300716145834,28048.431920567808,0.019319973111284427
2023-04-05,28169.7265625,28739.23828125,27843.763671875,28177.984375,17052315986,0.000351267384649967,-0.004749940528704033,0,60.591777777299704,985.416765120317,1112.28661719096,28754.266946523934,26946.774655038567,28179.81222098214,26088.908268229166,28080.820034175857,0.011742847860224627
2023-04-06,28175.2265625,28178.384765625,27738.759765625,28044.140625,13837809380,-0.004749940528704033,-0.004217681389550476,0,59.364414189024785,927.1031309784812,1075.2499199484644,28766.975988249207,26996.086707063296,28181.323381696428,26283.053971354166,28071.650181881894,0.01103766123713486
2023-04-07,28038.966796875,28111.59375,27794.03125,27925.859375,10861680497,-0.004217681389550476,0.0007854922772632111,1,58.24163186266813,861.4149916254391,1032.4829342838593,28708.956892750506,27150.103849436997,28102.376953125,26489.979947916665,28035.20248016142,0.00859734104021648
2023-04-08,27920.513671875,28159.86328125,27883.38671875,27947.794921875,9373255556,0.0007854922772632111,0.013784839213681899,1,58.39877403576353,801.8830743146464,986.3629622900168,28702.872749145034,27147.099907104966,28036.199776785714,26742.805729166666,28013.350590589816,0.008703505085576501
2023-04-09,27952.3671875,28532.830078125,27828.48046875,28333.05078125,12175322951,0.013784839213681899,0.04658621825410658,1,61.163040636181755,776.8356512513274,944.457500082279,28747.148659503047,27159.40544205945,28055.305803571428,27014.3326171875,28093.275638254865,0.010188355670768734
2023-04-10,28336.02734375,29771.46484375,28189.271484375,29652.98046875,19282400094,0.04658621825410658,0.019629666758571807,1,68.80981075926785,853.6523102330393,926.2964621124311,29111.711476826305,26942.559030986195,28321.41434151786,27315.018294270834,28483.20184587865,0.018080344865847565
2023-04-11,29653.6796875,30509.083984375,29609.30078125,30235.05859375,20121259843,0.019629666758571807,-0.003175315803583212,0,71.47694018836444,950.5416534781616,931.1455003855772,29574.22614798505,26772.80646920245,28616.69559151786,27584.0552734375,28921.16603284649,0.01845102817739198
2023-04-12,30231.58203125,30462.48046875,29725.57421875,30139.052734375,18651929926,-0.003175315803583212,0.00862713483952482,1,70.40752510614412,1007.9611369995218,946.5086277083661,29906.00122001486,26621.539404985142,28896.848214285714,27782.105924479165,29225.637708228616,0.018812864431096796
2023-04-13,29892.740234375,30539.845703125,29878.623046875,30399.06640625,17487721001,0.00862713483952482,0.002849851088919886,1,71.64488188231223,1062.2030066088519,969.6475034884634,30254.501087237208,26563.617662762794,29233.266183035714,27970.538997395834,29518.99488273396,0.017736445079828675
2023-04-14,30409.5625,31005.607421875,30044.498046875,30485.69921875,22659995079,0.002849851088919886,-0.005484641300179338,0,72.06401174532978,1099.506199959651,995.6192427827009,30561.47526474268,26555.742704007323,29598.957589285714,28174.196940104168,29760.670966737973,0.01685755375857162
2023-04-15,30490.75,30601.740234375,30245.8828125,30318.49609375,11940685378,-0.005484641300179338,-0.00010358775680330279,0,69.9159821193507,1102.8642223859533,1017.0682387033514,30799.249974391914,26550.384595920583,29937.62918526786,28349.7205078125,29900.12724849098,0.017741235498392568
2023-04-16,30315.9765625,30555.537109375,30157.83203125,30315.35546875,12854816417,-0.00010358775680330279,-0.028708571396173888,0,69.87385198016389,1092.6763642027327,1032.1898638032276,30950.061814056062,26717.11943594394,30220.815569196428,28446.1013671875,30003.934303555736,0.01825546959709125
2023-04-17,30317.146484375,30319.197265625,29275.37109375,29445.044921875,17872186762,-0.028708571396173888,0.032348662229154,1,59.22372059940472,1002.8157893602875,1026.3150489146396,30946.607768302834,26938.264887947167,30191.110491071428,28528.740234375,29864.21195813555,0.014868541734485307
2023-04-18,29449.091796875,30470.302734375,29154.849609375,30397.552734375,19480529496,0.032348662229154,-0.0518092051895368,0,65.43348179839867,996.9676341206468,1020.4455659558412,31125.18546683754,26964.59832222496,30214.32393973214,28607.369466145832,29997.547152195413,0.01820061817017356
2023-04-19,30394.1875,30411.0546875,28669.8984375,28822.6796875,24571565421,-0.0518092051895368,-0.020008250880993006,0,51.47532462338398,855.3933932662767,987.4351314179283,31115.778902570888,27052.916605241615,30026.270647321428,28642.550911458333,29703.83028602156,0.027117268086779816
2023-04-20,28823.68359375,29076.400390625,28037.2578125,28245.98828125,21340360360,-0.020008250880993006,-0.034308522518338824,0,47.48110887450455,688.7214582719316,927.6923967887291,31120.484459191874,27024.961439245628,29718.688058035714,28644.889973958332,29339.36978482867,0.02669244860473827
2023-04-21,28249.23046875,28349.96875,27177.365234375,27276.91015625,20759504330,-0.034308522518338824,0.01981858797984626,1,41.63471564751366,472.9839783387906,836.7507130987414,31192.685570906964,26839.34782753054,29260.289620535714,28643.872395833332,28823.754877684,0.027367057664260182
2023-04-22,27265.89453125,27872.142578125,27169.5703125,27817.5,13125734602,0.01981858797984626,-0.008128524647254443,0,45.6546876986388,341.6927325554025,737.7391169900736,31208.332073246933,26785.520465815567,28903.004464285714,28626.656640625,28572.191158263002,0.03040363636440849
2023-04-23,27816.14453125,27820.244140625,27400.314453125,27591.384765625,12785446832,-0.008128524647254443,-0.002393679129772508,0,44.28086358522574,216.8976041133683,633.5708144147326,31221.66610332502,26752.302841987483,28513.865792410714,28629.926627604167,28326.989560103502,0.030037111863975927
2023-04-24,27591.73046875,27979.982421875,27070.849609375,27525.33984375,17703288330,-0.002393679129772508,0.02841955147295372,1,43.865656569470254,111.38333473868624,529.1333184795234,31253.28862656336,26656.40531874914,28239.622209821428,28630.947721354165,28126.57713101513,0.02937868690599969
2023-04-25,27514.873046875,28371.078125,27207.931640625,28307.59765625,17733373139,0.02841955147295372,0.004066170397882152,1,49.86229931503456,89.84846674156142,441.276348131931,31251.687712510044,26670.967560927456,27941.057198660714,28641.389973958332,28171.83226232385,0.0284759738356316
2023-04-26,28300.05859375,29995.837890625,27324.548828125,28422.701171875,31854242019,0.004066170397882152,0.036980508331842854,1,50.6968969419974,81.13455184505074,369.247988874555,31246.10947371905,26714.40185440595,27883.917410714286,28684.150390625,28234.549489711637,0.02177055771154727
2023-04-27,28428.46484375,29871.546875,28402.88671875,29473.787109375,27153445027,0.036980508331842854,-0.00453030993708059,0,57.632440460587205,157.2301115204864,326.84441340374127,31279.47495881224,26835.82914275026,28059.317243303572,28757.672265625,28544.35889462748,0.024327991197982443
2023-04-28,29481.013671875,29572.791015625,28929.609375,29340.26171875,17544464887,-0.00453030993708059,-0.0031279011203009244,0,56.54424976494611,204.40574550100428,302.3566798231939,31292.15979225395,26962.39098899605,28354.08175223214,28790.732942708335,28743.334600658112,0.017746644709423522
2023-04-29,29336.56640625,29452.455078125,29088.04296875,29248.48828125,10662634333,-0.0031279011203009244,0.000694680667924441,1,55.76489231510483,231.7163441125158,288.2286126810583,31307.320955008727,27038.77357624127,28558.508649553572,28831.23046875,28869.623020806084,0.017879806549644096
2023-04-30,29245.515625,29952.029296875,29114.021484375,29268.806640625,14652199272,0.000694680667924441,-0.04022160164248023,0,55.90978510750755,252.09373244360904,281.0016366335684,31277.37691424965,27030.30023418785,28798.14034598214,28857.574544270832,28969.418925760812,0.016892434502085035
2023-05-01,29227.103515625,29329.935546875,27680.79296875,28091.568359375,18655599976,-0.04022160164248023,0.020966033026897257,1,46.42201590951124,171.27531360109424,259.05637202707356,31157.43307721346,26935.89504778654,28879.030133928572,28846.925651041667,28749.95628416436,0.025064612802431076
2023-05-02,28087.17578125,28881.298828125,27924.123046875,28680.537109375,16432924527,0.020966033026897257,0.01135862564681589,1,50.91028946852821,152.98744626179177,237.84258687401723,31028.542491451917,26918.934071048083,28932.307198660714,28862.9666015625,28732.60149046702,0.023947252495369473
2023-05-03,28680.494140625,29259.533203125,28178.388671875,29006.30859375,19122972518,0.01135862564681589,-0.005467695268338013,0,53.243430993417235,162.90336722801294,222.8547429448164,30852.618471446633,26955.58230980337,29015.6796875,28903.502864583334,28801.028266287765,0.024203370241829936
2023-05-04,29031.3046875,29353.185546875,28694.0390625,28847.7109375,15548678514,-0.005467695268338013,0.023803407820215394,1,51.948949739574005,156.16413766048936,209.516621887951,30630.58081460903,27013.82113851597,28926.240234375,28926.156901041668,28812.698934090826,0.019096345248462265
2023-05-05,28851.48046875,29668.908203125,28845.509765625,29534.384765625,17936566518,0.023803407820215394,-0.021323001096775096,0,56.84149182086445,203.88186559721362,208.38967062980353,30491.13787120601,27074.85294910649,28953.972098214286,28971.370247395833,28993.12039197437,0.021540577495114486
2023-05-06,29538.859375,29820.126953125,28468.966796875,28904.623046875,15913866714,-0.021323001096775096,-0.015556145829018653,0,51.647606774121776,188.70670774880637,204.45307805360412,30271.68365871663,27153.233919408372,28904.848493303572,29000.052994791666,28970.99605569953,0.023177534408856667
2023-05-07,28901.623046875,29157.517578125,28441.3671875,28454.978515625,11301355486,-0.015556145829018653,-0.026733637409259936,0,48.257091171328625,138.79775585619427,191.32201361412217,30188.505405364383,27137.405532135614,28788.587332589286,29017.690299479167,28841.991670680898,0.023733456036671718
2023-05-08,28450.45703125,28663.271484375,27310.134765625,27694.2734375,19122903752,-0.026733637409259936,-0.0012817829272578907,0,43.10191199959846,37.430533686983836,160.5437176286945,29884.304998231193,27171.278009581307,28731.830915178572,29009.239583333332,28555.062112385673,0.02062553361528677
2023-05-09,27695.068359375,27821.400390625,27375.6015625,27658.775390625,14128593256,-0.0012817829272578907,-0.0013384371045779275,0,42.87175366880507,-45.24654193632523,119.38566571569056,29869.677758487298,27069.514819637705,28585.86495535714,28986.763736979166,28330.990431945505,0.01808084925825181
2023-05-10,27654.63671875,28322.6875,26883.669921875,27621.755859375,20656025026,-0.0013384371045779275,-0.022481076150133283,0,42.61618016718317,-112.45952342824603,73.01662788690325,29884.101801599136,26992.66753433836,28388.071707589286,28919.05625,28153.68178880288,0.016750860276267727
2023-05-11,27621.0859375,27621.94140625,26781.826171875,27000.7890625,16724343943,-0.022481076150133283,-0.007251596524522896,0,38.47309512355769,-213.3734896079186,15.738604387938885,29918.856772991312,26930.300453571188,28124.225725446428,28811.247265625,27865.458607227163,0.017724151014859576
2023-05-12,26987.662109375,27055.646484375,25878.4296875,26804.990234375,19313599897,-0.007251596524522896,-0.0007801573211611013,0,37.24359845508149,-305.62481134147674,-48.53407875794424,30009.04329780656,26738.86295219344,27734.31222098214,28700.111848958335,27600.341514014122,0.010465340169544288
2023-05-13,26807.76953125,27030.482421875,26710.873046875,26784.078125,9999171605,-0.0007801573211611013,0.005471927993601522,1,37.107202690892784,-376.086786537664,-114.0446203138882,30080.029973172448,26587.14561276505,27431.37723214286,28579.612239583334,27396.275666760594,0.010847817164878103
2023-05-14,26788.974609375,27150.9765625,26661.35546875,26930.638671875,10014858959,0.005471927993601522,0.009730726801279843,1,38.79886109400617,-415.31470881772475,-174.29863801465552,30123.062423154348,26484.64304559565,27213.614397321428,28461.110221354167,27279.866418039197,0.012137905941962792
2023-05-15,26931.384765625,27646.34765625,26766.09765625,27192.693359375,14413231792,0.009730726801279843,-0.005738415341494774,0,41.81256453949621,-420.41125736970935,-223.52116188566632,30130.665885765586,26365.549153296917,27141.960100446428,28356.916796875,27258.07315337315,0.0103338284680544
2023-05-16,27171.513671875,27299.3046875,26878.947265625,27036.650390625,12732238816,-0.005738415341494774,0.013394867282656264,1,40.53264431013024,-432.0611404104966,-265.2291575906324,30131.301772001243,26226.30818893626,27053.085100446428,28247.626627604168,27202.717462686112,0.010379032919383245
2023-05-17,27035.470703125,27465.927734375,26600.14453125,27398.802734375,15140006925,0.013394867282656264,-0.02067950762275983,0,44.759030413865275,-407.37512231811706,-293.6583505361293,29960.651974412427,26189.459549025076,27021.23465401786,28179.4185546875,27251.738780608335,0.012160081589383146
2023-05-18,27401.650390625,27466.52734375,26415.1015625,26832.208984375,15222938600,-0.02067950762275983,0.0021585968530852817,1,39.97253746569303,-428.59013523926114,-320.6447074767557,29815.491861812483,26083.81438818752,26997.151785714286,28060.573763020835,27146.856331550003,0.011639907807508195
2023-05-19,26826.75390625,27128.619140625,26700.2109375,26890.12890625,11258983301,0.0021585968530852817,0.008905016115201336,1,40.67100244372105,-435.70697341549385,-343.65716066450335,29651.86135071425,26011.60896178575,27009.314453125,27996.155403645833,27082.674475225005,0.01131431704878204
2023-05-20,26888.841796875,27155.158203125,26843.27734375,27129.5859375,7044911360,0.008905016115201336,-0.013850552916312875,0,43.59320542952195,-417.2155367482628,-358.3688358812553,29443.106023389013,26006.442218798486,27058.672712053572,27958.9419921875,27094.402340793757,0.011715567574103436
2023-05-21,27118.423828125,27265.91796875,26706.921875,26753.826171875,8647416921,-0.013850552916312875,0.0036425134576618667,1,40.24350097646947,-427.9484889050109,-372.28476648600645,29417.548730974664,25898.225292462837,27033.41378348214,27941.505859375,27009.25829856407,0.012943453841058045
2023-05-22,26749.892578125,27045.734375,26549.734375,26851.27734375,11056770492,0.0036425134576618667,0.013945303754316907,1,41.4989888780232,-423.7067084918672,-382.5691548871786,29293.823409844197,25839.0246370308,26984.640066964286,27909.2984375,26969.763059860554,0.012301143768572878
2023-05-23,26855.9609375,27434.68359375,26816.1796875,27225.7265625,13697203143,0.013945303754316907,-0.03272302765106416,0,46.17823479584422,-385.68421683208726,-383.1921672761604,29077.63407689878,25877.155766851218,27011.650948660714,27897.109830729165,27033.753935520417,0.013432113442830131
2023-05-24,27224.603515625,27224.603515625,26106.576171875,26334.818359375,16299104428,-0.03272302765106416,0.005368887301425707,1,38.32393753914442,-422.5688539082512,-391.06750460257854,28895.49965924506,25808.000926692443,26859.653180803572,27857.42578125,26859.020041484066,0.017171220735534624
2023-05-25,26329.4609375,26591.51953125,25890.59375,26476.20703125,13851122697,0.005368887301425707,0.009181223884829448,1,40.06617887730913,-435.37260595329644,-399.92852487272216,28419.56829942105,25978.114513078952,26808.795758928572,27796.379427083335,26763.31678892555,0.01612785116867648
2023-05-26,26474.181640625,26916.669921875,26343.94921875,26719.291015625,12711619225,0.009181223884829448,0.005578834405180588,1,43.045035983371484,-421.0512094463884,-404.1530617874554,28041.66350915472,26137.48610022028,26784.39034598214,27739.599088541665,26752.310345600414,0.01662539816915166
2023-05-27,26720.181640625,26888.8828125,26621.140625,26868.353515625,7892015141,0.005578834405180588,0.0453058267244435,1,44.8550429409871,-393.1414120754889,-401.9507318450621,27730.11953376054,26290.36757561446,26747.071428571428,27652.751302083332,26781.321138106563,0.016347328005995244
2023-05-28,26871.158203125,28193.44921875,26802.751953125,28085.646484375,14545229578,0.0453058267244435,-0.0120973437068298,0,56.900695243857264,-269.68852589229937,-375.49829065450956,27838.767467072343,26220.856946990156,26937.331473214286,27610.930794270833,27107.402474673672,0.022781432348090255
2023-05-29,28075.591796875,28432.0390625,27563.876953125,27745.884765625,15181308984,-0.0120973437068298,-0.0015690671469931194,0,53.3948866295155,-196.99630458476167,-339.79789344056,27857.432989569545,26210.902361992954,27065.13253348214,27560.844010416666,27267.023047411505,0.023936896799007016
2023-05-30,27745.123046875,28044.759765625,27588.501953125,27702.349609375,13251081851,-0.0015690671469931194,-0.01742420455507676,0,52.9447504891247,-141.2716273684855,-300.09264022614514,27873.626754635163,26202.76797192734,27133.221540178572,27508.628776041667,27375.85468790238,0.023680679771048516
2023-05-31,27700.529296875,27831.677734375,26866.453125,27219.658203125,15656371534,-0.01742420455507676,-0.014683709247646393,0,48.10271522360586,-134.5080565167773,-266.9757234842716,27888.050208754823,26210.231431870176,27259.62723214286,27479.565104166668,27336.805566708037,0.020333751645964796
2023-06-01,27218.412109375,27346.10546875,26671.720703125,26819.97265625,14678970415,-0.014683709247646393,0.01601855426947596,1,44.47560721064639,-159.55985452878303,-245.4925496931739,27887.952245204873,26211.82763760763,27308.73660714286,27417.5462890625,27207.59733909353,0.021628991860065165
2023-06-02,26824.556640625,27303.861328125,26574.64453125,27249.58984375,14837415000,0.01601855426947596,-0.0064023326039167605,0,48.93298323243383,-143.09752913045304,-225.01354558062974,27906.24789979937,26240.08315488813,27384.493582589286,27358.988997395834,27218.095465257647,0.022153184909449283
2023-06-03,27252.32421875,27317.052734375,26958.00390625,27075.12890625,8385597470,-0.0064023326039167605,0.001622799291266075,1,47.27334649586631,-142.48606659181314,-208.50804978286644,27910.90521356768,26249.874864557318,27414.03292410714,27299.9029296875,27182.353825505736,0.02238403221751364
2023-06-04,27075.123046875,27407.01953125,26968.224609375,27119.06640625,9360912318,0.001622799291266075,-0.05011119223804861,0,47.753949669331924,-136.8782419066447,-194.18208820762212,27905.851628978675,26247.565753833824,27275.950055803572,27219.392317708334,27166.5319706918,0.011531518065481
2023-06-05,27123.109375,27129.982421875,25445.16796875,25760.09765625,21513292646,-0.05011119223804861,0.057402171630208665,1,36.632099357484016,-239.33254459597083,-203.21217948529187,28021.619936745985,26004.142172629014,26992.266183035714,27114.5748046875,26814.923392081353,0.020740917074064866
2023-06-06,25732.109375,27313.8203125,25434.8671875,27238.783203125,21929670693,0.057402171630208665,-0.03277624957004588,0,50.21806625317186,-198.91775185717051,-202.3532939596676,28003.738084668454,26006.022071581545,26926.042410714286,27074.0349609375,26920.888344842268,0.033164326802056714
2023-06-07,27235.650390625,27332.181640625,26146.98828125,26345.998046875,19530045082,-0.03277624957004588,0.0061572444403654725,1,44.073954975837964,-236.20620018879345,-209.1238752054928,28017.977527833787,25943.16153466621,26801.233816964286,27029.092447916668,26777.165770350453,0.03482501245720675
2023-06-08,26347.654296875,26797.513671875,26246.6640625,26508.216796875,11904824295,0.0061572444403654725,-0.0010503081775867784,0,45.38156168062653,-249.78846084532051,-217.25679233345835,28018.708196218675,25904.239655343827,26756.697265625,26990.740494791666,26709.928526981592,0.03466315306685988
2023-06-09,26505.923828125,26770.2890625,26339.314453125,26480.375,11015551640,-0.0010503081775867784,-0.02375852931180167,0,45.18628492064636,-259.8042390494884,-225.76628167666436,28003.335704725843,25854.691053086655,26646.809430803572,26952.694466145833,26652.540145236195,0.033844361126343356
2023-06-10,26481.76171875,26531.044921875,25501.8359375,25851.240234375,19872933189,-0.02375852931180167,0.0034399794195076883,1,40.903174720096196,-314.87801536700863,-243.58862841473325,28055.29465254946,25712.473511513042,26471.968191964286,26914.376171875,26452.2151675209,0.03470910762159031
2023-06-11,25854.03125,26203.439453125,25668.986328125,25940.16796875,10732609603,0.0034399794195076883,-0.001452109670044499,0,41.74374379929226,-347.34468164435384,-264.33983906065737,28080.02459153307,25596.63263502943,26303.554129464286,26885.548763020834,26324.203367828177,0.03478298007647492
2023-06-12,25934.28515625,26087.919921875,25675.197265625,25902.5,11677889997,-0.001452109670044499,0.0006265231396582749,1,41.47464510240963,-371.8280367004663,-285.83747858861915,28064.235093564588,25480.099476747913,26323.897321428572,26856.162825520834,26218.777525871134,0.028802950623228973
2023-06-13,25902.94140625,26376.3515625,25728.365234375,25918.728515625,14143474486,0.0006265231396582749,-0.030636253390914137,0,41.649170450513886,-385.47821349855076,-305.7656255706055,28083.700829668076,25419.024756269424,26135.31808035714,26822.432486979167,26143.7652733096,0.01500947701541575
2023-06-14,25920.2578125,26041.80078125,24902.15234375,25124.67578125,14265717766,-0.030636253390914137,0.017979087727655774,1,35.993391151260084,-455.1231204158721,-335.6371245396588,28190.749489813872,25176.82297112363,25960.84347098214,26753.498567708335,25888.992900294703,0.014405991496152242
2023-06-15,25121.673828125,25735.30859375,24797.16796875,25576.39453125,15837384409,0.017979087727655774,0.029365685552642073,1,40.90935085905266,-468.4670860016231,-362.2031168320517,28208.693016793113,25044.58979570689,25827.726004464286,26704.823372395833,25810.843308033527,0.01667440075656655
2023-06-16,25575.283203125,26463.173828125,25245.357421875,26327.462890625,16324646965,0.029365685552642073,0.006959002900740696,1,48.053287535735365,-413.66881856451437,-372.4962571785443,28182.68824312079,25016.50550687921,25805.881417410714,26669.112044270834,25939.998203681396,0.021213842815312006
2023-06-17,26328.6796875,26769.39453125,26174.4921875,26510.67578125,11090276850,0.006959002900740696,-0.006580854145875503,0,49.652328068966845,-351.40625515436477,-368.2782567737084,27949.5840244753,25092.112655212197,25900.086495535714,26658.394270833334,26082.66759807355,0.01865590355953047
2023-06-18,26510.45703125,26675.92578125,26325.890625,26336.212890625,9565695129,-0.006580854145875503,0.019547852547670663,1,48.13291692727394,-312.5376824452251,-357.13014190801175,27764.932777620237,25135.796714567263,25956.66434151786,26639.930403645834,26146.053921211413,0.019064071518722643
2023-06-19,26335.44140625,26984.611328125,26312.83203125,26851.029296875,12826986222,0.019547852547670663,0.05498705349618893,1,52.72973894963259,-237.45543857116718,-333.19520124064286,27607.5715604829,25208.0259004546,26092.168526785714,26630.645182291668,26322.29776512731,0.020000319845380733
2023-06-20,26841.6640625,28388.96875,26668.791015625,28327.48828125,22211859147,0.05498705349618893,0.06000562340273241,1,62.88826713135037,-58.14406996105026,-278.18497498472436,27888.813046491712,25037.56742225829,26436.27706473214,26683.1005859375,26823.595394157983,0.02714892546655744
2023-06-21,28311.310546875,30737.330078125,28283.41015625,30027.296875,33346760979,0.06000562340273241,-0.0038303689299371557,0,70.69611449835168,218.60192226865183,-178.82759553404915,28731.788786830704,24515.324103794297,27136.651506696428,26788.967903645833,27624.520764368488,0.024283006696158956
2023-06-22,29995.935546875,30495.998046875,29679.158203125,29912.28125,20653160491,-0.0038303689299371557,0.02618280743799839,1,69.6286593863104,423.7594797447018,-58.31018047829896,29298.049501863337,24215.332529386666,27756.063895089286,26878.5197265625,28196.460885776367,0.026761893485039878
2023-06-23,29896.3828125,31389.5390625,29845.21484375,30695.46875,24115570085,0.02618280743799839,-0.0047815994828226405,0,72.65630389886527,642.1427856903865,81.78041275543814,30005.271832716164,23870.144182908836,28380.06473214286,27023.874739583334,28821.212851832275,0.026661014576967675
2023-06-24,30708.73828125,30804.1484375,30290.146484375,30548.6953125,12147822496,-0.0047815994828226405,-0.002240147837737516,0,71.22335808788002,794.2145285459483,224.26723591354016,30557.898191870237,23660.480714379763,28956.924665178572,27159.624348958332,29253.083466999207,0.028128164450232293
2023-06-25,30545.150390625,31041.271484375,30327.943359375,30480.26171875,12703464114,-0.002240147837737516,-0.006861189753050945,0,70.52495548099402,898.8490885063366,359.1836064320995,31030.249675647094,23660.145636852903,29548.931640625,27284.9900390625,29559.878029936906,0.027464199578808628
2023-06-26,30480.5234375,30636.029296875,29955.744140625,30271.130859375,16493186997,-0.006861189753050945,0.013776598074988877,1,68.32017264736078,953.9016342971663,478.1272120051129,31395.2261612047,23598.403916920302,30037.517578125,27398.415950520834,29737.69123729643,0.029501020907249806
2023-06-27,30274.3203125,31006.787109375,30236.650390625,30688.1640625,16428827944,0.013776598074988877,-0.01961401038928634,0,70.31324438402635,1019.4309027951385,586.387950163118,31810.40121579365,23617.44546389385,30374.756975446428,27485.166536458335,29975.30944359732,0.0244920412850833
2023-06-28,30696.560546875,30703.279296875,29921.822265625,30086.24609375,14571500779,-0.01961401038928634,0.011935868224670187,1,64.04985209220484,1011.1378033671135,671.3379208039171,32074.683894595088,23710.965714779915,30383.178292410714,27563.178580729167,30003.043606135492,0.014992683611806695
2023-06-29,30086.1875,30796.25,30057.203125,30445.3515625,13180860821,0.011935868224670187,0.0010477918298796851,1,65.99598318900993,1021.7640129649044,741.4231392361146,32361.297366546867,23820.84989907813,30459.331194196428,27654.611979166668,30113.62059522662,0.015433239985962981
2023-06-30,30441.353515625,31256.86328125,29600.275390625,30477.251953125,26387306197,0.0010477918298796851,0.0037019798257575953,1,66.17117627921748,1020.9901170248231,797.3365347938563,32583.38461027015,24061.36382722985,30428.157366071428,27763.1984375,30204.528434701217,0.011449464860362355
2023-07-01,30471.84765625,30641.2890625,30328.865234375,30590.078125,9086606733,0.0037019798257575953,0.0010033124506771962,1,66.82225301453906,1017.7489516712012,841.4190181693253,32777.84353536207,24331.89591776293,30434.069196428572,27888.868619791665,30300.91585727591,0.01142679432656318
2023-07-02,30587.26953125,30766.140625,30264.01953125,30620.76953125,10533418042,0.0010033124506771962,0.01749367929268808,1,67.00826547922851,1006.0596157625696,874.3471376879743,32920.85129983192,24660.715106418076,30454.141741071428,28001.241276041666,30380.879275769435,0.011374653363665865
2023-07-03,30624.515625,31375.61328125,30586.513671875,31156.439453125,15271884873,0.01749367929268808,-0.012159843310882601,0,70.1535045183987,1028.1677410462617,905.1112583596318,33084.126624990495,25021.21087500951,30580.614397321428,28137.2849609375,30574.769320108328,0.012354396726560211
2023-07-04,31156.865234375,31325.197265625,30659.35546875,30777.58203125,12810828427,-0.012159843310882601,-0.0085586975402272,0,65.40432895459008,1003.5496660500503,924.7989398977155,33001.69354642778,25668.93457857223,30593.38839285714,28259.235481770833,30625.472497893745,0.012879014907246902
2023-07-05,30778.724609375,30877.330078125,30225.61328125,30514.166015625,12481622280,-0.0085586975402272,-0.019821224171432172,0,62.24894710027363,951.8122936122782,930.2016106406281,32845.72310162197,26318.682171815533,30654.51981026786,28417.704427083332,30597.64587732656,0.010452502769898543
2023-07-06,30507.150390625,31460.052734375,29892.2265625,29909.337890625,21129219509,-0.019821224171432172,0.014474667943441766,1,55.614456107715505,852.182054025845,914.5976993176715,32663.882280640748,26858.710492796752,30577.946428571428,28506.722916666666,30425.568880651168,0.012200484038862322
2023-07-07,29907.998046875,30434.64453125,29777.28515625,30342.265625,13384770155,0.014474667943441766,-0.0016387902600796256,0,58.984185693582155,798.9482433709381,891.4678081283249,32449.351845406592,27456.399912405905,30558.662667410714,28639.9318359375,30404.743066738378,0.013796828519315124
2023-07-08,30346.921875,30374.4375,30080.16015625,30292.541015625,7509378699,-0.0016387902600796256,-0.004004505286051452,0,58.43544080956622,744.1693830687109,862.0081231164022,32016.94285135759,28284.441718954906,30516.157366071428,28766.0759765625,30376.692553960034,0.013669440102607427
2023-07-09,30291.611328125,30427.58984375,30085.591796875,30171.234375,7903327692,-0.004004505286051452,0.008061862007427312,1,57.04125127282356,683.094026792678,826.2253038516574,31409.94669591087,29223.45838221413,30451.938058035714,28889.104622395833,30325.328009220026,0.01365891103914408
2023-07-10,30172.423828125,31026.083984375,29985.39453125,30414.470703125,14828209155,0.008061862007427312,0.006788889103658935,1,59.14603857603616,646.8618846400277,790.3526200093315,31022.836405953974,29819.266914358523,30345.942522321428,29041.2123046875,30347.61368269627,0.011742696843091809
2023-07-11,30417.6328125,30788.314453125,30358.09765625,30620.951171875,12151839152,0.006788889103658935,-0.007488490028050299,0,60.897483643928815,627.5746096954717,757.7970179465597,31030.04778139004,29871.42096860996,30323.56668526786,29197.238411458333,30415.948054990953,0.011563590960592824
2023-07-12,30622.24609375,30959.96484375,30228.8359375,30391.646484375,14805659717,-0.007488490028050299,0.03568093437476372,1,57.92742380349197,587.0195376198753,723.6415218812228,31000.07682217441,29949.32845126309,30306.063895089286,29346.876627604168,30409.872662336966,0.011448426651006847
2023-07-13,30387.48828125,31814.515625,30268.3515625,31476.048828125,23686079548,0.03568093437476372,-0.036280934592069825,0,66.29843802792118,635.0609696817846,705.9254114413352,31192.49248644157,29834.97079480843,30529.879743303572,29532.120638020835,30676.416703783976,0.014629322749344222
2023-07-14,31474.720703125,31582.25390625,29966.38671875,30334.068359375,20917902660,-0.036280934592069825,-0.001261344778969442,0,54.09255091905364,574.3649492068507,679.6133189944383,31185.984133025937,29820.016452911565,30528.70870535714,29705.767057291665,30590.82961768173,0.021506348818299784
2023-07-15,30331.783203125,30407.78125,30263.462890625,30295.806640625,8011667756,-0.001261344778969442,-0.001540603578530031,0,53.735591726985156,517.213400624416,647.1333353204338,31182.696345877648,29804.85873224735,30529.175223214286,29863.080794270834,30517.07387341755,0.021501560295991394
2023-07-16,30297.47265625,30437.560546875,30089.669921875,30249.1328125,8516564470,-0.001540603578530031,-0.0034131272874816654,0,53.273755441969115,462.81910817379685,610.2704898911065,31183.083447017838,29802.27182641966,30540.303571428572,29993.803125,30450.08860818816,0.02144107925529272
2023-07-17,30249.626953125,30336.400390625,29685.783203125,30145.888671875,13240156074,-0.0034131272874816654,-0.009597533349379406,0,52.20491209402282,406.69220562646296,569.5548330381778,31165.65606511325,29765.471669261748,30501.934709821428,30114.976888020832,30374.03862410987,0.021209858099065122
2023-07-18,30147.0703125,30233.65625,29556.427734375,29856.5625,13138897269,-0.009597533349379406,0.0019212301525000086,1,49.22441760559256,335.0033172061703,522.6445298717763,31185.517776788678,29722.641598211325,30392.736328125,30232.321875,30244.669593082403,0.021101462725602822
2023-07-19,29862.046875,30184.181640625,29794.26953125,29913.923828125,12128602812,0.0019212301525000086,-0.0040752996439197275,0,49.835903035934656,279.59494000701307,474.0346118988237,31195.958662576904,29659.057938985596,30324.490234375,30334.418359375,30161.98315184305,0.021098392287735395
2023-07-20,29915.25,30195.53125,29638.095703125,29792.015625,14655207121,-0.0040752996439197275,0.0039181140710413676,1,48.49911236668306,223.27268024263321,423.88222556758564,31209.39339044932,29577.099578300677,30083.9140625,30383.2359375,30069.49127013229,0.01306350793974454
2023-07-21,29805.111328125,30045.998046875,29733.8515625,29908.744140625,10972789818,0.0039181140710413676,-0.004578641136054662,0,49.885277962149864,185.91281209826047,376.2883428737206,31196.230307873775,29522.129262438728,30023.153459821428,30379.2841796875,30029.304487755468,0.004381452386347564
2023-07-22,29908.697265625,29991.615234375,29664.12109375,29771.802734375,7873300598,-0.004578641136054662,0.010504447141318263,1,48.24471592190243,143.59949482448428,329.7505732638733,31182.042171158624,29451.420719466376,29948.295758928572,30374.6015625,29964.92904941035,0.004465953319971604
2023-07-23,29790.111328125,30330.640625,29741.52734375,30084.5390625,9220145050,0.010504447141318263,-0.03016908602087709,0,52.11751673164903,133.7592012572859,290.55229886255586,31042.260100585503,29484.012750976995,29924.782366071428,30354.237239583334,29994.831552682765,0.006666781178075084
2023-07-24,30081.662109375,30093.39453125,28934.294921875,29176.916015625,15395817395,-0.03016908602087709,0.0017299501204297574,1,42.23892224961805,52.12227006494868,242.86629310303445,31057.4351462571,29308.771103742904,29786.35770089286,30308.511263020835,29790.352668418323,0.013052816619673684
2023-07-25,29178.970703125,29353.16015625,29062.43359375,29227.390625,10266772793,0.0017299501204297574,0.004365152978824893,1,42.88725301003061,-8.405809979638434,192.6118724864999,31071.998494260377,29165.53021667712,29696.476004464286,30266.748893229167,29649.612157563744,0.01302958148423141
2023-07-26,29225.759765625,29675.552734375,29113.912109375,29354.97265625,13497554655,0.004365152978824893,-0.004915119656712763,0,44.580518384675706,-45.55481823417722,144.97853434236447,31097.76640165617,29084.32578584383,29616.625837053572,30236.210286458332,29575.95228223531,0.013213746742844493
2023-07-27,29353.798828125,29560.966796875,29099.3515625,29210.689453125,10770779217,-0.004915119656712763,0.0037163327075591113,1,43.026904729978725,-85.65079454347142,98.85266856519729,31103.60920482144,28965.32536549106,29533.579241071428,30186.9611328125,29484.636574957734,0.01323301332213548
2023-07-28,29212.1640625,29521.513671875,29125.845703125,29319.24609375,11218474952,0.0037163327075591113,0.001284885528077373,1,44.59149158806416,-107.4291545701999,57.596303938117856,31091.50560715611,28880.099470968893,29449.365234375,30161.394466145834,29443.2889546558,0.013216314345733298
2023-07-29,29319.4453125,29396.84375,29264.166015625,29356.91796875,6481775959,0.001284885528077373,-0.002779902682116475,0,45.15437362398836,-120.26254456755123,22.024534236984042,31080.062634836482,28810.11080266352,29390.09598214286,30125.113346354166,29421.69620817935,0.013267837311119645
2023-07-30,29357.09375,29443.169921875,29059.501953125,29275.30859375,8678454527,-0.002779902682116475,-0.0015438698273756435,0,44.1089903546053,-135.4568310946197,-9.471738829336708,31037.410871636508,28738.84635492599,29274.491629464286,30085.048567708334,29385.099304572013,0.012091389194283727
2023-07-31,29278.314453125,29489.873046875,29131.578125,29230.111328125,11656781982,-0.0015438698273756435,0.015245275282999904,1,43.50822636140361,-149.42299892386654,-37.46199084824268,30950.26542874929,28686.907813438207,29282.090959821428,30039.716341145835,29346.35231046026,0.0034468893818565827
2023-08-01,29230.873046875,29675.732421875,28657.0234375,29675.732421875,18272392391,0.015245275282999904,-0.01764989082843693,0,50.64563567525652,-123.1142055687269,-54.59243379233952,30884.595590909434,28680.986245028063,29346.139787946428,30008.215104166666,29428.697338313945,0.0066763838477879945
2023-08-02,29704.146484375,29987.998046875,28946.509765625,29151.958984375,19212655598,-0.01764989082843693,0.0009166006009861949,1,43.662833730149,-142.88138863158383,-72.25022476018839,30482.751186673766,28850.421664888734,29317.137834821428,29941.399088541668,29359.51274982921,0.009894157030219137
2023-08-03,29161.8125,29375.70703125,28959.48828125,29178.6796875,12780357746,0.0009166006009861949,-0.0035843942133476636,0,44.086373749531695,-154.60865387448575,-88.72191058304787,30390.660875458983,28826.97310891602,29312.565011160714,29888.10234375,29314.304484246906,0.009748989807498155
2023-08-04,29174.3828125,29302.078125,28885.3359375,29074.091796875,12036639988,-0.0035843942133476636,-0.0010994270766331304,0,42.73220447064738,-170.37795377135626,-105.05311922070956,30295.494071824545,28799.968428175456,29277.54296875,29840.099869791666,29254.25131240393,0.00966081784986212
2023-08-05,29075.388671875,29102.46484375,28957.796875,29042.126953125,6598366353,-0.0010994270766331304,-9.347950838400898e-06,0,42.30451245920353,-183.34109132563754,-120.71071364169516,30192.586541868448,28782.175372194055,29232.572823660714,29811.192838541665,29201.220222584197,0.009602156069730599
2023-08-06,29043.701171875,29160.822265625,28963.833984375,29041.85546875,7269806994,-9.347950838400898e-06,0.004776645775930843,1,42.30064006361849,-191.42969538439866,-134.85450999023587,30094.069116852217,28770.289476897786,29199.22237723214,29767.845833333333,29161.37903412565,0.009597675552563755
2023-08-07,29038.513671875,29244.28125,28724.140625,29180.578125,13618163710,0.004776645775930843,0.020044635853149417,1,45.06763618149869,-184.5191909958594,-144.78744619136057,30038.824450694457,28757.93570555554,29192.14620535714,29730.780403645833,29166.178806844237,0.009843512729136951
2023-08-08,29180.01953125,30176.796875,29113.814453125,29765.4921875,17570561357,0.020044635853149417,-0.006853508270246889,0,54.890440464991244,-130.3423840989053,-141.89843377286954,30010.43074193988,28771.48625024762,29204.96902901786,29717.2556640625,29316.007152008176,0.011175664640404212
2023-08-09,29766.6953125,30093.435546875,29376.80078125,29561.494140625,18379521213,-0.006853508270246889,-0.004461964714047806,0,51.43588589513935,-102.68413304318165,-134.05557362693196,29976.811345932336,28782.053497817666,29263.474051339286,29688.823111979167,29377.378899162384,0.008734044225124336
2023-08-10,29563.97265625,29688.564453125,29354.447265625,29429.591796875,11865344789,-0.004461964714047806,-0.001083159880198692,0,49.27642320691072,-90.36649786512498,-125.31775847457057,29902.315478633354,28808.634130741644,29299.31863839286,29649.1111328125,29390.432123590537,0.009077862507162757
2023-08-11,29424.90234375,29517.7734375,29253.517578125,29397.71484375,10195168197,-0.001083159880198692,0.0006207965516027425,1,48.74381485721628,-82.2290022015186,-116.70000721996018,29849.92375990159,28823.617060410907,29345.55050223214,29615.980078125,29392.252803630403,0.008902989107232005
2023-08-12,29399.787109375,29465.11328125,29357.587890625,29415.96484375,6194358008,0.0006207965516027425,-0.004523080645381872,0,49.08312844731257,-73.46054830893263,-108.05211543775468,29688.41208976047,28918.271308677027,29398.955915178572,29547.310611979166,29398.180813660303,0.008839047050376234
2023-08-13,29416.59375,29441.43359375,29265.806640625,29282.9140625,7329897180,-0.004523080645381872,0.004286776125049352,1,46.65807648492338,-76.3672573154945,-101.71514381330266,29689.500652638475,28927.782550486525,29433.39285714286,29512.272135416668,29369.364125870226,0.00915723223658183
2023-08-14,29283.263671875,29660.25390625,29124.10546875,29408.443359375,14013695304,0.004286776125049352,-0.008096168172366025,0,49.20782850176655,-67.76057821305221,-94.92423069325258,29699.00454471718,28936.383931845317,29465.94503348214,29482.693359375,29379.13393424642,0.009127319523145152
2023-08-15,29408.048828125,29439.12109375,29088.853515625,29170.34765625,12640195779,-0.008096168172366025,-0.016063173634291772,0,44.830639028746795,-79.2386426617013,-91.78711308694233,29694.624810379224,28922.30116618328,29380.924386160714,29446.733854166665,29326.937364747315,0.004378851503458947
2023-08-16,29169.07421875,29221.9765625,28701.779296875,28701.779296875,14949271904,-0.016063173634291772,-0.07097917151940503,0,37.719582826960526,-124.70709626635289,-98.37110972282444,29750.17071531034,28815.864245627155,29258.107979910714,29398.596875,29170.647847779237,0.00659630259525346
2023-08-17,28699.802734375,28745.947265625,25409.111328125,26664.55078125,31120851211,-0.07097917151940503,-0.02306411031148714,0,21.644393993077898,-321.4233207498655,-142.98155192823268,30382.666235222194,27917.899194465306,28863.102120535714,29292.196484375,28544.123581146927,0.026108428650785224
2023-08-18,26636.078125,26808.1953125,25668.921875,26049.556640625,24026236529,-0.02306411031148714,0.0017907574452629138,1,19.01049805576295,-520.9421366685783,-218.5736688763018,30808.028348564098,27161.800948310905,28384.793805803572,29163.384244791665,27920.481846016446,0.02565727167048362
2023-08-19,26047.83203125,26249.44921875,25802.408203125,26096.205078125,10631443812,0.0017907574452629138,0.00357825614760654,1,19.807642401789195,-667.6023918850187,-308.3794134780452,31033.84068313541,26618.07826217709,27910.542410714286,29040.190559895833,27464.412654043586,0.02579335514916734
2023-08-20,26096.861328125,26260.681640625,26004.314453125,26189.583984375,9036580420,0.00357825614760654,-0.002498831574187843,0,21.473811684477823,-767.4501162211454,-400.19355402666525,31151.77869647969,26196.08751445781,27468.638113839286,28916.2185546875,27145.70548662644,0.026598102922014186
2023-08-21,26188.69140625,26220.201171875,25846.087890625,26124.140625,13371557893,-0.002498831574187843,-0.0035401882238949023,0,21.142269171431025,-842.1530728879552,-488.58545779892324,31163.40220183167,25829.30482941833,26999.452008928572,28794.629817708334,26890.31427121983,0.025870188005344175
2023-08-22,26130.748046875,26135.5078125,25520.728515625,26031.65625,14503820706,-0.0035401882238949023,0.015365306423789304,1,20.656888525423454,-898.461515314797,-570.560669302098,31194.24248016126,25486.43427765124,26551.067522321428,28659.533723958335,26675.649765914874,0.02617170452115548
2023-08-23,26040.474609375,26786.8984375,25804.998046875,26431.640625,16985265785,0.015365306423789304,-0.01018731988472621,0,28.321324060445946,-900.4313532239757,-636.5348060864735,31145.32708863211,25260.64576293039,26226.76199776786,28568.024544270833,26614.647480686155,0.028697947857235468
2023-08-24,26431.51953125,26554.91015625,25914.92578125,26162.373046875,12871532023,-0.01018731988472621,-0.004384352975912553,0,26.467735041825208,-913.193382282745,-691.8665213257278,31099.380631937558,25015.420344624945,26155.022321428572,28465.857291666667,26501.578872233367,0.011954254049806613
2023-08-25,26163.6796875,26248.103515625,25786.8125,26047.66796875,12406045118,-0.004384352975912553,-0.0015051281432193475,0,25.696206197307816,-921.935623449499,-737.8803417504821,31034.6318185824,24780.723259542603,26154.752511160714,28355.613802083335,26388.101146362525,0.008102286886442748
2023-08-26,26047.234375,26107.384765625,25983.87890625,26008.462890625,6034817316,-0.0015051281432193475,0.0031232321991347956,1,25.423425387084592,-921.4060394453954,-774.5854812894647,30941.908050117876,24570.107770194627,26142.217912946428,28248.872916666667,26293.191582428146,0.008077803903775781
2023-08-27,26008.2421875,26165.373046875,25965.09765625,26089.693359375,6913768611,0.0031232321991347956,0.0006307866874213364,1,27.14903066456735,-904.0108460439478,-800.4705542403614,30795.81255584007,24407.11478790993,26127.947823660714,28141.221158854165,26242.31702666486,0.008041705502873555
2023-08-28,26089.615234375,26198.578125,25880.599609375,26106.150390625,11002805166,0.0006307866874213364,0.062101924766441385,1,27.514966205724548,-878.7672037517113,-816.1298841426315,30513.74220187377,24323.25096218873,26125.377790178572,28032.862239583334,26208.275367654896,0.008000126167876207
2023-08-29,26102.486328125,28089.337890625,25912.62890625,27727.392578125,29368391712,0.062101924766441385,-0.015512708305083889,0,52.71396336081959,-719.6451191495144,-796.8329311440082,30267.455000770777,24386.128007041723,26367.625837053572,27981.2650390625,26588.054670272424,0.024569312110791174
2023-08-30,27726.083984375,27760.16015625,27069.20703125,27297.265625,16343655235,-0.015512708305083889,-0.0500340578984273,0,47.95111188711956,-621.0878568854023,-761.6839162922871,29998.277820098352,24442.072570526645,26491.286551339286,27916.836848958334,26765.357408954318,0.02602874654597132
2023-08-31,27301.9296875,27456.078125,25752.9296875,25931.47265625,20181001451,-0.0500340578984273,-0.005042060225742162,0,36.63274576194042,-645.7448499760758,-738.4961030290449,29689.119868983358,24404.606302891643,26458.30078125,27792.028190104167,26556.88622077824,0.03323625535492307
2023-09-01,25934.021484375,26125.869140625,25362.609375,25800.724609375,17202862221,-0.005042060225742162,0.0026384615075991658,1,35.76248820199318,-668.1341349120703,-724.42370940565,29323.51127213226,24408.69087630524,26423.02315848214,27680.320377604166,26367.84581792743,0.033249013552024476
2023-09-02,25800.91015625,25970.28515625,25753.09375,25868.798828125,10100387473,0.0026384615075991658,0.0038953327054152,1,36.60689648720738,-672.6311112446856,-714.0651897734572,28920.9353373976,24469.8552876024,26403.071149553572,27569.991015625,26243.084070476823,0.03327313679455016
2023-09-03,25869.47265625,26087.1484375,25817.03125,25969.56640625,8962524523,0.0038953327054152,-0.006051329012069284,0,37.90803055659498,-660.4506322104717,-703.3422782608602,28385.710639806544,24661.192289880957,26385.91015625,27466.5068359375,26174.70465442012,0.033287649604876964
2023-09-04,25968.169921875,26081.525390625,25657.025390625,25812.416015625,10680635106,-0.006051329012069284,-0.0012565113521479931,0,36.6448306599264,-655.917232422009,-693.8572690930899,27789.135915783787,24921.97384984121,26343.948102678572,27358.8498046875,26084.13249472134,0.03335596692783491
2023-09-05,25814.95703125,25858.375,25589.98828125,25779.982421875,11094740040,-0.0012565113521479931,-0.0010374752516241204,0,36.37542099057048,-647.4778784433329,-684.5813909631386,27176.464801025675,25242.465277099323,26065.746651785714,27250.120703125,26008.094976509758,0.01871845409439136
2023-09-06,25783.931640625,25953.015625,25404.359375,25753.236328125,12752705327,-0.0010374752516241204,0.018908652030005024,1,36.139464382341174,-635.6207752156697,-674.7892678136448,27126.703512543958,25201.09512026854,25845.171037946428,27135.8759765625,25944.38031441357,0.018832256837086666
2023-09-07,25748.3125,26409.302734375,25608.201171875,26240.1953125,11088307100,0.018908652030005024,-0.012749181613965876,0,43.34518833297824,-580.2417494294277,-655.8797641368014,27135.2929112441,25211.5695887559,25889.274274553572,27018.366080729167,26018.33406393518,0.00840245671204383
2023-09-08,26245.208984375,26414.005859375,25677.48046875,25905.654296875,10817356400,-0.012749181613965876,-0.0003851113886439439,0,40.005496462712586,-556.9282148099592,-636.089454271433,27132.388549419444,25195.418872455553,25904.264229910714,26896.504752604167,25990.164122170136,0.009821633792430277
2023-09-09,25905.42578125,25921.9765625,25810.494140625,25895.677734375,5481314132,-0.0003851113886439439,-0.0024502611024840304,0,39.90674851254535,-533.1117158652487,-615.4939065901963,27124.583307456247,25173.83348941875,25908.104073660714,26778.7076171875,25966.542525221354,0.009784544548509128
2023-09-10,25895.2109375,25978.130859375,25640.26171875,25832.2265625,7899553047,-0.0024502611024840304,-0.02592003689674205,0,39.2432847913864,-513.4383504499892,-595.0827953621549,27119.73902891359,25149.486361711406,25888.48409598214,26659.8580078125,25932.963534541017,0.00967731710656748
2023-09-11,25831.71484375,25883.947265625,24930.296875,25162.654296875,14600006467,-0.02592003689674205,0.026654161568650414,1,33.00707920780431,-545.5867679613912,-585.1835898820023,27163.42323245609,25018.90196285641,25795.660993303572,26518.080989583334,25740.386225124515,0.013615145566399494
2023-09-12,25160.658203125,26451.939453125,25133.078125,25833.34375,18657279324,0.026654161568650414,0.01528956036711282,1,42.81054684266923,-511.05446897646107,-570.357765700894,27127.208509119875,24995.286998692623,25803.284040178572,26403.0953125,25763.625606343387,0.017833938997530933
2023-09-13,25837.5546875,26376.11328125,25781.123046875,26228.32421875,13072077070,0.01528956036711282,0.011870739692642074,1,47.66747135659797,-446.6668529600465,-545.6195831527245,27132.143776404017,24996.94684859598,25871.153738839286,26297.091341145835,25879.80025944504,0.01865840949506898
2023-09-14,26228.27734375,26774.623046875,26171.451171875,26539.673828125,13811359124,0.011870739692642074,0.0026006171627044328,1,51.18665074011776,-366.2934886328294,-509.75436424874556,27176.54536397489,25001.745846962614,25913.936383928572,26209.402213541667,26044.76865161503,0.017813964192643996
2023-09-15,26533.818359375,26840.498046875,26240.701171875,26608.693359375,11479735788,0.0026006171627044328,-0.001518755875352329,0,51.95790921299325,-293.64278772252874,-466.5320489435022,27228.8956126338,25009.418645178695,26014.370535714286,26139.632682291667,26185.749828555025,0.016636301456768133
2023-09-16,26606.19921875,26754.76953125,26473.890625,26568.28125,7402031417,-0.001518755875352329,-0.0012832501161511578,0,51.44536446587393,-236.60012436434772,-420.54566402767136,27269.762124958204,25016.4109219168,26110.45675223214,26136.423697916667,26281.38268391627,0.016690979580339053
2023-09-17,26567.927734375,26617.998046875,26445.07421875,26534.1875,6774210670,-0.0012832501161511578,0.008294723552398242,1,50.98838226053626,-191.9320106294217,-374.8229333480214,27303.735890461227,25025.240867351276,26210.736886160714,26152.578059895834,26344.583887937202,0.01662396147335677
2023-09-18,26532.994140625,27414.734375,26415.515625,26754.28125,15615339655,0.008294723552398242,0.017075246134672373,1,53.8390425764749,-137.1910296618371,-327.29655261078454,27048.277263921347,25183.388361078654,26438.112165178572,26174.513932291666,26447.0082284529,0.010141808639034161
2023-09-19,26760.8515625,27488.763671875,26681.60546875,27211.1171875,13807690550,0.017075246134672373,-0.00290724465500225,0,59.150031465141645,-56.296613323567726,-273.09656475334117,27022.65178898426,25200.39899226574,26634.936941964286,26208.5650390625,26638.03546821468,0.0076874437608857515
2023-09-20,27210.228515625,27379.505859375,26864.08203125,27132.0078125,13281116604,-0.00290724465500225,-0.02080107760178318,0,57.907554949491605,1.4130403696435678,-218.19464372874424,27180.279834393008,25162.82446248199,26764.034598214286,26242.160611979165,26761.52855428601,0.00768137563052704
2023-09-21,27129.83984375,27152.939453125,26389.30078125,26567.6328125,13371443708,-0.02080107760178318,0.0004492514240630463,1,49.86086105551441,1.5896859655294975,-174.2377777898895,27217.62938216406,25202.16573502344,26768.028738839286,26260.026497395833,26713.05461883951,0.011632678883051696
2023-09-22,26564.056640625,26726.078125,26495.533203125,26579.568359375,10578746709,0.0004492514240630463,-6.686879658768241e-06,0,50.01903906013739,2.662090830221132,-138.85780406586736,27252.676386996543,25238.195683315957,26763.868024553572,26264.957421875,26679.683053973382,0.011587279768754163
2023-09-23,26578.556640625,26634.185546875,26520.51953125,26579.390625,7404700301,-6.686879658768241e-06,-0.01213588594546644,0,50.01650861814525,3.4577786136069335,-110.3946875299725,27284.836852442393,25267.017639745107,26765.455078125,26278.8580078125,26654.609946730037,0.0115704774465158
2023-09-24,26579.373046875,26716.05859375,26221.05078125,26256.826171875,8192867686,-0.01213588594546644,0.0015864178176880905,1,45.51606326668071,-21.689861447710427,-92.65372231352009,27284.56958454764,25311.72592326486,26725.83203125,26285.829947916667,26555.164003016278,0.012480709213437835
2023-09-25,26253.775390625,26421.5078125,26011.46875,26298.48046875,11997833257,0.0015864178176880905,-0.0030887894396227633,0,46.18940862393025,-37.822400645920425,-81.68745798000016,27281.4861435144,25366.659168985596,26660.717633928572,26295.497200520833,26490.99311944971,0.011850927073081947
2023-09-26,26294.7578125,26389.884765625,26090.712890625,26217.25,9985498161,-0.0030887894396227633,0.005167086436411061,1,45.02091186563872,-56.510753357953945,-76.65211705559092,27270.094499113042,25424.452180574455,26518.73660714286,26299.749088541666,26422.557339587285,0.00822716833324887
2023-09-27,26209.498046875,26817.841796875,26111.46484375,26352.716796875,11718380997,0.005167086436411061,0.02537992888096885,1,47.41028782579309,-59.70215982483933,-73.2621256094406,27274.411794124528,25431.387034000472,26407.409319196428,26307.96796875,26405.097203909216,0.009130413824635763
2023-09-28,26355.8125,27259.5,26327.322265625,27021.546875,14079002707,0.02537992888096885,-0.004064392478456136,0,57.281501517828566,-8.168216666988883,-60.243343820950265,27350.046872986502,25467.341212950996,26472.25418526786,26284.439778645832,26559.20962168191,0.011455484449518985
2023-09-29,27024.841796875,27225.9375,26721.763671875,26911.720703125,10396435377,-0.004064392478456136,0.0020881352448591795,1,55.441248678075105,23.539402770551533,-43.486794502649914,27394.264470194048,25524.727912618455,26519.704520089286,26271.58828125,26647.337392042686,0.011712900723827645
2023-09-30,26911.689453125,27091.794921875,26888.96875,26967.916015625,5331172801,0.0020881352448591795,0.037668241913332734,1,56.21634213805996,52.596116400869505,-24.270212321946026,27429.461114877427,25603.10021324757,26575.208147321428,26306.136393229168,26727.482047938265,0.011684762243448478
2023-10-01,26967.396484375,28047.23828125,26965.09375,27983.75,9503917434,0.037668241913332734,-0.016186709920936293,0,67.292244786586,155.79715157247847,11.74326045693887,27562.07027671402,25752.60062172348,26821.911551339286,26378.90390625,27041.5490359537,0.01593728755317901
2023-10-02,27976.798828125,28494.458984375,27347.787109375,27530.78515625,19793041322,-0.016186709920936293,-0.003661597010505724,0,60.00324005600226,198.74324969470763,49.14325830449262,27640.273468597716,25844.141570464784,26997.955078125,26434.303450520834,27163.858066027777,0.018561089810834465
2023-10-03,27508.251953125,27667.19140625,27216.001953125,27429.978515625,11407814187,-0.003661597010505724,0.013467601347721292,1,58.48494345512839,222.08404185235122,83.73141501406434,27715.456866282795,25889.123602467203,27171.202008928572,26482.983854166665,27230.388178427085,0.018612675535484707
2023-10-04,27429.07421875,27826.658203125,27248.10546875,27799.39453125,11143355314,0.013467601347721292,-0.01379463216164356,0,62.2542482586929,267.3091988707092,120.44697178539333,27866.80223301595,25863.750306046546,27377.870256696428,26549.216471354168,27372.639766632816,0.01876790681723543
2023-10-05,27798.646484375,28091.861328125,27375.6015625,27415.912109375,11877253670,-0.01379463216164356,0.01935684447622399,1,56.51765350141904,269.1045651728855,150.17849046289177,27927.40589029457,25883.86852376793,27434.208147321428,26603.7474609375,27383.457852318363,0.018495341245978403
2023-10-06,27412.123046875,28252.537109375,27215.552734375,27946.59765625,13492391599,0.01935684447622399,0.0007958817661306572,1,61.76800756739135,309.778362280882,182.09846482648982,28078.623497902077,25870.482556785424,27582.047712053572,26676.859505208333,27524.242803301273,0.01927189276489717
2023-10-07,27946.78125,28028.091796875,27870.423828125,27968.83984375,6553044316,0.0007958817661306572,-0.001206700034343422,0,61.975244412181766,339.8893651457729,213.65664489034643,28211.32908818727,25881.24220087523,27725.03683035714,26734.480989583335,27635.392063413456,0.01931685846291961
2023-10-08,27971.677734375,28102.169921875,27740.662109375,27935.08984375,7916875290,-0.001206700034343422,-0.012579594744121514,0,61.431106059172556,356.914915935693,242.30829909941576,28323.654602933304,25886.997545504193,27718.085379464286,26802.128841145834,27710.31650849759,0.013061687789164085
2023-10-09,27934.47265625,27989.470703125,27302.5625,27583.677734375,12007668568,-0.012579594744121514,-0.006984500217130485,0,55.925229231369855,338.1537414085833,261.47738756124926,28359.454850446884,25888.453352678116,27725.641462053572,26858.3955078125,27678.656814966944,0.01237801096569437
2023-10-10,27589.201171875,27715.84765625,27301.654296875,27391.01953125,9973350678,-0.006984500217130485,-0.018900326735168282,0,53.1145755422624,304.2324660578997,270.02840326057935,28377.88939573948,25895.919979260518,27720.07589285714,26910.3552734375,27606.74749403771,0.012618419002238208
2023-10-11,27392.076171875,27474.115234375,26561.099609375,26873.3203125,13648094333,-0.018900326735168282,-0.0043359541366684295,0,46.37058669633248,232.89098824972825,262.60092025840913,28372.102931846228,25932.275193153775,27587.77957589286,26967.377473958335,27423.390698653286,0.012733052953124832
2023-10-12,26873.29296875,26921.439453125,26558.3203125,26756.798828125,9392909295,-0.0043359541366684295,0.003945769916393171,1,44.986081852553276,165.0474785268052,243.09023191208837,28366.688813512876,25955.412358362126,27493.620535714286,26998.159309895833,27256.742731021215,0.012100545976541754
2023-10-13,26752.87890625,27092.697265625,26686.322265625,26862.375,15165312851,0.003945769916393171,-2.4866332556272575e-05,0,46.543471300809024,118.43487945156085,218.15916141998287,28359.656850477513,25990.74275889749,27338.731584821428,27019.2943359375,27158.150798265913,0.007963014366710222
2023-10-14,26866.203125,26969.0,26814.5859375,26861.70703125,5388116782,-2.4866332556272575e-05,0.011091823470242623,1,46.53449547164025,80.51206637890937,190.62974241176818,28323.591066358542,26087.296628953958,27180.569754464286,27030.028776041665,27084.039856511936,0.007858337655453167
2023-10-15,26858.01171875,27289.169921875,26817.89453125,27159.65234375,7098201980,0.011091823470242623,0.05006744695824206,1,51.06742505969179,73.65066150570783,167.2339262305561,28287.12647874571,26209.87840406679,27069.79296875,27048.394075520835,27102.942978321455,0.010094081851496968
2023-10-16,27162.62890625,29448.138671875,27130.47265625,28519.466796875,27833876539,0.05006744695824206,-0.0036367703063566736,0,65.46039572348775,175.91082019900568,168.96930502424604,28429.498654136914,26297.727908363086,27203.477120535714,27113.43359375,27457.073932959844,0.021971788161428765
2023-10-17,28522.09765625,28618.751953125,28110.185546875,28415.748046875,14872527508,-0.0036367703063566736,-0.0030759792019486865,0,63.91611918723691,245.75063603906165,184.3255712272092,28520.5987117446,26412.9309757554,27349.86690848214,27176.152278645834,27696.742461438633,0.021702748879554853
2023-10-18,28413.53125,28889.009765625,28174.251953125,28328.341796875,12724128586,-0.0030759792019486865,0.013818840741083749,1,62.57636031103859,290.69528507569703,205.59951399690675,28628.602584801196,26435.606594886307,27557.727120535714,27228.620963541667,27854.642295297726,0.019449844228600334
2023-10-19,28332.416015625,28892.474609375,28177.98828125,28719.806640625,14448058195,0.013818840741083749,0.033535830870205396,1,66.01249723837506,353.82352715482193,235.2443166284898,28795.013941836954,26450.00383160055,27838.156808035714,27278.910611979165,28070.933381629548,0.018773152327949755
2023-10-20,28732.8125,30104.0859375,28601.669921875,29682.94921875,21536125230,0.033535830870205396,0.007932597562652743,1,72.66304081243203,476.08268570365544,283.41199044352294,29195.075969374288,26321.445124375714,28241.09598214286,27363.9419921875,28473.937340909662,0.020364610239530123
2023-10-21,29683.380859375,30287.482421875,29481.751953125,29918.412109375,11541146996,0.007932597562652743,0.002523007395046406,1,74.00237259513233,585.2276965173696,343.77513165829225,29572.576616703074,26137.410687984426,28677.768136160714,27475.634635416667,28835.056033025998,0.01962476751160881
2023-10-22,29918.654296875,30199.43359375,29720.3125,29993.896484375,10446520040,0.002523007395046406,0.10309890521346299,1,74.43479337261503,670.0924534623882,409.0385960191115,29923.240707728422,26033.05772977158,29082.66015625,27589.445572916666,29124.76614586325,0.020216703869320285
2023-10-23,30140.685546875,34370.4375,30097.828125,33086.234375,38363572311,0.10309890521346299,0.02464145540134477,1,85.25495146557824,975.6277790564927,522.3564326265878,31197.261922452737,25324.662100984766,29735.055524553572,27806.340364583335,30115.133203147438,0.03794805100884423
2023-10-24,33077.3046875,35150.43359375,32880.76171875,33901.52734375,44934999645,0.02464145540134477,0.017736456610143003,1,86.83677503094623,1268.926658108212,671.6704777229127,32383.14652191095,24748.990782776553,30518.73828125,28061.163736979168,31061.73173829808,0.03622668631858729
2023-10-25,33916.04296875,35133.7578125,33709.109375,34502.8203125,25254318008,0.017736456610143003,-0.010033147199696724,0,87.87029568688813,1532.2249151788383,843.7813652140978,33486.842954287444,24353.985170712556,31400.806640625,28334.641731770833,31922.00388184856,0.03423547925968673
2023-10-26,34504.2890625,34832.91015625,33762.32421875,34156.6484375,19427195376,-0.010033147199696724,-0.007226928505637331,0,83.79136378804625,1693.436620403074,1013.712416251893,34306.40593009663,24155.42727302837,32177.49832589286,28599.288346354166,32480.66502076142,0.037072473667152946
2023-10-27,34156.5,34238.2109375,33416.88671875,33909.80078125,16418032871,-0.007226928505637331,0.005301518539129857,1,80.90724149152871,1780.752113508639,1167.1203557032422,34956.35903723411,24099.570259640885,32781.334263392855,28851.191145833334,32837.948960883565,0.038786178840190734
2023-10-28,33907.72265625,34399.390625,33874.8046875,34089.57421875,10160330825,0.005301518539129857,0.013168432293093613,1,81.40911657924246,1843.2091174972302,1302.33810806204,35557.829655984024,24113.548078390977,33377.214564732145,29086.792057291666,33150.85527535017,0.03893293846296883
2023-10-29,34089.37109375,34743.26171875,33947.56640625,34538.48046875,11160323986,0.013168432293093613,-0.0010457086417764438,0,82.63649680717799,1906.947620707695,1423.260010591171,36155.710087139945,24211.147920672556,34026.44084821428,29341.0173828125,33497.761573700125,0.038366041012755606
2023-10-30,34531.7421875,34843.93359375,34110.97265625,34502.36328125,17184860315,-0.0010457086417764438,0.004794395311462418,1,82.16647640068018,1932.2724544685152,1525.06249936664,36649.11548350285,24428.876899309653,34228.74497767857,29592.165625,33748.912000587596,0.013030323926497533
2023-10-31,34500.078125,34719.25390625,34083.30859375,34667.78125,15758270810,0.004794395311462418,0.022195613001625203,1,82.65312939292686,1943.2893849282045,1608.707876478953,37048.19297650115,24809.245500061348,34338.20982142857,29814.966666666667,33978.62931294069,0.010161096732038551
2023-11-01,34657.2734375,35527.9296875,34170.69140625,35437.25390625,22446272005,0.022195613001625203,-0.014081557224217889,0,84.7393087106056,1991.1575692920233,1685.1978150415673,37468.38272988645,25257.101254488556,34471.70033482143,30078.515625,34343.28546126802,0.011297459997990832
2023-11-02,35441.578125,35919.84375,34401.57421875,34938.2421875,20998158544,-0.014081557224217889,-0.005893770145759425,0,78.1734433196306,1966.1626755537982,1741.3907871440138,37693.83087532451,25839.239827800495,34583.35658482143,30328.791080729166,34492.02464282601,0.012196238317565803
2023-11-03,34942.47265625,34942.47265625,34133.44140625,34732.32421875,17158456701,-0.005893770145759425,0.010073356782761111,1,75.57129465541625,1907.7468647126916,1774.6620026577496,37769.08382790804,26551.048593966956,34700.85993303572,30559.888736979166,34552.09953680701,0.01201348175249768
2023-11-04,34736.32421875,35256.03125,34616.69140625,35082.1953125,9561294264,0.010073356782761111,-0.0009360829177728069,0,76.9737668545823,1868.1487313361868,1793.3593483934371,37804.083572134434,27308.303146615566,34842.66294642857,30815.431510416667,34684.62348073025,0.012266053184448579
2023-11-05,35090.01171875,35340.33984375,34594.2421875,35049.35546875,12412743996,-0.0009360829177728069,-0.0003419285416157436,0,76.52964594878034,1813.2154058977721,1797.3305598943043,37892.4878306101,27872.887755327396,34915.64508928572,31052.190104166668,34775.80647773519,0.011686892283759092
2023-11-06,35044.7890625,35286.02734375,34765.36328125,35037.37109375,12693436420,-0.0003419285416157436,0.011593090279608864,1,76.35650352164319,1748.5570337634235,1787.5758546681284,37861.07562614267,28566.46226448233,34992.07477678572,31287.8078125,34841.19763173889,0.011657728435137264
2023-11-07,35047.79296875,35892.41796875,34545.81640625,35443.5625,18834737789,0.011593090279608864,0.005973294692089626,1,78.16004279709018,1710.3749223759623,1772.1356682096953,37730.31258761298,29408.747373324528,35102.900669642855,31538.090234375,34991.78884880417,0.012175901082048605
2023-11-08,35419.4765625,35994.41796875,35147.80078125,35655.27734375,17295394918,0.005973294692089626,0.029107827327892632,1,79.0567749122833,1677.857644039621,1753.2800633756806,37521.46779527392,30311.139235976072,35134.046875,31807.1435546875,35157.66097254062,0.009126389059285717
2023-11-09,35633.6328125,37926.2578125,35592.1015625,36693.125,37762672382,0.029107827327892632,0.01691989303173269,1,82.78770213604882,1716.0515251118413,1745.8343557229127,37501.57251667531,31032.052092699687,35384.744419642855,32117.213736979167,35541.52697940547,0.01157180068771258
2023-11-10,36702.25,37493.80078125,36362.75390625,37313.96875,22711265155,0.01691989303173269,-0.0047145338500075296,0,84.55969687251824,1775.9453604235605,1751.8565566630423,37463.61094978954,31809.569323647956,35753.55078125,32465.2353515625,35984.6374220541,0.010468121564988619
2023-11-11,37310.0703125,37407.09375,36773.66796875,37138.05078125,13924272142,-0.0047145338500075296,-0.002249209321512735,0,81.98416962727845,1788.5986941672309,1759.20498416388,37096.70000636781,32890.89569675719,36047.244419642855,32811.277083333334,36272.99076185307,0.011922366874266383
2023-11-12,37133.9921875,37227.69140625,36779.1171875,37054.51953125,11545715999,-0.002249209321512735,-0.014901395821212304,0,80.72685426367893,1771.4659220955436,1761.6571717502127,37286.55680084184,33097.867417908164,36333.69642857143,33151.015234375,36468.3729542023,0.012099616027285473
2023-11-13,37070.3046875,37405.1171875,36399.60546875,36502.35546875,19057712790,-0.014901395821212304,-0.026428838121854925,0,72.78107450193248,1693.807888596697,1748.0873151195096,37402.82033956912,33241.68669168088,36542.97991071428,33472.37018229167,36476.868582839226,0.01474340339971064
2023-11-14,36491.7890625,36753.3515625,34948.5,35537.640625,23857403554,-0.026428838121854925,0.06592844558740318,1,61.40841826017884,1536.70473648396,1705.8107993924,37421.68443565582,33326.304626844176,36556.419642857145,33751.636458333334,36242.06159337942,0.018775366547038534
2023-11-15,35548.11328125,37964.89453125,35383.78125,37880.58203125,27365821679,0.06592844558740318,-0.04555929205565723,0,72.60456899136993,1583.0072253673352,1681.250084587387,37799.514101263136,33320.86832061186,36874.3203125,34063.6736328125,36651.69170284706,0.031222179996551257
2023-11-16,37879.98046875,37934.625,35545.47265625,36154.76953125,26007385366,-0.04555929205565723,0.012222842746045792,1,59.02136373424663,1463.572483320204,1637.7145643339504,37791.42882301293,33553.450473862074,36797.412388392855,34321.641015625,36527.4611599478,0.03568148784850762
2023-11-17,36164.82421875,36704.484375,35901.234375,36596.68359375,22445028430,0.012222842746045792,-0.000300039994658885,0,61.03174384098065,1388.5717703679475,1587.88600554075,37821.902804089324,33773.68743028568,36694.943080357145,34597.25240885417,36544.76676839835,0.035318092685604166
2023-11-18,36625.37109375,36839.28125,36233.3125,36585.703125,11886022717,-0.000300039994658885,0.021889527372586093,1,60.951728282066576,1313.1104134780835,1532.9308871282167,37865.37528388236,33934.93721611764,36616.03627232143,34859.448958333334,36555.000857548766,0.035306019108350344
2023-11-19,36585.765625,37509.35546875,36414.59765625,37386.546875,12915986553,0.021889527372586093,0.0024182537251242753,1,64.5973075821824,1302.9090180404091,1486.9265133106553,38001.405818240855,34087.32504113415,36663.46875,35116.235546875,36762.88736191157,0.036395489446812715
2023-11-20,37374.07421875,37756.8203125,36882.53125,37476.95703125,20888209068,0.0024182537251242753,-0.04437779006078835,0,64.99463945168542,1287.280711936357,1446.9973530357959,38129.70450692962,34239.94393057038,36802.697544642855,35368.18704427083,36941.40477924617,0.03564907509645059
2023-11-21,37469.16015625,37631.140625,35813.8125,35813.8125,25172163756,-0.04437779006078835,0.045192824521265385,1,53.1723760341291,1127.6939486846168,1383.13667216556,38126.38432850524,34280.91996836975,36842.150669642855,35562.184244791664,36659.50670943462,0.03874004199207931
2023-11-22,35756.5546875,37856.98046875,35670.97265625,37432.33984375,24397247860,0.045192824521265385,-0.003812712499291715,0,60.66997268774563,1118.923663602087,1330.2940704528655,38230.034191483406,34426.6798710166,36778.11607142857,35707.054427083334,36852.71499301347,0.03344538168671039
2023-11-23,37420.43359375,37643.91796875,36923.86328125,37289.62109375,14214948217,-0.003812712499291715,0.011549062275727495,1,59.761344951887054,1087.9161192941028,1281.818480221113,38252.41783327959,34660.02591672041,36940.23772321428,35819.990885416664,36961.9415181976,0.027395341869913353
2023-11-24,37296.31640625,38415.33984375,37261.60546875,37720.28125,22922957823,0.011549062275727495,0.0020283973558654633,1,61.62882361228103,1085.5792110693874,1242.5706263907682,38348.43988488683,34827.812458863176,37100.751674107145,35927.239583333336,37151.5264511482,0.027365867612335226
2023-11-25,37721.4140625,37892.4296875,37617.41796875,37796.79296875,9099571165,0.0020283973558654633,-0.008404730932136117,0,61.96654295985852,1077.4805259381246,1209.5526063002394,38411.27153992435,35039.72455382565,37273.76450892857,36048.577734375,37312.84308054865,0.027309746665252346
2023-11-26,37796.828125,37820.30078125,37162.75,37479.12109375,13744796068,-0.008404730932136117,-0.006002091789647501,0,59.620261047809436,1033.5150757533775,1174.345100190867,38372.65795716429,35322.513136585716,37286.98939732143,36167.555078125,37354.412583848985,0.026574690466359463
2023-11-27,37454.19140625,37559.35546875,36750.12890625,37254.16796875,19002925720,-0.006002091789647501,0.01548599794884531,1,57.947044456974446,969.3462820103014,1133.3453365547539,38328.03259656753,35548.199044057474,37255.162388392855,36273.04153645833,37329.35143007424,0.026672032600094618
2023-11-28,37247.9921875,38368.48046875,36891.08984375,37831.0859375,21696137014,0.01548599794884531,0.0007244373065387055,1,60.97214420241469,954.0468510063511,1097.4856394450735,38356.43724589008,35737.37525410992,37543.34430803572,36382.79505208333,37454.78505693068,0.01867402829896737
2023-11-29,37826.10546875,38366.11328125,37612.6328125,37858.4921875,20728546658,0.0007244373065387055,-0.0038497596002547985,0,61.11524523645854,933.3740420886461,1064.663319973788,38449.79081283198,35760.55840591801,37604.22321428572,36494.666015625,37555.711839573014,0.008943521180240274
2023-11-30,37861.1171875,38141.75390625,37531.140625,37712.74609375,18115982627,-0.0038497596002547985,0.025879947957747618,1,59.85827705438564,894.9141866877326,1030.713493316577,38493.14568524527,35757.08126787974,37664.669642857145,36596.16484375,37594.97040311726,0.008947304553927733
2023-12-01,37718.0078125,38954.109375,37629.359375,38688.75,23512784002,0.025879947957747618,0.020356874575942596,1,65.04323539329027,932.4412305424194,1011.0590407617455,38731.18492840826,35674.11194659174,37803.02232142857,36704.548046875,37868.41530233794,0.012517732953148139
2023-12-02,38689.27734375,39678.9375,38652.59375,39476.33203125,15534035612,0.020356874575942596,0.012717964611113297,1,68.57106684631714,1014.043706362565,1011.6559738819094,39142.3404560194,35505.13766898059,38042.95647321428,36855.817708333336,38270.39448456595,0.013946484396255277
2023-12-03,39472.20703125,40135.60546875,39298.1640625,39978.390625,15769696322,0.012717964611113297,0.05006972516793251,1,70.6074397277761,1106.4714745964375,1030.619074024815,39609.644891251286,35385.43674937371,38399.99497767857,37030.68658854167,38697.393519674464,0.012434509537870871
2023-12-04,39978.62890625,42371.75,39978.62890625,41980.09765625,39856129827,0.05006972516793251,0.05003682455553493,1,77.00474054054885,1325.9573641717288,1089.6867320541978,40520.839801424096,35118.48754232591,39075.12779017857,37260.61666666667,39518.06955381834,0.017809877967624694
2023-12-05,41986.265625,44408.6640625,41421.1484375,44080.6484375,36312154535,0.05003682455553493,-0.007581629055975703,0,81.5442456556193,1650.373922723069,1201.8241701879722,41970.39453865607,34288.93944571893,39967.92243303572,37561.659765625,40658.714274738755,0.021595552124617574
2023-12-06,44080.0234375,44265.76953125,43478.08203125,43746.4453125,29909761586,-0.007581629055975703,-0.010372985662227885,0,78.87628959256074,1859.0786817279877,1333.2750724959753,42948.22007807884,34070.28148442115,40809.05859375,37851.962239583336,41430.64703417906,0.02314940278271226
2023-12-07,43769.1328125,44042.58984375,42880.6484375,43292.6640625,27635760671,-0.010372985662227885,0.02018673414826888,1,75.27500952917886,1965.2086503873652,1459.6617880742533,43650.36988852687,34037.72972084813,41606.189732142855,38113.598958333336,41896.151291259295,0.02441726824419602
2023-12-08,43293.13671875,44705.515625,43125.296875,44166.6015625,24421116687,0.02018673414826888,-0.009976252913108663,0,77.41381738419798,2095.6791825234905,1586.8652669641008,44435.76180157391,34010.42765155109,42388.739955357145,38397.309765625,42463.76385906947,0.024289397068105924
2023-12-09,44180.01953125,44361.2578125,43627.59765625,43725.984375,17368210171,-0.009976252913108663,0.0012284421841561866,1,73.94096369840108,2138.8683516327146,1697.2658838978236,45031.02597053703,34049.10723258797,42995.83314732143,38631.73841145833,42779.3189880521,0.026668037216037686
2023-12-10,43728.3828125,44034.625,43593.28515625,43779.69921875,13000481418,0.0012284421841561866,-0.05792335792051162,0,74.09354229052535,2152.6163964290317,1788.3359864040654,45555.817881957075,34154.58953991793,43538.877232142855,38847.26276041667,43029.414045726575,0.027181362469730665
2023-12-11,43792.01953125,43808.375,40234.578125,41243.83203125,40632672038,-0.05792335792051162,0.005004157345118276,1,57.096854210917286,1936.565016039487,1817.9817923311498,45541.613730517965,34711.79564448204,43433.69642857143,38984.12213541667,42583.01854210743,0.03292108253659195
2023-12-12,41238.734375,42048.3046875,40667.5625,41450.22265625,24779520132,0.005004157345118276,0.03475299863154757,1,57.94247529009154,1761.689083927573,1806.7232506504345,45624.60040464746,35030.59725160254,43057.92131696428,39130.64557291667,42299.81957064306,0.024321225554128027
2023-12-13,41468.46484375,43429.78125,40676.8671875,42890.7421875,26797884674,0.03475299863154757,0.0031062756659134827,1,63.36929951575503,1719.5150360885746,1789.2816077380626,45824.222639474225,35391.08712615078,42935.678013392855,39343.591796875,42447.550224857296,0.029332267525203466
2023-12-14,42884.26171875,43390.859375,41767.08984375,43023.97265625,25578530178,0.0031062756659134827,-0.025432678020983368,0,63.834104057396445,1677.505149549892,1766.9263161004285,46014.008653984776,35731.67025226523,42897.29352678572,39593.13619791667,42591.65583270547,0.029166883844951818
2023-12-15,43028.25,43087.82421875,41692.96875,41929.7578125,19639442462,-0.025432678020983368,0.007401888090740938,1,57.39290025900917,1538.186759175711,1721.1784047154852,46038.50066734049,36120.474723284504,42577.744419642855,39728.108723958336,42426.1813276541,0.028864795692386296
2023-12-16,41937.7421875,42664.9453125,41723.11328125,42240.1171875,14386729590,0.007401888090740938,-0.02072563201266564,0,58.66687115043711,1436.2629931084666,1664.1953223940816,46012.43079476108,36622.64420523892,42365.47767857143,39930.95364583333,42379.66529261557,0.029313437645574113
2023-12-17,42236.109375,42359.49609375,41274.54296875,41364.6640625,16678702876,-0.02072563201266564,0.030433584522719714,1,53.781854815834755,1270.2038046727757,1585.3970188498206,45832.506707496934,37213.61790187806,42020.47265625,40089.886328125,42125.914985086674,0.02976293826391489
2023-12-18,41348.203125,42720.296875,40530.2578125,42623.5390625,25224642008,0.030433584522719714,-0.008282083715112631,0,59.06079663943359,1226.04827179954,1513.5272694397645,45744.85860243972,37780.511319435274,42217.57366071428,40291.14752604167,42250.321004440004,0.02283779509291735
2023-12-19,42641.51171875,43354.296875,41826.3359375,42270.52734375,23171001281,-0.008282083715112631,0.032687613405284255,1,57.091561915744315,1149.3209420208077,1440.686003955973,45542.23079018453,38424.342647315476,42334.760044642855,40453.946875,42255.3725892675,0.023376773942392057
2023-12-20,42261.30078125,44275.5859375,42223.81640625,43652.25,27868908174,0.032687613405284255,0.0049688697318006625,1,62.37899641835908,1186.332152612733,1389.8152336873252,45317.18306515489,39243.34076297012,42443.546875,40659.78997395833,42604.59194195062,0.02291827335477458
2023-12-21,43648.125,44240.66796875,43330.05078125,43869.15234375,22452766169,0.0049688697318006625,0.002934864092908329,1,63.146722788165114,1219.1128361663723,1355.6747541831346,45162.19022393628,39916.37383856371,42564.286830357145,40928.30130208333,42920.732042400465,0.022934024371536566
2023-12-22,43868.98828125,44367.95703125,43441.96875,43997.90234375,21028503216,0.002934864092908329,-0.005872083923035065,0,63.62128279799412,1241.1733393931063,1332.7744712251292,45051.05158222064,40479.66951152936,42859.736049107145,41147.15338541667,43190.02461773785,0.01928741541678865
2023-12-23,44012.19921875,44015.69921875,43351.35546875,43739.54296875,13507796558,-0.005872083923035065,-0.01653939964043194,0,61.89878444299863,1223.702919250034,1310.9601608301105,44881.9634315274,41024.872896597604,43073.939732142855,41362.15078125,43327.404205490886,0.01989126139688219
2023-12-24,43728.3671875,43945.5234375,42786.91796875,43016.1171875,18830554085,-0.01653939964043194,0.013879063861056418,1,57.22671140168874,1138.3607565966158,1276.4402799834115,44881.350573998534,41129.08770725146,43309.861607142855,41538.67864583333,43249.58245099316,0.019027340479019755
2023-12-25,43010.57421875,43765.09375,42765.76953125,43613.140625,21115795370,0.013879063861056418,-0.025055253200995553,0,59.91567057267883,1106.1502679753248,1242.3822775817944,44814.952473306475,41148.735026693525,43451.23325892857,41732.556901041666,43340.47199449487,0.016280228211192915
2023-12-26,43599.84765625,43603.17578125,41676.48828125,42520.40234375,30026850982,-0.025055253200995553,0.021694364920222586,1,53.309826807474956,981.1384237651873,1190.133506818473,44729.10962689498,41111.973576230026,43486.9296875,41900.599609375,43135.45458180865,0.019249255612868228
2023-12-27,42518.46875,43683.16015625,42167.58203125,43442.85546875,25260941032,0.021694364920222586,-0.01876027694786908,0,57.5632876296944,945.5996107941173,1141.226727613602,44743.96968812354,41112.132655626454,43457.01618303572,42106.88919270833,43212.30480354398,0.016482829374184986
2023-12-28,43468.19921875,43804.78125,42318.55078125,42627.85546875,22992093014,-0.01876027694786908,-0.012396896798793966,0,52.97173919551651,841.9655025028842,1081.3744825914584,44578.85943302048,41123.36830135452,43279.68805803572,42266.781510416666,43066.19246984548,0.017558820457322037
2023-12-29,42614.64453125,43124.32421875,41424.0625,42099.40234375,26000021055,-0.012396896798793966,0.0013658151137276864,1,50.17693580566477,709.0198350097271,1006.9035530751123,44478.170381057724,41061.39915019228,43008.47377232143,42408.145182291664,42824.49493832161,0.017511616725631576
2023-12-30,42091.75390625,42584.125,41556.2265625,42156.90234375,16013925945,0.0013658151137276864,0.002568622223877659,1,50.483066466387186,601.3670204779337,925.7962465556767,44350.988522375475,41026.30132137452,42782.38225446428,42556.28372395833,42657.596789678704,0.01774292194343219
2023-12-31,42152.09765625,42860.9375,41998.25390625,42265.1875,16397498810,0.002568622223877659,0.0450049945064126,1,51.09251563095441,518.8085939732191,844.3987160391852,44279.62209395723,41199.803296667764,42675.10658482143,42675.498307291666,42559.49446725903,0.017152602888773853
2024-01-01,42280.234375,44175.4375,42214.9765625,44167.33203125,18426978443,0.0450049945064126,0.017900939051301412,1,60.329163219657254,599.9517427205428,795.5093213754567,44415.878718456464,41335.25760966853,42754.27678571428,42831.864973958334,42961.45385825677,0.024522928663199266
2024-01-02,44187.140625,45899.70703125,44176.94921875,44957.96875,39335274536,0.017900939051301412,-0.04692812036242189,0,63.421475745847715,719.7591132607995,780.3592797525253,44766.960458707785,41190.89852566721,43102.50055803572,42997.850911458336,43460.582581192575,0.021833921778333723
2024-01-03,44961.6015625,45503.2421875,40813.53515625,42848.17578125,46342323118,-0.04692812036242189,0.03108057856532498,1,51.814679105002725,637.1203306982061,751.7114899416615,44758.92672941776,41181.35256745724,43017.54631696428,43026.786848958334,43307.48088120693,0.02899474636338383
2024-01-04,42855.81640625,44770.0234375,42675.17578125,44179.921875,30448091210,0.03108057856532498,-0.0003900067727314882,0,57.14598742186245,671.3503708620046,735.6392661257303,44878.57729678905,41286.718406335945,43239.27008928572,43030.095963541666,43525.5911296552,0.03017582847642255
2024-01-05,44192.98046875,44353.28515625,42784.71875,44162.69140625,32336029347,-0.0003900067727314882,-0.003928567037593367,0,57.05802521345402,689.1435515930498,726.3401232191942,44989.77818811854,41367.77493688147,43534.025669642855,43043.97083333333,43684.8661988039,0.029317096412321383
2024-01-06,44178.953125,44227.6328125,43475.15625,43989.1953125,16092503468,-0.003928567037593367,-0.0010479313368322307,0,56.121293237665746,681.3904458086181,717.3501877370791,44948.2949557523,41671.7112942477,43795.78180803572,43067.18854166667,43760.948477227925,0.02956084852778422
2024-01-07,43998.46484375,44495.5703125,43662.23046875,43943.09765625,19330573863,-0.0010479313368322307,0.06889378335779228,1,55.85889267726299,663.8736359825343,706.6548773861701,45004.63170143936,41747.330407935646,44035.48325892857,43059.73841145833,43806.48577198344,0.02967184888392493
2024-01-08,43948.70703125,47218.0,43244.08203125,46970.50390625,42746192015,0.06889378335779228,-0.017687130611972357,0,66.82826574453964,884.0866210363747,742.1412261162111,45795.314668728,41426.645096896995,44435.93638392857,43167.8890625,44597.490305550076,0.035677556396798295
2024-01-09,46987.640625,47893.69921875,45244.71484375,46139.73046875,39821290992,-0.017687130611972357,0.010577584004972662,1,62.25614794482563,980.2705758958109,789.767096072131,46182.396637139194,41288.3111753608,44604.759486607145,43246.55677083333,44983.05034635006,0.03677774387257571
2024-01-10,46121.5390625,47647.22265625,44483.15234375,46627.77734375,50114613298,0.010577584004972662,-0.005558733892443213,0,63.822050684067385,1083.389714878038,848.4916198333125,46626.74847938974,41119.82183311026,45144.70256696428,43426.02161458333,45394.23209570004,0.029040350582363116
2024-01-11,46656.07421875,48969.37109375,45678.64453125,46368.5859375,45833734549,-0.005558733892443213,-0.07581464687080208,0,62.342777266454654,1131.1585040108039,905.0249966688109,46952.82561319464,41030.81305868036,45457.368861607145,43589.967057291666,45637.82055615003,0.028428673966074642
2024-01-12,46354.79296875,46498.13671875,41903.76953125,42853.16796875,43332698900,-0.07581464687080208,-0.0002516769882185965,0,46.57496909839837,875.2612956645462,899.072256467958,46948.54678379273,40946.454388082275,45270.29408482143,43588.714583333334,44941.657409300016,0.04258355540862381
2024-01-13,42799.4453125,43234.66015625,42464.14453125,42842.3828125,20601860469,-0.0002516769882185965,-0.0244177193838242,0,46.536081676519146,663.937187821597,852.0452427386858,46951.57646934971,40926.051265025286,45106.46372767857,43582.66158854167,44416.83876010001,0.04260019694792312
2024-01-14,42842.26171875,43065.59765625,41724.61328125,41796.26953125,17521429522,-0.0244177193838242,0.01712351907901466,1,42.80299801336703,407.3529989808594,763.1067939871206,47000.844386330165,40695.09623866984,44799.77399553572,43578.21197916667,43761.6964528875,0.043332610165047754
2024-01-15,41715.06640625,43319.72265625,41705.41796875,42511.96875,22320220558,0.01712351907901466,0.015124600939588229,1,45.99489755935969,258.7761163537216,662.2406584604407,47001.13498914487,40693.962276480124,44162.84040178572,43587.273697916666,43449.26452716562,0.031025854069083075
2024-01-16,42499.3359375,43566.2734375,42085.99609375,43154.9453125,24062872740,0.015124600939588229,-0.009553782672285682,0,48.76134820132128,190.71228889538907,567.9349845474304,46996.61049704072,40669.69575295928,43736.44252232143,43646.94973958333,43375.68472349921,0.03275664883885876
2024-01-17,43132.1015625,43189.890625,42189.30859375,42742.65234375,20851232595,-0.009553782672285682,-0.034639725632667706,0,47.095397787782076,102.32310134090221,474.8126079061248,46993.98736737624,40683.798570123756,43181.42466517857,43650.920182291666,43217.4266285619,0.03161188749043092
2024-01-18,42742.3125,42876.34765625,40631.171875,41262.05859375,25218357242,-0.034639725632667706,0.00863620644230223,1,41.59893553051846,-86.2038045931331,362.60932540627323,47063.59259841903,40530.458964080965,42451.92075892857,43617.30455729167,42728.58461985892,0.03253596651507228
2024-01-19,41278.4609375,42134.16015625,40297.45703125,41618.40625,25752407154,0.00863620644230223,0.0011336255217606617,1,43.31370419131682,-204.50109672558028,249.18724097990253,47098.58931587532,40441.61263724968,42275.52622767857,43549.509765625,42451.040027394185,0.019883818991538786
2024-01-20,41624.58984375,41877.89453125,41446.82421875,41665.5859375,11586690904,0.0011336255217606617,-0.0028752933279206916,0,43.55003172001751,-291.0900417384546,141.1317844362311,47132.47748348926,40347.764313385735,42107.412388392855,43476.05755208333,42254.67650492064,0.019934137808902134
2024-01-21,41671.48828125,41855.3671875,41497.0078125,41545.78515625,9344043642,-0.0028752933279206916,-0.049064374667218136,0,43.05913424086588,-365.16987531847553,39.87145248528978,47125.55860789777,40092.52850147723,42071.62890625,43394.3203125,42077.453667752976,0.0177653494872903
2024-01-22,41553.65234375,41651.20703125,39450.1171875,39507.3671875,31338708143,-0.049064374667218136,0.008560013431039293,1,35.68788059496211,-581.656991723692,-84.43423635650659,47218.47400099373,39454.552952131264,41642.400111607145,43253.247786458334,41434.932047689734,0.023403682653524528
2024-01-23,39518.71484375,40127.3515625,38521.89453125,39845.55078125,29244553045,0.008560013431039293,0.005810521700930993,1,37.596541171734124,-717.6632265372027,-211.0800343926458,47354.01096619566,39018.75348692934,41169.62946428572,43147.562239583334,41037.5867310798,0.02232764749334983
2024-01-24,39877.59375,40483.78515625,39508.796875,40077.07421875,22359526178,0.005810521700930993,-0.0035747525934159974,0,38.93274102178306,-797.573213481839,-328.3786702104845,47332.89823721316,38629.581450286845,40788.83258928572,43029.693359375,40797.45860299735,0.02324309392975746
2024-01-25,40075.55078125,40254.48046875,39545.6640625,39933.80859375,18491782013,-0.0035747525934159974,0.04715459322091098,1,38.38502393110154,-862.5201965469314,-435.2069754777739,47279.374193490636,38260.21721275936,40599.08258928572,42943.47356770833,40581.54610068551,0.020292221180859975
2024-01-26,39936.81640625,42209.38671875,39825.69140625,41816.87109375,25598119893,0.04715459322091098,0.007250269707417489,1,48.61717039276266,-753.359483033295,-498.8374769888781,47152.65299388118,38169.705990493814,40627.43470982143,42889.274088541664,40890.37734895163,0.028145290155887105
2024-01-27,41815.625,42195.6328125,41431.28125,42120.0546875,11422941934,0.007250269707417489,-0.002005242826170095,0,50.05529192236527,-635.063828408267,-526.0827472727559,47027.60513160031,38112.44955589969,40692.35881696428,42872.347395833334,41197.79668358873,0.028244159167332927
2024-01-28,42126.125,42797.17578125,41696.91015625,42035.59375,16858971687,-0.002005242826170095,0.029799801358818767,1,49.638488758722474,-541.8824777372865,-529.242693365662,46299.555394187395,38347.00827768761,40762.33147321428,42870.220442708334,41407.245950191544,0.028221576311116575
2024-01-29,42030.9140625,43305.8671875,41818.33203125,43288.24609375,20668476578,0.029799801358818767,-0.007753530092744043,0,55.550163328671715,-362.77516443109926,-495.9491875787495,45786.62177992356,38574.79345445144,41302.45703125,42907.931901041666,41877.49598608116,0.018495684567325435
2024-01-30,43300.2265625,43838.9453125,42711.37109375,42952.609375,23842814518,-0.007753530092744043,-0.00861423582021903,0,53.73023575224377,-245.08917100680992,-445.7771842643616,45002.182818188885,38991.715619311115,41746.322544642855,42930.845963541666,42146.27433331087,0.020144554567343854
2024-01-31,42946.25,43717.40625,42298.9453125,42582.60546875,24673628793,-0.00861423582021903,0.011581441842771323,1,51.71865481332148,-179.6079872441187,-392.543344860313,44073.58259381584,39541.71779680916,42104.255580357145,42878.021744791666,42255.35711717065,0.021453706899267396
2024-02-01,42569.76171875,43243.16796875,41879.19140625,43075.7734375,21423953779,0.011581441842771323,0.0025556346111748063,1,54.18093905393306,-86.91721627911465,-331.4181191440734,44107.2209707514,39530.33996674861,42553.107700892855,42815.281901041664,42460.46119725299,0.02073849397541111
2024-02-02,43077.640625,43422.48828125,42584.3359375,43185.859375,18603843039,0.0025556346111748063,-0.0044831659668692625,0,54.7358646027607,-4.523948101072165,-266.0392849354732,44159.7461905839,39512.162403166105,42748.677455357145,42826.53802083333,42641.81074168974,0.013327759026620426
2024-02-03,43184.96484375,43359.94140625,42890.80859375,42992.25,11169245236,-0.0044831659668692625,-0.009505619472114146,0,53.50845319904618,44.63611469484022,-203.9042050094105,44273.3138446608,39518.1927959642,42873.27678571428,42786.948958333334,42729.4205562673,0.013684822121144781
2024-02-04,42994.94140625,43097.64453125,42374.83203125,42583.58203125,14802225490,-0.009505619472114146,0.0017632602500394778,1,50.91321290642542,50.042865934432484,-153.1147908206419,44280.808346672406,39517.859622077594,42951.560825892855,42734.31197916667,42692.96092501297,0.014417123060592984
2024-02-05,42577.62109375,43494.25,42264.81640625,42658.66796875,18715487317,0.0017632602500394778,0.009986338686479135,1,51.37981265265819,59.698396923464315,-110.55215327182066,44213.10150015514,39535.93873421986,42861.62109375,42689.96106770833,42684.38768594723,0.007731897403250544
2024-02-06,42657.390625,43344.1484375,42529.01953125,43084.671875,16798476726,0.009986338686479135,0.028630850081180936,1,54.048625125251455,100.56616561089322,-68.32848949527789,44260.155630967754,39523.086556532246,42880.48716517857,42661.346875,42784.45873321042,0.00843225362580031
2024-02-07,43090.01953125,44341.94921875,42775.95703125,44318.22265625,21126587775,0.028630850081180936,0.022188248784866804,1,60.76458134455087,229.84193085761945,-8.69440542469843,44616.386471201266,39472.47212254874,43128.43247767857,42572.9375,43167.89971397031,0.01251015691145191
2024-02-08,44332.125,45575.83984375,44332.125,45301.56640625,26154524080,0.022188248784866804,0.040741037427910465,1,65.13865863019316,406.9504571237776,74.43456708499679,45155.15463208015,39302.01997729485,43446.40290178572,42544.998697916664,43701.31638704023,0.013894349499812294
2024-02-09,45297.3828125,48152.49609375,45260.82421875,47147.19921875,39316770844,0.040741037427910465,0.013236801662479536,1,71.54959225539324,688.3030544021167,197.20826454842077,46113.688600711386,38891.647336788614,44012.30859375,42562.312760416666,44562.787094967665,0.0184635689855742
2024-02-10,47153.52734375,48146.171875,46905.3203125,47771.27734375,16398681570,0.013236801662479536,0.010940478338881565,1,73.33523004729787,950.6761015073425,347.90183194020517,47058.989866504766,38568.89528974524,44695.02678571428,42609.069140625,45364.90965716325,0.016849625546417685
2024-02-11,47768.96875,48535.9375,47617.40625,48293.91796875,19315867136,0.010940478338881565,0.034461993507690414,1,74.76372594262902,1187.0972440939731,515.7409143709588,47843.22977146106,38663.31046291394,45510.7890625,42790.427473958334,46097.16173505993,0.013214705739661742
2024-02-12,48296.38671875,50280.4765625,47745.76171875,49958.22265625,34511985805,0.034461993507690414,-0.004319233922406296,0,78.68053052394887,1491.5643565866994,710.9056028141069,48927.44661963588,38590.36080223912,46553.58258928572,43027.62213541667,47062.426965357445,0.012168948783974605
2024-02-13,49941.359375,50358.390625,48406.49609375,49742.44140625,35593051468,-0.004319233922406296,0.041900916949929146,1,77.01163720188168,1695.89576259569,907.9036347704237,49740.263880995626,38744.08025962938,47504.69252232143,43292.49453125,47732.43057558058,0.015453809256622984
2024-02-14,49733.4453125,52021.37109375,49296.83203125,51826.6953125,39105608050,0.041900916949929146,0.0021583350882306007,1,81.16694873003429,2002.9232924449461,1126.9075663053281,50887.20527033727,38786.42754216273,48577.33147321428,43602.98541666667,48755.996759810434,0.01727536373028867
2024-02-15,51836.78515625,52820.06640625,51371.62890625,51938.5546875,38564360533,0.0021583350882306007,0.004267512618200353,1,81.36166804653882,2229.56984526194,1347.4400220966504,51964.504923552915,38721.29624832209,49525.47265625,43895.77239583333,49551.63624173283,0.01895804770659843
2024-02-16,51937.7265625,52537.96875,51641.3671875,52160.203125,28180567298,0.004267512618200353,-0.009532306269177337,0,81.76400940355533,2399.4150842751187,1557.835034532344,52919.89025812685,38769.925757498146,50241.61607142857,44209.690755208336,50203.777962549626,0.017197642644837505
2024-02-17,52161.67578125,52191.9140625,50669.66796875,51662.99609375,20009091006,-0.009532306269177337,0.008895163192163213,1,77.71144531975021,2465.477715376328,1739.3635707011408,53606.13800384171,39046.41824615828,50797.575892857145,44556.388671875,50568.58249534972,0.01951028909981875
2024-02-18,51661.96875,52356.96484375,51233.70703125,52122.546875,17595377311,0.008895163192163213,-0.006588364620277343,0,78.75933773226714,2525.7988964769756,1896.6506358563079,54323.74128800749,39212.24504011751,51344.52287946428,44906.526692708336,50957.07359026229,0.019533813074494796
2024-02-19,52134.8125,52483.32421875,51711.8203125,51779.14453125,21362184346,-0.006588364620277343,0.009767068832988945,1,75.88813984518548,2516.881128932153,2020.6967344714772,54852.69282899249,39565.94701475751,51604.654575892855,45243.6453125,51162.591325509224,0.017403707211558064
2024-02-20,51777.7265625,52945.05078125,50792.3125,52284.875,33353758256,0.009767068832988945,-0.008524364120598982,0,77.20603681785825,2521.555039286701,2120.868395434522,55333.200550324786,40055.66624655021,51967.859375,45601.614973958334,51443.16224413192,0.01691987324814804
2024-02-21,52273.53515625,52368.81640625,50671.7578125,51839.1796875,28624907020,-0.008524364120598982,-0.010305082651198116,0,73.39852127190018,2460.927222877457,2188.880160923109,55666.00739738048,40599.20002449452,51969.642857142855,46012.675390625,51542.16660497394,0.00820871274633018
2024-02-22,51854.64453125,52009.61328125,50926.29296875,51304.97265625,25413900611,-0.010305082651198116,-0.011168964874795462,0,69.0058134046932,2342.767236327447,2219.657576003977,55833.19439933024,41243.92435066975,51879.131138392855,46394.65611979167,51482.86811779296,0.008992782391311762
2024-02-23,51283.90625,51497.93359375,50561.77734375,50731.94921875,21427078270,-0.011168964874795462,0.016540904827679226,1,64.54364488876774,2177.782274798781,2211.2825157629377,55811.947821277914,42039.14085059708,51675.09486607143,46749.818619791666,51295.138393032226,0.009171507626860644
2024-02-24,50736.37109375,51684.1953125,50585.4453125,51571.1015625,15174077879,0.016540904827679226,0.003143945229742817,1,67.82485410425994,2090.6434488883024,2187.1547023880107,55697.14265299471,43052.697972005284,51661.967075892855,47137.72838541667,51364.12918539917,0.011509846778378853
2024-02-25,51565.21484375,51950.02734375,51306.171875,51733.23828125,15413239245,0.003143945229742817,0.053914352844811164,1,68.43271240594791,2011.4812756805113,2152.020017046511,55417.72215725976,44239.575498990234,51606.3515625,47468.27395833333,51456.40645936188,0.010943956336268495
2024-02-26,51730.5390625,54938.17578125,50931.03125,54522.40234375,34074411896,0.053914352844811164,0.04700762695380023,1,76.61670043496144,2149.0341845555376,2151.4228505483165,55424.43257184078,45376.63813128423,51998.24553571428,47881.685546875,52222.905430458915,0.023030301742985735
2024-02-27,54519.36328125,57537.83984375,54484.19921875,57085.37109375,49756832031,0.04700762695380023,0.09493531994124749,1,81.39095645262222,2436.766487126508,2208.4915778639547,56053.67519373866,46024.11035313635,52684.03069196428,48383.34479166667,53438.52184628169,0.027479461628885572
2024-02-28,57071.09765625,63913.1328125,56738.42578125,62504.7890625,83239156760,0.09493531994124749,-0.020900898468654838,0,87.29703326481615,3066.7466021792497,2380.142582727014,58371.95949794053,45426.148314559476,54207.689174107145,49023.896223958334,55705.08865033627,0.03929221494787063
2024-02-29,62499.18359375,63585.64453125,60498.73046875,61198.3828125,65496611844,-0.020900898468654838,0.020298739001094468,1,80.65195325594627,3421.1573435775063,2588.345534897113,59861.33954236723,45341.88662950777,55621.033482142855,49632.088671875,57078.41219087721,0.04116106596346074
2024-03-01,61168.0625,63155.1015625,60802.52734375,62440.6328125,40186368423,0.020298739001094468,-0.006578811548619723,0,82.05107232730512,3758.938894888641,2822.4642068954186,61412.61522841277,45257.54649033723,57293.70256696428,50294.02291666667,58418.96734628291,0.03799490329439203
2024-03-02,62431.65234375,62458.69921875,61657.2890625,62029.84765625,23888473685,-0.006578811548619723,0.01833832389535761,1,79.99115432794244,3947.9764637091794,3047.5666582581707,62589.078351759075,45454.67633574092,58787.80915178572,50925.825390625,59321.68742377468,0.04036254420935817
2024-03-03,62031.578125,63230.2109375,61435.0234375,63167.37109375,26253811450,0.01833832389535761,0.08173591649219114,1,81.38483374344884,4141.834246674458,3266.420175941428,63906.07968781371,45458.58984343628,60421.25669642857,51591.87578125,60283.10834126851,0.039233273103860954
2024-03-04,63137.00390625,68537.03125,62386.51953125,68330.4140625,70670471105,0.08173591649219114,-0.06628402455760396,0,86.112891303462,4658.3834103603585,3544.8128228252144,66288.61719162665,44934.84960524836,62393.829799107145,52436.48125,62294.93477157639,0.04330773721651787
2024-03-05,68341.0546875,69170.625,59323.91015625,63801.19921875,102802940877,-0.06628402455760396,0.03613733749494208,1,69.44877489848402,4648.695292830962,3765.589316826364,67305.9589212373,45114.95826626271,63353.23381696428,53143.73515625,62671.500883369794,0.0565760078725005
2024-03-06,63776.05078125,67637.9296875,62848.671875,66106.8046875,68750229073,0.03613733749494208,0.012384196927533564,1,72.37899565625789,4772.051246201605,3966.881702701413,68625.29817639373,45212.444011106265,63867.80747767857,53925.33971354167,63530.326834402345,0.046630198920499355
2024-03-07,66099.7421875,68029.921875,65655.53125,66925.484375,46989543159,0.012384196927533564,0.020539401213709896,1,73.35619173393847,4879.623079370038,4149.429978035138,69919.18137383027,45395.08893866972,64685.96484375,54720.033463541666,64379.11621955176,0.044735855669205425
2024-03-08,66938.09375,70083.0546875,66230.453125,68300.09375,59202881172,0.020539401213709896,0.0029105240064184468,1,74.95817576176394,5017.9502141388,4323.134025255871,71258.42307907551,45719.556999049484,65523.03069196428,55519.42916666667,65359.36060216382,0.044741847337454
2024-03-09,68299.2578125,68673.0546875,68053.125,68498.8828125,21609650379,0.0029105240064184468,0.007604594828588107,1,75.1904911173175,5084.999373554347,4475.507094915567,72434.49138805854,46181.122283816476,66447.17857142857,56292.673046875,66144.24115474786,0.04416315693719398
2024-03-10,68500.2578125,70005.203125,68239.9765625,69019.7890625,35683977532,0.007604594828588107,0.04497430707429584,1,75.82342521384712,5121.135830377876,4604.632842008029,73468.92991964404,46870.748205355965,67283.23828125,57021.759375,66863.12813168588,0.04421864443628257
2024-03-11,69020.546875,72850.7109375,67194.8828125,72123.90625,65716656765,0.04497430707429584,-0.008909905479502545,0,79.22476146153932,5338.709230819346,4751.448119770293,74912.25821081163,47411.32303918837,67825.16573660714,57833.513671875,68178.3226612644,0.03623697138576526
2024-03-12,72125.125,72825.65625,68728.8515625,71481.2890625,62554434520,-0.008909905479502545,0.022414410239567806,1,76.8153997633103,5397.069820415156,4880.572459899266,75896.47508401127,48391.317103488735,68922.32142857143,58606.426041666666,69004.0642615733,0.018881782902649684
2024-03-13,71482.1171875,73637.4765625,71334.09375,73083.5,48212536929,0.022414410239567806,-0.0230819028918976,0,78.56566219551755,5509.10055861227,5006.2780796418665,76828.00251929206,49637.642402582955,69918.9921875,59377.26861979167,70023.92319617997,0.01713735494601163
2024-03-14,73079.375,73750.0703125,68563.0234375,71396.59375,59594605698,-0.0230819028918976,-0.027911980219644583,0,72.37091534725258,5399.52413630388,5084.927290974269,77018.84698768384,51513.26238731617,70557.72209821429,60099.07369791667,70367.09083463498,0.022340528443575175
2024-03-15,71387.875,72357.1328125,65630.6953125,69403.7734375,78320453976,-0.027911980219644583,-0.05891115205258901,0,65.77308867864849,5093.1692034548105,5086.575673470377,76668.57588435187,53646.80067814812,70715.390625,60684.976302083334,70126.26148535124,0.025613630594460566
2024-03-16,69392.484375,70046.2734375,64801.39453125,65315.1171875,46842198371,-0.05891115205258901,0.04708722796395115,1,54.745460996678005,4468.945105599218,4963.049559896145,75563.94236077476,56109.62209235023,70260.56696428571,61130.86171875,68923.47541088842,0.03456962416439158
2024-03-17,65316.34375,68845.71875,64545.31640625,68390.625,44716864318,0.04708722796395115,-0.0123120859035869,0,60.156846584919826,4174.29214667419,4805.298077251755,74800.36581440544,58260.020904344565,70170.68638392857,61671.87578125,68790.26280816631,0.04000286385339949
2024-03-18,68371.3046875,68897.1328125,66594.2265625,67548.59375,49261579492,-0.0123120859035869,-0.08343356981432348,0,58.10814180098352,3828.6978239075834,4609.97802658292,74100.86869917405,60005.84028520095,69517.0703125,62201.395703125,68479.84554362473,0.03461800227433081
2024-03-19,67556.1328125,68106.9296875,61536.1796875,61912.7734375,74215844794,-0.08343356981432348,0.09692504638897836,1,46.655391991524645,3064.7200495302386,4300.926431172385,74151.94961838894,59895.55780348605,68150.13950892857,62527.736588541666,66838.07751709355,0.044659185174513484
2024-03-20,61930.15625,68115.2578125,60807.78515625,67913.671875,66792634382,0.09692504638897836,-0.03566706353999505,0,56.48905134611652,2909.940528442239,4022.7292506263557,73972.50746315798,60746.52886496701,67411.59263392857,63065.55416666667,67106.97610657016,0.061865499353307346
2024-03-21,67911.5859375,68199.9921875,64580.91796875,65491.390625,44480350565,-0.03566706353999505,-0.02615044343853401,0,52.298181315902475,2562.282393362555,3730.6398791735955,73796.75570683664,61227.35640253837,66567.9921875,63505.77135416667,66703.07973617762,0.0625288488993093
2024-03-22,65489.9296875,66623.75,62355.37109375,63778.76171875,41401116964,-0.02615044343853401,0.004444134671348854,1,49.50187376677483,2124.080894515362,3409.328082241949,73619.75409876235,61579.24941686264,65764.41908482143,63903.757421875,65972.00023182071,0.06245107669067229
2024-03-23,63802.72265625,65976.3984375,63038.4921875,64062.203125,24738964812,0.004444134671348854,0.04951388799118828,1,49.97856721559052,1779.1652922759386,3083.295524248747,73544.17309488419,61744.31362386582,65585.43136160714,64328.9984375,65494.550955115534,0.058720109511996264
2024-03-24,64070.75390625,67622.7578125,63825.8515625,67234.171875,27206630673,0.04951388799118828,0.04052464020923141,1,55.08804134677853,1741.69142679176,2814.9747047573496,73483.20924822007,61695.65325177991,65420.22377232143,64879.072526041666,65929.45618508664,0.05905957217369984
2024-03-25,67234.09375,71162.59375,66414.8359375,69958.8125,42700139523,0.04052464020923141,0.00041486463910467286,1,58.96539443727469,1909.8334746113687,2633.9464587281536,73607.83817668851,62186.785651436505,65764.54073660714,65491.99622395833,66936.79526381499,0.06071914084108909
2024-03-26,69931.328125,71535.7421875,69335.609375,69987.8359375,36010437368,0.00041486463910467286,-0.007608353371227561,0,59.00599368850595,2022.1194731924188,2511.581061621007,73809.08689356562,62373.64005955939,66918.12109375,66100.4828125,67699.55543223624,0.04663648397794873
2024-03-27,69991.8984375,71727.6875,68381.9296875,69455.34375,40827113309,-0.007608353371227561,0.018567460837021654,1,57.87462277459679,2044.5707280842034,2418.1789949136464,73938.74735583914,62496.965534785864,67138.35993303571,66598.24752604167,68138.50251167717,0.03171482203824287
2024-03-28,69452.7734375,71546.0234375,68895.5078125,70744.953125,34374900617,0.018567460837021654,-0.01204502883045766,0,59.88089447487641,2141.7356132206914,2362.8903185750555,74166.30833302104,62513.89049510395,67888.86886160714,67053.56692708333,68790.11516500787,0.026747881300858665
2024-03-29,70744.796875,70913.09375,69076.65625,69892.828125,25230851763,-0.01204502883045766,-0.0035414711944022903,0,57.918033411627086,2125.4789207980357,2315.408039019652,74275.15518436901,62544.43817500599,68762.30691964286,67299.83489583334,69065.7934050059,0.023819751301032078
2024-03-30,69893.4453125,70355.4921875,69601.0625,69645.3046875,17130241883,-0.0035414711944022903,0.02424203264779501,1,57.33016225014243,2068.7747545603634,2266.0813821277943,74325.74709565814,62556.39782621687,69559.89285714286,67581.39895833333,69210.67122562941,0.024501720107791353
2024-03-31,69647.78125,71377.78125,69624.8671875,71333.6484375,20050941373,0.02424203264779501,-0.022871394296192005,0,60.290821851627655,2135.4553251199104,2239.9561707262174,74196.72106028734,62606.398080337654,70145.53236607143,67877.8328125,69741.41552859706,0.01943591132624818
2024-04-01,71333.484375,71342.09375,68110.6953125,69702.1484375,34873527352,-0.022871394296192005,-0.061047985989492126,0,56.2305884319967,2033.2141160127794,2198.6077597835297,73968.89132346281,62656.31375466219,70108.86607142857,68133.576171875,69731.5987558228,0.016683612493448227
2024-04-02,69705.0234375,69708.3828125,64586.59375,65446.97265625,50705240709,-0.061047985989492126,0.008156830210526378,1,47.28622300292675,1590.4958515013568,2076.9853781270954,73269.36322486121,62592.189118888775,69460.17131696429,68209.562890625,68660.44223092959,0.028305380177785437
2024-04-03,65446.671875,66914.3203125,64559.8984375,65980.8125,34488018367,0.008156830210526378,0.038314642609167615,1,48.39525657181995,1268.0970181063312,1915.2077061229427,72814.14060186938,62505.83361688061,68963.80970982143,68131.24283854167,67990.5347981972,0.029068764899232383
2024-04-04,65975.6953125,69291.2578125,65113.796875,68508.84375,34439527442,0.038314642609167615,-0.009797320875087778,0,53.39563932170159,1202.720401992221,1772.7102452967986,72723.39514501717,62507.08610498283,68644.36551339286,68288.16432291667,68120.1120361479,0.03268887471218034
2024-04-05,68515.7578125,68725.7578125,66011.4765625,67837.640625,33748230056,-0.009797320875087778,0.015602971156545964,1,51.956155306716184,1084.2499218231387,1635.0181806020666,72739.50546460893,62743.22812914106,68350.76729910714,68345.85885416667,68049.49418336092,0.03260891683646227
2024-04-06,67840.5703125,69629.6015625,67491.71875,68896.109375,19967785809,0.015602971156545964,0.006770270726916605,1,54.05947720252508,1063.5112986499444,1520.7168042116423,72782.73649307012,62750.54553817989,68243.73939732143,68411.54635416667,68261.1479812707,0.03342602780277161
2024-04-07,68897.109375,70284.4296875,68851.6328125,69362.5546875,21204930369,0.006770270726916605,0.03270935878474601,1,54.99453955898392,1072.3526154099673,1431.0439664513074,72919.76816952202,62794.90995547798,67962.15457589286,68446.96171875,68536.49965782803,0.031836577720778435
2024-04-08,69362.5546875,72715.359375,69064.2421875,71631.359375,37261432669,0.03270935878474601,-0.03479403115822832,0,59.33058321529522,1248.0462988782529,1394.4444329366966,72867.06688574905,63819.46983300094,68237.75613839286,68551.37760416667,69310.21458712102,0.03312064537019766
2024-04-09,71632.5,71742.5078125,68212.921875,69139.015625,36426900409,-0.03479403115822832,0.0209558550176423,1,53.260066555112765,1172.655850896117,1350.0867165285806,72936.58481276344,63872.48628098657,68765.19084821429,68555.35182291667,69267.41484659076,0.024956005612301446
2024-04-10,69140.2421875,71093.4296875,67503.5625,70587.8828125,38318601774,0.0209558550176423,-0.007469744331340511,0,56.073757616829326,1215.8048100166925,1323.230335226203,73079.29755530448,64239.42275719551,69423.34375,68504.15104166667,69597.53183806807,0.02542216942813683
2024-04-11,70575.734375,71256.234375,69571.8125,70060.609375,30153382941,-0.007469744331340511,-0.04088948430588779,0,54.781310626918604,1193.6939503816393,1297.3230582572903,72816.61297869823,65130.29209942678,69645.02455357143,68456.79505208334,69713.30122230104,0.02265177671492453
2024-04-12,70061.3828125,71222.7421875,65254.8359375,67195.8671875,44129299406,-0.04088948430588779,-0.05021729270691988,0,48.27136986489338,934.2408351361373,1224.7066136330598,72367.35236070519,65892.91912366981,69553.34263392857,68260.540625,69083.94271360077,0.02807572915823726
2024-04-13,67188.375,67931.4296875,60919.10546875,63821.47265625,52869738185,-0.05021729270691988,0.03004089104268326,1,41.94797101755038,451.1365134607622,1069.9925935986003,72868.53534626646,65050.46621623352,68828.39453125,68008.03658854167,67768.32519926307,0.032288033530346885
2024-04-14,63836.23046875,65824.4296875,62205.8515625,65738.7265625,49084320047,0.03004089104268326,-0.03517737178558533,0,46.25582348210144,220.43815123976674,900.0817051268336,72868.86206386931,64628.1309048807,68310.70479910714,67885.868359375,67260.9255400723,0.035400771901180614
2024-04-15,65739.6484375,66878.6484375,62332.0703125,63426.2109375,43595917654,-0.03517737178558533,0.006080330797783695,1,42.189195970202036,-147.29472544323653,690.6064190128196,73100.69466137033,63740.13580737967,67138.54073660714,67822.90481770833,66302.24688942923,0.03179402105525337
2024-04-16,63419.296875,64355.66796875,61716.40234375,63811.86328125,42847528078,0.006080330797783695,-0.03972884891052719,0,43.087801980406745,-402.961667212614,471.892801767733,73199.86759098413,63076.614830890874,66377.51897321429,67670.27942708334,65679.65098738442,0.031690270634747136
2024-04-17,63831.84765625,64486.36328125,59768.5859375,61276.69140625,41915247049,-0.03972884891052719,0.03649124077498622,1,38.816389050427716,-800.9143020209594,217.33138100999452,73390.277064192,61939.37918580799,65047.34877232143,67461.216015625,64578.91109210081,0.02974705210586784
2024-04-18,61275.31640625,64125.6875,60833.48046875,63512.75390625,36006307335,0.03649124077498622,0.005208661031110617,1,44.08179271060104,-925.1979697252536,-11.174489137055104,73247.42244752166,61444.226380603344,64111.94084821428,67514.54869791666,64312.37179563811,0.036593156029332295
2024-04-19,63510.75,65481.59765625,59651.390625,63843.5703125,49920425401,0.005208661031110617,0.018026421268684478,1,44.838143432082674,-985.6377342972773,-206.06713816909956,73046.3881594729,61065.08723115211,63633.041294642855,67378.87864583333,64195.17142485358,0.03491925594563992
2024-04-20,63851.1015625,65442.45703125,63172.40234375,64994.44140625,23097485495,0.018026421268684478,-0.0010431180502996629,0,47.498652607715094,-929.9511066480482,-350.8439318648893,72455.04552679833,61022.509160701666,63800.60825892857,67362.313671875,64394.98892020268,0.029934090678206533
2024-04-21,64992.81640625,65723.2421875,64277.72265625,64926.64453125,20506644853,-0.0010431180502996629,0.029433758205850147,1,47.353759400043096,-881.1325467331335,-456.90165483853815,72098.94124286583,60901.06305400917,63684.59654017857,67400.57643229167,64527.90282296451,0.02745567279691205
2024-04-22,64935.6328125,67233.9609375,64548.1796875,66837.6796875,28282686673,0.029433758205850147,-0.006439574982440521,0,51.81562656492702,-680.3957417800484,-501.6004722268402,72148.94690641967,60990.12809358034,64171.94921875,67493.09231770833,65105.347039098386,0.024975483066152736
2024-04-23,66839.890625,67199.2421875,65864.8671875,66407.2734375,24310975583,-0.006439574982440521,-0.03208044676017341,0,50.771945854931815,-549.7039203292807,-511.22116184732835,72164.36367643392,61017.35741731609,64542.72209821428,67465.52903645833,65430.82863869879,0.02555906100102828
2024-04-24,66408.71875,67075.3671875,63589.87109375,64276.8984375,30276655120,-0.03208044676017341,0.0031863484195515657,1,45.84926734388718,-610.9900554282212,-531.174940563507,71966.74891784484,60791.777644655136,64971.32310267857,67276.13190104166,65142.34608839909,0.023346455791139243
2024-04-25,64275.01953125,65275.20703125,62783.6328125,64481.70703125,32155786816,0.0031863484195515657,-0.011265004482557628,0,46.387439245414626,-635.7054010279098,-552.0810326563876,71815.22818511755,60607.705018007444,65109.74497767857,67092.59427083333,64977.18632411182,0.01941809097391784
2024-04-26,64485.37109375,64789.65625,63322.3984375,63755.3203125,24139372950,-0.011265004482557628,-0.005272966802647994,0,44.690989287988224,-705.7701490643813,-582.8188559379863,71513.46810151,60395.386195365,65097.13783482143,66902.59348958333,64671.71982120886,0.020000240421888645
2024-04-27,63750.98828125,63898.36328125,62424.71875,63419.140625,19530783039,-0.005272966802647994,-0.004823625063903991,0,43.89096342657235,-779.4389706135989,-622.1428788731089,71089.76631621338,60224.746574411605,64872.09486607143,66658.39973958333,64358.57502215665,0.018367314091706166
2024-04-28,63423.515625,64321.484375,62793.59765625,63113.23046875,17334827993,-0.004823625063903991,0.011533090916022948,1,43.13428085766974,-852.6773022904672,-668.2497635565805,70021.23630008954,60441.463699910455,64613.03571428572,66432.41315104166,64047.23888380499,0.018343591029965352
2024-04-29,63106.36328125,64174.87890625,61795.45703125,63841.12109375,26635912073,0.011533090916022948,-0.050191249309274655,0,45.54014982985679,-842.2752923245935,-703.0548693101831,69438.02223124282,60494.88831563218,64184.95591517857,66238.94036458334,63995.70943629124,0.013542435952236432
2024-04-30,63839.41796875,64703.33203125,59120.06640625,60636.85546875,37840840057,-0.050191249309274655,-0.03929695449375714,0,37.93207020169164,-1080.1379236353678,-778.47148017522,68522.75133610472,60415.056476395286,63360.61049107143,65882.38059895833,63155.99594440593,0.021370039548449776
2024-05-01,60609.49609375,60780.5,56555.29296875,58254.01171875,48439780271,-0.03929695449375714,0.014924669552331737,1,33.455914019300266,-1444.2726726835826,-911.6317186768925,67941.97954996004,59815.16849691494,62500.19810267857,65500.776041666664,61930.499887991944,0.022599408319846706
2024-05-02,58253.703125,59602.296875,56937.203125,59123.43359375,32711813559,0.014924669552331737,0.06370405294167747,1,36.40470087090435,-1643.7488914799542,-1058.0551532375048,67738.87166119277,59211.03302630724,61734.73046875,65289.99140625,61228.73331443146,0.024425775463053235
2024-05-03,59122.30078125,63320.50390625,58848.3125,62889.8359375,33172023048,0.06370405294167747,0.015926845790239064,1,47.29971323431723,-1480.8477489673678,-1142.6136723834775,67696.48314131713,59160.25787430786,61611.08984375,65186.95885416667,61644.0089701986,0.0376735170677142
2024-05-04,62891.03125,64494.95703125,62599.3515625,63891.47265625,20620477992,0.015926845790239064,0.002185896653241981,1,49.7645124297017,-1256.4402466544561,-1165.3789872376733,67478.2301245484,59193.7855004516,61678.56584821428,65033.046484375,62205.87489171145,0.03815428074154362
2024-05-05,63892.453125,64610.890625,62955.3046875,64031.1328125,18296164805,0.002185896653241981,-0.013574390387488533,0,50.11485008331036,-1055.163014467369,-1143.3357926836125,67519.48864679334,59213.01916570666,61809.69475446428,64906.162890625,62662.189371908586,0.03804690277153425
2024-05-06,64038.3125,65494.90234375,62746.23828125,63161.94921875,28697928697,-0.013574390387488533,-0.01309542885757653,0,47.877020599254955,-954.7791105234355,-1105.6244562515772,67482.70619812554,59184.81020812445,61712.670200892855,64715.02421875,62787.12933361894,0.03825650881683568
2024-05-07,63162.76171875,64390.45703125,62285.98046875,62334.81640625,25930730982,-0.01309542885757653,-0.018398626419713127,0,45.781928811281304,-931.2321838092612,-1070.746001763114,67455.55193761145,59317.77696863855,61955.236049107145,64480.766276041664,62674.051101776706,0.03241425168356728
2024-05-08,62332.640625,62986.0859375,60877.12890625,61187.94140625,26088172222,-0.018398626419713127,0.03043115176709965,1,42.97387167341843,-993.660008363011,-1055.3288030830936,67449.59775692275,59091.249899327246,62374.368861607145,64132.65234375,62302.52367789503,0.028437696461607757
2024-05-09,61191.19921875,63404.9140625,60648.07421875,63049.9609375,25453338161,0.03043115176709965,-0.035799920573900024,0,48.49713871975523,-882.7097657528357,-1020.804995617042,67402.45978879111,59059.0269299589,62935.30133928572,63929.683854166666,62489.38299279627,0.02969916165195659
2024-05-10,63055.19140625,63446.7421875,60208.78125,60792.77734375,27804954694,-0.035799920573900024,1.5356984674586016e-05,1,43.05340364486562,-965.7837966479638,-1009.8007558232264,67238.86921425999,58802.45109824,62635.72154017857,63603.180338541664,62065.2315805347,0.022402114117040243
2024-05-11,60793.35546875,61451.15234375,60492.625,60793.7109375,13842272968,1.5356984674586016e-05,0.010768936188532141,1,43.05625074444751,-1019.7897302222409,-1011.7985507030294,67043.40841357222,58584.61853955277,62193.18415178572,63294.28372395833,61747.35141977603,0.020713701709695782
2024-05-12,60793.50390625,61818.15625,60632.6015625,61448.39453125,13800459405,0.010768936188532141,0.023646747788683697,1,45.128030751073204,-998.2550640884438,-1009.0898533801123,66382.8226135984,58706.275823901604,61824.22154017857,63102.70130208333,61672.61219764452,0.021576612705270743
2024-05-13,61451.21875,63422.66015625,60769.83984375,62901.44921875,27889181179,0.023646747788683697,-0.02144084393922019,0,49.518072902090715,-854.0938541364449,-978.0906535313788,65782.58226182789,58955.93375379711,61787.00725446428,63072.033854166664,61979.82145292089,0.023776680206747676
2024-05-14,62900.7734375,63092.125,61123.765625,61552.7890625,28186271527,-0.02144084393922019,0.07659609250545496,1,45.85137008799651,-838.9991994972952,-950.2723627245622,65546.97478469778,58919.13029342722,61675.2890625,62932.502604166664,61873.06335531567,0.024713204587122707
2024-05-15,61553.98828125,66454.453125,61330.41015625,66267.4921875,39815167074,0.07659609250545496,-0.01563225228621834,0,57.65574470989549,-441.5099848996979,-848.5198871595894,65954.72966358245,58689.953930167554,62400.939174107145,63027.21197916667,62971.67056336175,0.036960050806503636
2024-05-16,66256.109375,66712.4296875,64613.0546875,65231.58203125,31573077994,-0.01563225228621834,0.02790508695432159,1,54.82756567743327,-207.69206587137887,-720.3543229019474,66198.06208717634,58594.24767844866,62712.599330357145,63074.5359375,63536.648430333815,0.0372376362701248
2024-05-17,65231.296875,67459.4609375,65119.31640625,67051.875,28031279310,0.02790508695432159,-0.0016564833198177142,0,58.664556801116426,123.07402849122445,-551.668652623313,66872.94896729123,58282.63423583378,63606.756138392855,63267.04205729167,64415.45507275036,0.03302193271864025
2024-05-18,67066.2109375,67387.328125,66663.5,66940.8046875,16712277406,-0.0016564833198177142,-0.009895869986810912,0,58.338932235676936,371.9583905588879,-366.94324398687286,67465.09527291905,58073.24535208094,64484.912388392855,63381.31041666667,65046.79247643777,0.033150383512974876
2024-05-19,66937.9296875,67694.296875,65937.1796875,66278.3671875,19249094538,-0.009895869986810912,0.07800174241430358,1,56.33068133539936,509.8704019730503,-191.58051479488822,67812.96175063601,57969.103483738996,65174.908482142855,63462.4703125,65354.68615420333,0.034414555378916925
2024-05-20,66278.7421875,71483.5625,66086.171875,71448.1953125,43850655717,0.07800174241430358,-0.018358253231772315,0,66.12990705353765,1024.5185758505468,51.639303334198786,69488.43702324212,57374.76219550788,66395.87220982143,63677.595442708334,66878.0634437775,0.04276724295902034
2024-05-21,71443.0625,71946.4609375,69191.125,70136.53125,46932005990,-0.018358253231772315,-0.01446030042296964,0,62.30957317368424,1311.4233614998739,303.5961149673338,70262.9585575345,57788.4926143405,67622.12109375,63851.25833333333,67692.68039533313,0.04229316205952382
2024-05-22,70135.3203125,70623.6953125,68977.6953125,69122.3359375,32802561717,-0.01446030042296964,-0.017255976976508713,0,59.44976305631024,1440.35684827355,530.948261628577,70713.71471726839,58337.6266889816,68029.95591517857,63927.41354166667,68050.09428087484,0.03524464486245076
2024-05-23,69121.3046875,70041.2734375,66356.953125,67929.5625,41895680979,-0.017255976976508713,0.008781729788116976,1,56.18377649684638,1429.8087719763062,710.7203636981229,71087.96645944838,58467.34760305162,68415.38169642857,63978.156510416666,68019.96133565613,0.03541993419588663
2024-05-24,67928.1328125,69220.296875,66622.671875,68526.1015625,29197308153,0.008781729788116976,0.010796524727518797,1,57.44299453969285,1452.8376542565093,859.1438218098002,71510.02767283356,58508.749280291435,68625.98549107143,64119.796614583334,68146.4963923671,0.03419441856076193
2024-05-25,68526.921875,69579.3203125,68515.8203125,69265.9453125,15473071741,0.010796524727518797,-0.010796814497022966,0,59.016125272075215,1513.3425460229773,989.9835666524357,72010.3082601584,58531.9499429666,68958.1484375,64279.271223958334,68426.35862240032,0.03419968191600592
2024-05-26,69264.2890625,69506.2265625,68183.890625,68518.09375,15628433737,-0.010796814497022966,0.012791671360530277,1,56.73320293934263,1483.842920101859,1088.7554373423204,72346.90818612245,58730.96447012755,69278.109375,64438.03033854167,68449.29240430024,0.0342683470336585
2024-05-27,68512.1796875,70597.8828125,68232.5,69394.5546875,25870990717,0.012791671360530277,-0.015827408107827234,0,58.74727466432632,1513.7378985670657,1173.7519295872696,72730.78012511512,59053.06635925989,68984.73214285714,64637.21080729167,68685.60797510018,0.014152320209420746
2024-05-28,69392.1953125,69514.640625,67227.15625,68296.21875,32722265965,-0.015827408107827234,-0.01051485738366742,0,55.27483315889142,1432.2927738766302,1225.4600984451417,72804.41921595421,59690.25500279579,68721.83035714286,64809.97708333333,68588.26066882514,0.013753209933274274
2024-05-29,68296.3515625,68852.4609375,67101.4921875,67578.09375,26707072906,-0.01051485738366742,0.011644282841286824,1,53.06624320170875,1294.8737414396746,1239.3428270440484,72884.65832244311,60062.82917755687,68501.22433035714,64934.54283854167,68335.71893911886,0.01331301796585476
2024-05-30,67576.0859375,69500.5390625,67118.078125,68364.9921875,29509712534,0.011644282841286824,-0.012778150001159894,0,55.17957154056,1235.2253863515798,1238.5193389055546,72750.41599978857,60954.29298458643,68563.42857142857,65192.14739583333,68343.03725121413,0.012674039706128492
2024-05-31,68362.515625,68999.5625,66633.421875,67491.4140625,27387283769,-0.012778150001159894,0.0031933460054698326,1,52.36082584022619,1104.728558161747,1211.7611827567932,72390.96757736205,61983.51171951296,68415.61607142857,65500.060807291666,68130.1314540356,0.01307603744481594
2024-06-01,67489.609375,67839.765625,67386.1953125,67706.9375,11641495604,0.0031933460054698326,0.0006596674454519835,1,52.998743288552845,1007.0907070653047,1170.8270876184956,71989.51410722233,63010.81948652767,68192.90066964286,65786.17760416666,68024.33296552669,0.012106268946880078
2024-06-02,67710.2734375,68409.1640625,67315.5234375,67751.6015625,17110588415,0.0006596674454519835,0.015544720172089965,1,53.138786540817534,922.6799431627733,1121.1976587273512,71705.24967655893,63780.09915156605,68083.40178571429,65948.23645833334,67956.15011477,0.01167218168783442
2024-06-03,67753.8984375,70230.8203125,67589.8359375,68804.78125,32401285324,0.015544720172089965,0.025622992224831664,1,56.435028526787946,930.0456166788936,1082.9672503176596,70887.13794123875,65323.41010563625,67999.1484375,66112.01341145833,68168.30789857749,0.012267080103867215
2024-06-04,68804.5703125,71047.40625,68564.640625,70567.765625,33149696545,0.025622992224831664,0.007298724608017615,1,61.33761106719731,1065.8545632606983,1079.5447129062673,71164.77849386407,65475.79689676091,68323.65513392857,66329.901171875,68768.17233018311,0.013899296763076299
2024-06-05,70568.3515625,71735.4140625,70390.7109375,71082.8203125,32810771409,0.007298724608017615,-0.004581363662391591,0,62.65968288114865,1201.1980769557267,1103.8753857161591,71327.08150167299,65898.61771707701,68824.33035714286,66593.93020833333,69346.83432576233,0.012156410753155511
2024-06-06,71082.84375,71625.734375,70119.125,70757.1640625,25223152007,-0.004581363662391591,-0.01999201273457618,0,61.23391398004605,1267.5692990591633,1136.61416838476,71566.15518274263,66030.07294225736,69166.06919642857,66874.67513020833,69699.41675994675,0.012726288211002322
2024-06-07,70759.1875,71907.8515625,68507.2578125,69342.5859375,36188381096,-0.01999201273457618,-0.0005308786729295578,0,55.3430837926876,1192.2804710882629,1147.7474289254606,71558.98642040047,66277.41982959953,69430.52232142857,67146.49661458333,69610.20905433506,0.014564635932358913
2024-06-08,69324.1796875,69533.3203125,69210.7421875,69305.7734375,14262185861,-0.0005308786729295578,0.00493781012787653,1,55.1942739811776,1116.7696460844163,1141.5518723572518,71418.69666144627,66720.45021355373,69658.92745535714,67355.02369791667,69534.1001501263,0.014665141716374206
2024-06-09,69297.4921875,69817.5234375,69160.84375,69647.9921875,13534028500,0.00493781012787653,-0.0019485261992140401,0,56.36878920034781,1072.1815251146181,1127.677802908725,71082.25628157024,66876.87028092975,69929.84040178571,67650.19752604167,69562.57315946971,0.014619438606019048
2024-06-10,69644.3125,70146.0703125,69232.421875,69512.28125,20597699541,-0.0019485261992140401,-0.03136496113771259,0,55.74473157854298,1014.2032754930988,1104.9828974255997,70999.31730551945,66897.38425698056,70030.91183035714,67940.81653645834,69550.00018210227,0.013797677667496757
2024-06-11,69508.078125,69549.4140625,66123.6015625,67332.03125,37116136345,-0.03136496113771259,0.013502581655740586,1,46.78372300345528,783.2977719378687,1040.6458723280534,71024.6738080187,66692.99728573128,69568.6640625,68136.93776041667,68995.5079490767,0.014032641696696636
2024-06-12,67321.375,69977.890625,66902.453125,68241.1875,34497940694,0.013502581655740586,-0.021757960505889518,0,50.36669317192811,665.987716195872,965.7142411016173,71017.65556445546,66731.17802929453,69162.71651785714,68314.92903645833,68806.92783680752,0.015203606306093694
2024-06-13,68243.1015625,68365.78125,66304.5625,66756.3984375,28955204146,-0.021757960505889518,-0.011164543099157487,0,45.03396107092976,448.04381322198606,862.180155525691,71117.25949765924,66454.60378359076,68591.17857142857,68488.38268229166,68294.29548698063,0.016334917024476512
2024-06-14,66747.5703125,67294.6484375,65056.89453125,66011.09375,27403884779,-0.011164543099157487,0.0027253941690672523,1,42.59598854874151,212.72962569861556,732.290049560276,71235.27853816062,66011.09958683937,68115.25111607143,68479.83606770834,67723.49505273547,0.015593596055629367
2024-06-15,66006.7421875,66402.1875,65871.7734375,66191.0,14121265576,0.0027253941690672523,0.006768999939568809,1,43.39262243533071,40.293884753540624,593.8908165989288,71326.3658073219,65687.30294267811,67670.28348214286,68511.81666666667,67340.3712895516,0.015861661373395345
2024-06-16,66189.359375,66894.84375,66018.25,66639.046875,13281140541,0.006768999939568809,-0.0022321747830370553,0,45.42395251030072,-59.52290099833044,463.208073079477,71269.73921893895,65468.37874981106,67240.43415178571,68498.05572916666,67165.04018591369,0.016093957271454958
2024-06-17,66636.515625,67188.3203125,65094.96484375,66490.296875,30006354476,-0.0022321747830370553,-0.02029695827328193,0,44.84854696253497,-148.91470862731512,340.7835167381186,71293.09873086905,65264.42705038096,66808.72209821429,68483.03880208333,66996.35435818527,0.016081889007112358
2024-06-18,66490.9765625,66556.703125,64066.95703125,65140.74609375,39481285950,-0.02029695827328193,-0.0027701435671353414,0,39.909103329058965,-324.91046400755295,207.64472058898428,71458.11594219349,64855.675073431514,66495.68136160714,68445.11809895834,66532.45229207644,0.013540677527843886
2024-06-19,65146.66015625,65695.3515625,64693.30078125,64960.296875,21103423504,-0.0027701435671353414,-0.00202647819256907,0,39.2860595189914,-473.4910024649289,71.41757597820165,71566.76193809039,64406.559546284596,66026.98270089286,68228.85481770833,66139.41343780734,0.011081003216896618
2024-06-20,64960.296875,66438.9609375,64547.84765625,64828.65625,25641109124,-0.00202647819256907,-0.011298352821403679,0,38.81005563809649,-595.0055938208097,-61.86705798160063,71686.50685896614,64020.53884415887,65751.59095982143,68051.92565104166,65811.7241408555,0.009004764157352253
2024-06-21,64837.98828125,65007.546875,63378.89453125,64096.19921875,26188171739,-0.011298352821403679,0.0024397531859308152,1,36.18308896310482,-741.8582636857318,-197.86529912242688,71841.98951328821,63503.98236171178,65478.03459821428,67884.38776041666,65382.84291032912,0.00902228083370922
2024-06-22,64113.86328125,64475.46875,63929.7578125,64252.578125,9858198793,0.0024397531859308152,-0.01668075089399379,0,37.161046380581524,-835.9848784524074,-325.489214988423,71924.857667237,63071.211864012985,65201.1171875,67761.82161458333,65100.27671399684,0.008986517209534195
2024-06-23,64248.96484375,64491.703125,63180.796875,63180.796875,11170471802,-0.01668075089399379,-0.04595356431233677,0,33.38491490564246,-985.7021278741449,-457.5317975655674,71977.78716663532,62455.883927114664,64707.08147321428,67583.64479166667,64620.40675424763,0.008576483621086884
2024-06-24,63173.3515625,63292.52734375,58601.69921875,60277.4140625,43152133651,-0.04595356431233677,0.025336630415439876,1,25.75115203451692,-1323.3777798099982,-630.7009940144535,72086.8434448495,61317.79249265049,63819.52678571428,67284.02708333333,63534.65858131072,0.01640438069173296
2024-06-25,60266.28125,62258.26171875,60239.75,61804.640625,29201215431,0.025336630415439876,-0.016072632592061153,0,34.265746666865894,-1451.0272083374002,-794.7662368790429,71632.10502100941,60844.71294774058,63342.94029017857,67060.2453125,63102.154092233046,0.021627229458403854
2024-06-26,61789.67578125,62434.13671875,60695.1875,60811.27734375,22506003064,-0.016072632592061153,0.013048951973404943,1,31.71792871761825,-1613.7441766755364,-958.5618248383416,71210.08826211515,60272.141034759865,62750.22321428572,66774.13606770833,62529.434905112284,0.021749104998790895
2024-06-27,60811.2265625,62293.86328125,60585.33203125,61604.80078125,21231745045,0.013048951973404943,-0.020853310881755127,0,35.823028797154265,-1659.5377189441497,-1098.7570036595034,70844.09229140216,59864.35848984783,62289.67243303572,66551.08880208334,62298.27637414671,0.02326874894548718
2024-06-28,61612.8046875,62126.09765625,59985.40234375,60320.13671875,24952866877,-0.020853310881755127,0.009403861104374522,1,32.42440157086868,-1778.9840636680601,-1234.8024156612148,70497.49979255788,59312.38731681712,61750.23493303572,66309.15690104167,61803.74146029753,0.02383454316538817
2024-06-29,60319.875,61097.62109375,60300.96484375,60887.37890625,12652903396,0.009403861104374522,0.029413551620566913,1,35.3413676290583,-1807.0439704897217,-1349.2507266269163,69874.13629060921,59059.68949064078,61269.4921875,66059.903125,61574.65082178565,0.024498068026559433
2024-06-30,60888.4453125,62892.828125,60632.94921875,62678.29296875,17333226409,0.029413551620566913,0.002771094932125795,1,43.61665724696847,-1665.570194831591,-1412.5146202678513,69056.7157636636,59193.7111894614,61197.70591517857,65899.46575520834,61850.56135852674,0.02758661064299417
2024-07-01,62673.60546875,63777.2265625,62495.51171875,62851.98046875,25468379421,0.002771094932125795,-0.013093697885290578,0,44.36039398506148,-1521.8926475800035,-1434.3902257302818,68632.64778793849,59169.77408706151,61565.50111607143,65737.63385416666,62100.91613608256,0.01915700032183506
2024-07-02,62844.41015625,63203.359375,61752.74609375,62029.015625,20151616992,-0.013093697885290578,-0.02990687070088416,0,41.56288492478546,-1457.6308798890896,-1439.0383565620434,67941.98460926765,59239.22007823235,61597.5546875,65546.88098958334,62082.94100831192,0.018226045621658773
2024-07-03,62034.33203125,62187.703125,59419.38671875,60173.921875,29756701685,-0.02990687070088416,-0.05311634426354228,0,36.04480430025028,-1538.656849591207,-1458.962055167876,67601.00910629606,58921.94792495394,61506.50390625,65259.18567708333,61605.68622498394,0.020897111138831415
2024-07-04,60147.13671875,60399.67578125,56777.8046875,56977.703125,41149609230,-0.05311634426354228,-0.005534237213954074,0,28.9204867222697,-1839.5732007869883,-1535.0842842916986,67749.50473715927,57870.11323159072,60845.489955357145,64806.18359375,60448.69044998795,0.0272994784985837
2024-07-05,57022.80859375,57497.15234375,53717.375,56662.375,55417544033,-0.005534237213954074,0.02896391234041995,1,28.325658574355487,-2079.5244579826904,-1643.972319029897,67696.6179460185,56970.13752273149,60322.95256696428,64325.50208333333,59502.11158749097,0.02696833975216193
2024-07-06,56659.07421875,58472.546875,56038.9609375,58303.5390625,20610320577,0.02896391234041995,-0.042097439142912196,0,35.734308473206724,-2112.9031022758136,-1737.7584756790804,67171.09577865209,56662.108908847906,59953.83258928572,63910.38125,59202.46845624322,0.02998675385327261
2024-07-07,58239.4296875,58371.12109375,55793.32421875,55849.109375,20553359505,-0.042097439142912196,0.015326802715911692,1,30.63434323952717,-2310.7707547587415,-1852.3609314950127,66830.32210450794,55938.76383299206,58978.23493303572,63460.59869791667,58364.12868593242,0.02811934852324318
2024-07-08,55849.57421875,58131.3359375,54321.01953125,56705.09765625,39766159899,0.015326802715911692,0.02299844211812685,1,34.16334209171957,-2371.177733501667,-1956.1242918963435,66485.67083522202,55439.850258527986,58100.10881696428,63040.576171875,57949.37092851182,0.02986282255716941
2024-07-09,56704.59765625,58239.1953125,56316.875,58009.2265625,27849512607,0.02299844211812685,-0.004598069730556098,0,39.235516848237296,-2287.4500948842833,-2022.3894524939315,65960.1090442594,55270.3050182406,57525.853236607145,62652.61731770833,57964.334837008864,0.03303466417509271
2024-07-10,58033.8828125,59359.43359375,57178.4140625,57742.49609375,26175260526,-0.004598069730556098,-0.006885432015347748,0,38.58082826272039,-2217.061354501624,-2061.3238328954703,65376.14130835042,55145.65673852458,57178.50669642857,62260.29114583333,57908.87515119415,0.03173104044818705
2024-07-11,57729.890625,59299.43359375,57120.37890625,57344.9140625,28707803842,-0.006885432015347748,0.009670444019596935,1,37.57439227073126,-2168.363770033706,-2082.7318203231175,64869.908656875494,54976.7608743745,57230.96540178572,61927.38723958333,57767.88487902062,0.024029759934084526
2024-07-12,57341.1953125,58532.5546875,56590.17578125,57899.46484375,25604805221,0.009670444019596935,0.023013827240820017,1,39.928270566574476,-2061.2620244957725,-2078.4378611576485,64203.038458536095,55008.3197445889,57407.69252232143,61582.66315104167,57800.77987020296,0.024010173113126334
2024-07-13,57908.73828125,59787.078125,57796.44140625,59231.953125,17080061806,0.023013827240820017,0.026266900915231206,1,45.2685607252049,-1847.5648735102732,-2032.2632636281735,63703.748547134324,55112.72528099068,57540.32310267857,61331.848307291664,58158.57318390222,0.023037451935279403
2024-07-14,59225.25,61329.52734375,59225.25,60787.79296875,22223416061,0.026266900915231206,0.06715755212726138,1,50.77153164086543,-1534.9708802337555,-1932.80478694929,63755.602284470144,55111.909434279856,58245.849330357145,61157.73828125,58815.878130114164,0.013503118584669084
2024-07-15,60815.45703125,64870.15234375,60704.9296875,64870.15234375,38094526099,0.06715755212726138,0.003499237870556282,1,61.66345050559765,-946.910213077128,-1735.6258721748577,64421.39234762629,54752.67054299871,59412.28571428572,61113.71002604167,60329.44668352312,0.024882949602167113
2024-07-16,64784.41796875,65354.33984375,62487.96875,65097.1484375,41617346768,0.003499237870556282,-0.01502916014346345,0,62.164726360828084,-457.27997106749535,-1479.9566919533852,65182.76353193997,54419.88646806002,60424.845982142855,61062.31341145833,61521.37212201734,0.025530033110406733
2024-07-17,65091.83203125,66066.734375,63896.0859375,64118.79296875,32525071311,-0.01502916014346345,-0.0022571629283560934,0,58.60774373238105,-146.50081633268564,-1213.2655168292454,65581.60505883237,54272.44415991763,61335.74553571428,60983.26328125,62170.7273337005,0.02723947104486102
2024-07-18,64104.73828125,65104.66015625,63246.1640625,63974.06640625,27239305337,-0.0022571629283560934,0.042768734230136385,1,58.07833858987766,87.11151149467332,-953.1901111644617,66033.028453055,54186.413734445,62282.767299107145,60944.37395833333,62621.56210183788,0.026658796227924268
2024-07-19,63972.32421875,67442.640625,63329.34375,66710.15625,37003855410,0.042768734230136385,0.0067979482134701286,1,64.5904313734005,487.4119665703038,-665.0696956175086,66984.0750742808,53817.6448475942,63541.4375,61002.70260416667,63643.71063887841,0.028228558755623176
2024-07-20,66709.921875,67610.734375,66299.6171875,67163.6484375,19029581250,0.0067979482134701286,0.014753144342986024,1,65.54575168616373,831.6591418680691,-365.7239281203931,67783.84678644512,53466.40868230488,64674.536830357145,61080.53567708333,64523.69508853381,0.028675966565799533
2024-07-21,67164.9140625,68372.90625,65842.296875,68154.5234375,26652190004,0.014753144342986024,-0.00835268752223095,0,67.60246646637125,1170.9350297296478,-58.39213655038492,68720.4958853517,53060.013880273305,65726.92689732143,61215.813151041664,65431.40217577536,0.028482944822644126
2024-07-22,68152.9765625,68480.0625,66611.296875,67585.25,42649109453,-0.00835268752223095,-0.02452573786440093,0,65.19461471241073,1377.9933567752742,228.88496211474688,69517.26976544528,52818.86343767973,66114.79799107143,61326.90221354167,65969.86413183152,0.01893783342535233
2024-07-23,67584.8046875,67779.015625,65484.4609375,65927.671875,35605668666,-0.02452573786440093,-0.008426492953570563,0,58.644725809044814,1392.2864593691338,461.56526156562427,70041.27917609822,52870.229027026784,66233.44419642857,61418.46471354167,65959.31606762363,0.02223607389049462
2024-07-24,65927.859375,67113.984375,65146.99609375,65372.1328125,27470942309,-0.008426492953570563,0.00619673448871394,1,56.59258562099579,1343.3017403544218,637.9125573233838,70364.50336533935,53386.44780653566,66412.49274553571,61588.288671875,65812.52025384271,0.02152075321322134
2024-07-25,65375.875,66112.421875,63473.47265625,65777.2265625,38315761670,0.00619673448871394,0.032455548053117234,1,57.753484999756466,1321.9302882448392,774.7161035076749,70628.34031829122,54034.09600983378,66670.08705357143,61720.708203125,65803.69683100704,0.021415779365645645
2024-07-26,65771.8125,68207.6015625,65743.765625,67912.0625,30488630457,0.032455548053117234,-0.0014537411892032726,0,63.320781830851054,1460.4218431362533,911.8572514333906,71232.07922536356,54391.20944651144,66841.78794642857,61957.401041666664,66330.78824825528,0.018470213899545524
2024-07-27,67911.8125,69398.5078125,66705.21875,67813.3359375,34691905492,-0.0014537411892032726,0.006525726007755361,1,62.9079121854492,1544.4080154228504,1038.3674042312828,71458.47677041657,55361.23455770844,66934.60044642857,62164.352213541664,66701.42517056646,0.018428340312468653
2024-07-28,67808.65625,68301.8515625,67085.828125,68255.8671875,18043166945,0.006525726007755361,-0.021037797689324123,0,64.03974949600124,1627.9106943890001,1156.2760622628261,71678.43493458781,56296.35334666218,66949.078125,62428.8765625,67090.03567479984,0.01769137922234644
2024-07-29,68259.0546875,69987.5390625,66532.59375,66819.9140625,40780682628,-0.021037797689324123,-0.009262185475442442,0,57.86910541042498,1560.2323651529223,1237.0673228408455,71696.54342187147,57159.31360937852,66839.74441964286,62626.627734375,67022.50527172488,0.019306786338523604
2024-07-30,66819.0546875,66987.671875,65323.19140625,66201.015625,31380492109,-0.009262185475442442,-0.023893373992326827,0,55.391742086706074,1440.0567917895896,1277.6652166305944,71469.54494987609,58232.164034498914,66878.79352678571,62744.05182291667,66817.13286004365,0.01699154251444116
2024-07-31,66201.2734375,66810.2109375,64532.046875,64619.25,31292785994,-0.023893373992326827,0.011424614182306447,1,49.55298766009351,1203.310503065717,1262.794273917619,70873.26402879831,59555.87854932669,66771.23883928571,62802.96080729167,66267.66214503274,0.01923570251459165
2024-08-01,64625.83984375,65593.2421875,62248.94140625,65357.5,40975554494,0.011424614182306447,-0.06032105869640059,0,52.0912473624811,1063.0043167086696,1222.8362824758292,70144.50167316778,61030.444420582244,66711.27790178571,62913.91028645833,66040.12160877454,0.01968048474148801
2024-08-02,65353.5,65523.22265625,61184.89453125,61415.06640625,43060875727,-0.06032105869640059,-0.011967302150066583,0,40.40069451093675,626.4676809821103,1103.5625621770855,69711.86454514952,61681.39287672547,65783.13560267857,62955.28177083333,64883.8578081434,0.02429204880118798
2024-08-03,61414.80859375,62148.37109375,59836.52734375,60680.09375,31753030589,-0.011967302150066583,-0.04223983565450573,0,38.65884494325688,218.68226809398038,926.5865033604646,69733.00002014164,61649.48747985835,64764.10100446428,63078.69479166667,63832.916793607554,0.02370478443765123
2024-08-04,60676.09375,61062.98828125,57210.8046875,58116.9765625,31758917219,-0.04223983565450573,-0.07098647891315102,0,33.271485313438674,-307.7650221242875,679.7161982635142,70570.74955312251,60136.420368752486,63315.68805803572,63127.18151041667,62403.931735830665,0.02331388761216233
2024-08-05,58110.296875,58268.828125,49121.23828125,53991.45703125,108991085584,-0.07098647891315102,0.03783671505322772,1,26.798165947493203,-1045.8177047354766,334.6094176637161,71994.95800689707,57601.64277435293,61483.05133928572,62983.44544270833,60300.8130596855,0.029598740160714388
2024-08-06,53991.34765625,57059.91796875,53973.2734375,56034.31640625,49300484106,0.03783671505322772,-0.017968550940289485,0,33.67913399211723,-1449.1828169837245,-22.149029265772015,72543.15198375794,56245.00114124206,60030.665736607145,62989.61901041667,59234.188896326625,0.038889393034109654
2024-08-07,56040.6328125,57726.8828125,54620.5078125,55027.4609375,41637562185,-0.017968550940289485,0.12144256099404904,1,32.07863009149341,-1829.0136652040455,-383.52195645342675,73063.67716925699,54829.81540886802,58660.41015625,62933.69778645833,58182.50690661997,0.03892806930408495
2024-08-08,55030.02734375,62673.765625,54766.7265625,61710.13671875,45298472567,0.12144256099404904,-0.013450358103773374,0,49.300119183795815,-1572.6675305167882,-621.3510712660991,72770.9738897773,54622.5167352227,58139.35825892857,63057.06145833333,59064.41435965248,0.06686898942432397
2024-08-09,61728.20703125,61751.86328125,59587.859375,60880.11328125,33425553115,-0.013450358103773374,0.001079157301276501,1,47.68296234862412,-1420.1171005707438,-781.1042771270281,72389.76544808023,54375.37166129478,58062.93638392857,63161.648697916666,59518.339090051864,0.062781602761023
2024-08-10,60881.23046875,61464.51171875,60287.56640625,60945.8125,15745822278,0.001079157301276501,-0.036529632368097475,0,47.8288401456876,-1279.1728989683252,-880.7180014952876,71810.94328428512,54233.32273133988,58100.896205357145,63281.67864583333,59875.2074425389,0.06254714212860764
2024-08-11,60944.890625,61778.66015625,58348.82421875,58719.484375,22759754812,-0.036529632368097475,0.010814659848586317,1,43.41146628254826,-1331.7678860437154,-970.9279784049733,71296.37406630475,53861.31538682025,58186.96875,63309.01263020833,59586.276675654175,0.06190420866599199
2024-08-12,58719.39453125,60680.33203125,57688.8984375,59354.515625,37078637820,0.010814659848586317,0.021144992390795814,1,44.9726133021863,-1307.1401792105462,-1038.1704185660878,70933.4803523503,53566.8934757747,58953.11997767857,63313.098046875,59528.33641299063,0.052621355300110785
2024-08-13,59356.20703125,61572.3984375,58506.25390625,60609.56640625,30327698167,0.021144992390795814,-0.0308911115194338,0,48.0244768830139,-1172.8307718858705,-1065.1024892300445,70600.52658514692,53423.590602353084,59606.72712053572,63307.15716145833,59798.64391130547,0.05177196540223575
2024-08-14,60611.05078125,61687.7578125,58472.875,58737.26953125,29961696180,-0.0308911115194338,-0.020041310813293967,0,44.09550727920513,-1203.594026581508,-1092.8007967003373,70179.19938429356,53140.92210008144,60136.69977678572,63102.727734375,59533.30031629161,0.05324322701944144
2024-08-15,58733.26171875,59838.6484375,56161.59375,57560.09765625,35682112440,-0.020041310813293967,0.023175912946963972,1,41.78106991771791,-1307.8855691312929,-1135.8177511865283,69330.77891471153,52954.14608528848,59543.83705357143,62851.49270833333,59039.99965128121,0.021518810502116428
2024-08-16,57560.2734375,59847.359375,57110.01953125,58894.10546875,29350938673,0.023175912946963972,0.00993082725079053,1,45.2857980628711,-1268.2742106545556,-1162.309043080134,68336.12860950726,53056.87334361774,59260.12165178572,62677.33645833333,59003.52610564841,0.024675220138024596
2024-08-17,58893.53125,59694.66796875,58814.83203125,59478.97265625,13589684021,0.00993082725079053,-0.016728732324455264,0,46.79797241502669,-1176.130331242246,-1165.0733007125564,67073.90471479837,53441.407785201634,59050.57310267857,62527.5,59122.38774329881,0.025227262209269994
2024-08-18,59468.1328125,60262.71875,58445.40234375,58483.96484375,17740625837,-0.016728732324455264,0.01726094125025579,1,44.54253566654544,-1169.9084810617496,-1166.0403367823951,65987.63952058919,53694.0780575358,59016.927455357145,62253.293619791664,58962.782018411606,0.021735590665923336
2024-08-19,58480.7109375,59612.66015625,57864.7109375,59493.453125,25911207712,0.01726094125025579,-0.008079210921579816,0,47.316723522897526,-1071.172542033586,-1147.0667778326333,64915.362230057624,54095.59909806738,59036.775669642855,61997.620442708336,59095.4497950587,0.022414434674396643
2024-08-20,59493.453125,61396.328125,58610.8828125,59012.79296875,31613400008,-0.008079210921579816,0.03664287570061453,1,46.133375166540105,-1019.9514906778059,-1121.643720401668,64100.700430757875,54349.61519424213,58808.66517857143,61692.89609375,59074.78558848153,0.020586224448486082
2024-08-21,59014.98828125,61834.3515625,58823.4453125,61175.19140625,32731154072,0.03664287570061453,-0.012967304646127387,0,51.9548112172358,-795.698637869973,-1056.454703895329,63119.13887609017,54912.94588953483,59156.939732142855,61479.22747395833,59599.88704292365,0.021483418499906048
2024-08-22,61168.31640625,61408.109375,59815.25390625,60381.9140625,27625734377,-0.012967304646127387,0.061482671821355916,1,49.827394534573195,-674.2155511217279,-980.0068733406088,62970.228575805566,54958.540955444434,59560.056361607145,61294.368880208334,59795.393797817735,0.020179847982973943
2024-08-23,60380.953125,64947.0625,60372.05078125,64094.35546875,42530509233,0.061482671821355916,0.0013205019089592707,1,58.41025885430316,-275.20395444009046,-839.0462895605052,63674.34902547785,54595.846677647154,60302.94921875,61251.77630208333,60870.1342155508,0.028687552075849766
2024-08-24,64103.87109375,64513.7890625,63619.91796875,64178.9921875,21430585163,0.0013205019089592707,0.0024081210374646833,1,58.58420527055017,47.299843366781715,-661.7770629750479,64450.00276985601,54426.39449576899,60974.380580357145,61198.50182291667,61697.348708538106,0.02899927236080291
2024-08-25,64176.3671875,64996.421875,63833.51953125,64333.54296875,18827683555,0.0024081210374646833,-0.022583597070127692,0,58.92206385166996,311.7635667240975,-467.0689370352189,64741.5408794076,55169.06497996741,61810.03459821428,61079.21783854167,62356.39727359108,0.02673264363233494
2024-08-26,64342.2265625,64489.70703125,62849.55859375,62880.66015625,27682040631,-0.022583597070127692,-0.05369739018896724,0,54.42708078001358,399.5121448049249,-293.75272066719015,64888.48772594227,55706.75250843273,62293.92131696428,60914.7953125,62487.46299425581,0.02997085802087453
2024-08-27,62879.70703125,63210.796875,58116.75,59504.1328125,39103882198,-0.05369739018896724,-0.00800797843742207,0,45.70132134931621,194.35557719241478,-196.13106109526916,64451.67868605543,56591.228735819575,62364.11272321428,60623.07083333333,61741.63044881686,0.03801149045108854
2024-08-28,59507.92578125,60236.44921875,57890.67578125,59027.625,40289564698,-0.00800797843742207,0.006108236397788236,1,44.61427888578222,-6.606522956331901,-158.2261534674817,64329.20852003233,56445.44772996767,62057.31752232143,60363.327864583334,61063.129086612644,0.03480103393141627
2024-08-29,59027.46875,61184.08203125,58786.2265625,59388.1796875,32224990582,0.006108236397788236,-0.004524521990973862,0,45.66736604203484,-135.21797651496308,-153.624518076978,64270.9197263631,56354.5431642619,61915.35546875,60136.23333333333,60644.391736834485,0.03478145838678729
2024-08-30,59388.6015625,59896.88671875,57768.53125,59119.4765625,32292756405,-0.004524521990973862,-0.002530098940268344,0,44.9809594109327,-255.8759973769702,-174.07481393697645,64201.17752546807,56241.651771406934,61204.658482142855,59952.907552083336,60263.16294325086,0.020943721958390903
2024-08-31,59117.48046875,59432.59375,58768.78515625,58969.8984375,12403470760,-0.002530098940268344,-0.027885585694078285,0,44.579271716815036,-359.42482714205835,-211.14481657799286,64196.25602780235,56271.61467532264,60460.502232142855,59739.9875,59939.84681681315,0.020605373902624603
2024-09-01,58969.80078125,59062.0703125,57217.82421875,57325.48828125,24592449997,-0.027885585694078285,0.031172733823612075,1,40.31670142302104,-567.6348364065343,-282.44282054370115,64279.2842789165,55985.6836898335,59459.3515625,59603.668229166666,59286.25718292237,0.020294892545019
2024-09-02,57326.96875,59403.0703125,57136.02734375,59112.48046875,27036454524,0.031172733823612075,-0.02844504270361159,0,46.32321256341268,-581.741480144723,-342.30255246390556,64221.29393029046,55893.96544470953,58921.04017857143,59551.414453125,59242.81300437928,0.026638365198656592
2024-09-03,59106.19140625,59815.05859375,57425.16796875,57431.0234375,26666961053,-0.02844504270361159,0.00941156177702851,1,42.03632571242781,-720.2974857926456,-417.90153912965354,64276.02827737376,55708.60648825124,58624.88169642857,59528.54934895833,58789.86561265946,0.0204961032439932
2024-09-04,57430.34765625,58511.5703125,55673.1640625,57971.5390625,35627680312,0.00941156177702851,-0.031240343288065575,0,43.83565725734846,-777.5261869607639,-489.82646869587563,64253.41496680702,55772.36393944298,58474.01227678572,59661.21875,58585.28397511959,0.02110063086500555
2024-09-05,57971.703125,58300.58203125,55712.453125,56160.48828125,31030280656,-0.031240343288065575,-0.03938239218868078,0,39.42014986730097,-957.9740785516187,-583.4559906670243,64417.70542188764,55334.71176561237,58012.91350446428,59665.424479166664,57979.0850516522,0.023211585094194725
2024-09-06,56160.19140625,56976.109375,52598.69921875,53948.75390625,49361693566,-0.03938239218868078,0.003539165966313096,1,34.80878973818152,-1264.868199273209,-719.7384323882612,64826.04865692156,54373.34665557844,57274.23883928572,59629.467578125,56971.50226530165,0.025985148288984496
2024-09-07,53949.0859375,54838.14453125,53740.0703125,54139.6875,19061486526,0.003539165966313096,0.012964221602682846,1,35.51014208053016,-1475.6666886645035,-870.9240836435097,65113.04986627679,53651.917711848204,56584.208705357145,59377.11927083333,56263.54857397624,0.026477624159680982
2024-09-08,54147.93359375,55300.859375,53653.7578125,54841.56640625,18268287531,0.012964221602682846,0.039713831911113884,1,38.14458888090165,-1568.0151457954198,-1010.3422960738917,65211.6144849687,53088.1644212813,56229.36272321428,59175.834375,55908.05303204468,0.026848974802155708
2024-09-09,54851.88671875,58041.125,54598.43359375,57019.53515625,34618096173,0.039713831911113884,0.011034389872275785,1,45.57436390145826,-1448.7577102621362,-1098.0253789115407,65182.82000992881,52917.63311507119,55930.37053571428,59044.95846354167,56185.92356309601,0.028932902037048402
2024-09-10,57020.09765625,58029.9765625,56419.4140625,57648.7109375,28857630507,0.011034389872275785,-0.005300015516934153,0,47.53489418406187,-1288.6216775336434,-1136.1446386359612,64954.535387580094,52793.26969054491,55961.46875,59009.266015625,56551.62040669701,0.027355194180076595
2024-09-11,57650.2890625,57991.3203125,55567.33984375,57343.171875,37049062672,-0.005300015516934153,0.013669279499548104,1,46.65595951599595,-1172.8473129738923,-1143.4851735035475,64796.13729257272,52647.793566802284,55871.70200892857,58942.22122395833,56749.50827377276,0.027153341499947456
2024-09-12,57343.171875,58534.359375,57330.1015625,58127.01171875,33835707949,0.013669279499548104,0.04205082955798245,1,49.24857199519281,-1006.2465861054516,-1116.0374560239284,63976.77309472258,52870.423389652424,56152.63392857143,58859.469401041664,57093.88413501707,0.024006426891599413
2024-09-13,58130.32421875,60648.0234375,57650.11328125,60571.30078125,32490528356,0.04205082955798245,-0.00934732588201681,0,56.36971435542841,-669.2657314523312,-1026.683111109609,63243.734636345784,53242.69270740421,57098.71205357143,58920.603776041666,57963.238296575306,0.017723170445177162
2024-09-14,60569.1171875,60656.72265625,59517.8828125,60005.12109375,16428405496,-0.00934732588201681,-0.013703582981947293,0,54.463408329403975,-442.78776363062207,-909.9040416138116,62271.82484191393,53781.760314336076,57936.631138392855,59002.10455729167,58473.70899586898,0.01987057480674818
2024-09-15,60000.7265625,60381.91796875,58696.30859375,59182.8359375,18120960867,-0.013703582981947293,-0.016733367188517922,0,51.727382823200216,-325.8971430309248,-793.1026618972343,61507.80385329343,54175.99888108157,58556.8125,59011.72890625,58650.99073127674,0.022677291183353696
2024-09-16,59185.2265625,59205.51171875,57501.33984375,58192.5078125,32032822113,-0.016733367188517922,0.0363626062794542,1,48.56318358980176,-309.6027791077504,-696.4026853393376,61367.088800432524,54185.55143394247,58724.38002232143,58968.84674479167,58536.37000158255,0.02078882009479781
2024-09-17,58192.5078125,61316.08984375,57628.0703125,60308.5390625,38075570118,0.0363626062794542,0.02223798894564699,1,54.90993930528705,-124.50808909263287,-582.0237660899967,61561.45250348288,54119.279137142126,59104.35546875,59029.66588541667,58979.412266811916,0.02430729235998424
2024-09-18,60309.0,61664.06640625,59218.25390625,61649.6796875,40990702891,0.02223798894564699,0.020937291974474137,1,58.41243878433203,128.91359070943872,-439.8362947301096,61980.644708300504,53926.23693232449,59719.57087053572,59101.54010416667,59646.97912198394,0.024267215792335168
2024-09-19,61651.15625,63872.44140625,61609.8671875,62940.45703125,42710252573,0.020937291974474137,0.004012038411551844,1,61.511234456467726,428.9622323269068,-266.07658931870634,62702.39621677028,53586.583470729725,60407.20591517857,59232.462239583336,60470.34859930046,0.02457159877332504
2024-09-20,62941.42578125,64119.53125,62364.60546875,63192.9765625,35177164222,0.004012038411551844,0.003194394254405042,1,62.1061111962507,679.2986266018343,-77.00154613459821,63411.07156347653,53300.21593652348,60781.73102678572,59299.72174479167,61151.00559010034,0.020626710215579297
2024-09-21,63184.33984375,63543.359375,62783.10546875,63394.83984375,14408616220,0.003194394254405042,0.004004601863112578,1,62.60369782732639,883.7928881237531,115.15734071707203,64141.395112249425,53176.827544000575,61265.9765625,59400.152604166666,61711.96415351276,0.019563147506523087
2024-09-22,63396.8046875,63993.421875,62440.7265625,63648.7109375,20183348802,0.004004601863112578,-0.005010473135318549,0,63.25714877247342,1054.1893012036235,302.9637328143823,64784.038970956746,52987.806732168254,61903.958705357145,59385.29778645833,62196.15084950957,0.01729578892463365
2024-09-23,63643.1015625,64733.55859375,62628.078125,63329.80078125,31400285425,-0.005010473135318549,0.01535087678718594,1,61.79636137345757,1150.2370847282727,472.4184031971604,65342.523975489785,53019.19946201021,62637.857700892855,59356.99140625,62479.563332444675,0.014562653474997585
2024-09-24,63326.83984375,64695.21484375,62737.41796875,64301.96875,29938335243,0.01535087678718594,-0.018021597802944433,0,64.4885382591416,1289.931943005664,635.9211111588611,66017.96550484985,52976.80090140014,63208.34765625,59355.93893229167,62935.16468683351,0.010307627991754205
2024-09-25,64302.58984375,64804.50390625,62945.375,63143.14453125,25078377700,-0.018021597802944433,0.032273891570151925,1,59.13880253909977,1292.2375843995615,767.1844058070012,66362.78490655591,53330.247124694084,63421.69977678572,59364.68841145833,62987.15964793763,0.012784885633223414
2024-09-26,63138.546875,65790.796875,62669.26953125,65181.01953125,36873129847,0.032273891570151925,0.00935309904070647,1,64.68674786145363,1441.8831714244152,902.124158930484,66727.5270783171,54088.73151543289,63741.78013392857,59553.91796875,63535.62461876572,0.01573925116557984
2024-09-27,65180.6640625,66480.6953125,64852.9921875,65790.6640625,32058813449,0.00935309904070647,0.0014741358273548943,1,66.1667052099568,1591.3277600886213,1039.9648791621116,67033.27685071119,54948.079399288814,64112.87834821428,59779.35260416667,64099.38447969929,0.015806200166817278
2024-09-28,65792.1796875,66255.53125,65458.03515625,65887.6484375,15243637984,0.0014741358273548943,-0.003829909793174213,0,66.40789475529479,1698.0158322889183,1171.575069787473,67246.19086205207,55839.77359107293,64468.993861607145,59996.0015625,64546.45046914947,0.015868126927396073
2024-09-29,65888.8984375,66069.34375,65450.015625,65635.3046875,14788214575,-0.003829909793174213,-0.035130555094979754,0,65.10736653609888,1742.1227597132092,1285.6846077726204,67545.24984595965,56402.29156029036,64752.79296875,60213.19583333333,64818.6640237371,0.016273171738517347
2024-09-30,65634.65625,65635.0546875,62873.6171875,63329.5,37112957475,-0.035130555094979754,-0.039357521968434894,0,54.58754689716753,1572.8873829406366,1343.125162806224,67487.05849471611,57028.56181778389,64752.75,60358.515885416666,64446.37301780283,0.022136698248125683
2024-10-01,63335.60546875,64110.98046875,60189.27734375,60837.0078125,50220923500,-0.039357521968434894,-0.0033568819965540397,0,45.9454916371336,1223.5396353787582,1319.2080573207309,67207.01462591835,57657.98928033165,64257.755580357145,60475.56653645833,63544.03171647712,0.025327749841172396
2024-10-02,60836.32421875,62357.6875,59996.94921875,60632.78515625,40762722398,-0.0033568819965540397,0.0020882627636797935,1,45.3125024280906,919.5993974983285,1239.2863253562505,66993.27584485979,58122.30540514022,63899.1328125,60526.243359375,62816.22007642034,0.024925900098462385
2024-10-03,60632.484375,61469.0390625,59878.8046875,60759.40234375,36106447279,0.0020882627636797935,0.021528753876634443,1,45.81097147325357,681.090332663247,1127.64712681765,66986.5607045454,58147.8307017046,63267.47321428572,60637.18932291667,62302.01564325275,0.019268776027631218
2024-10-04,60754.625,62465.9921875,60459.94140625,62067.4765625,29585472513,0.021528753876634443,0.0003620681473552878,1,50.80024683581659,590.8103439586848,1020.2797702458569,66939.4296026576,58401.1973504674,62735.58928571428,60773.72057291667,62243.38087306456,0.021686171963897886
2024-10-05,62067.609375,62371.0234375,61689.58203125,62089.94921875,13305410749,0.0003620681473552878,0.011741093613744757,1,50.8839142916182,515.1379681906255,919.2514098348107,66787.53319155137,58843.805089698646,62193.060825892855,60971.36927083333,62205.02295948592,0.02160842090383614
2024-10-06,62084.98828125,62959.5703125,61833.1484375,62818.953125,14776233667,0.011741093613744757,-0.009269383518558882,0,53.63823034872085,508.1341339057908,837.0279546490067,66406.5958622064,59687.3869502936,61790.724888392855,61267.042578125,62358.50550086444,0.02290113519288992
2024-10-07,62819.109375,64443.70703125,62152.55078125,62236.66015625,34253562610,-0.009269383518558882,-0.001682150134457161,0,51.169912554069995,450.40537581760873,759.7034388827271,66286.84599560572,59999.94892626928,61634.60491071428,61536.941666666666,62328.04416471083,0.019210460235340315
2024-10-08,62221.64453125,63174.3046875,61843.5625,62131.96875,28134475157,-0.001682150134457161,-0.024944762232405493,0,50.71801184297808,391.6920158389112,686.1011542739641,66271.9122930141,60063.111535110904,61819.599330357145,61779.955078125,62279.025311033125,0.010330839078007917
2024-10-09,62131.7265625,62508.8359375,60314.61328125,60582.1015625,27670982363,-0.024944762232405493,-0.005077433013489285,0,44.45836324504467,217.5916645355028,592.3992563262718,66352.35690244978,59746.831378800205,61812.35881696428,61898.707291666666,61854.794373899844,0.014814521530739663
2024-10-10,60581.9296875,61236.72265625,58895.20703125,60274.5,30452813570,-0.005077433013489285,0.036011743668549645,1,43.315716537593964,54.17056192416203,484.75351744584987,66419.23351069793,59388.10711430207,61743.08705357143,61986.23359375,61459.72078042488,0.014891518208778267
2024-10-11,60275.4609375,63400.87109375,60046.125,62445.08984375,30327141594,0.036011743668549645,0.011977460447594401,1,52.577896758263144,98.66922334634,407.53665862594795,66369.58202942324,59342.783595576766,61797.03180803572,62156.297526041664,61706.06304625616,0.0189926189305458
2024-10-12,62444.6171875,63448.78515625,62443.26953125,63193.0234375,16744110886,0.011977460447594401,-0.005406426515387475,0,55.288934375324814,192.07262967885617,364.44385283652963,66331.82232577413,59334.974549225866,61954.61383928572,62325.16458333333,62077.80314406712,0.019427955365831674
2024-10-13,63192.9453125,63272.65234375,62035.63671875,62851.375,18177529690,-0.005406426515387475,0.050830232433260125,1,53.776595491974305,235.80906834758935,338.7168959387416,66300.53176899978,59318.42252787522,61959.24553571428,62401.16705729167,62271.19610805034,0.019174364025454266
2024-10-14,62848.3984375,66482.4921875,62442.15234375,66046.125,43706958056,0.050830232433260125,0.015064992457922477,1,63.759324937168984,522.2400779216987,375.42153233533304,66612.4235389813,59180.94638289369,62503.454799107145,62602.533854166664,63214.92833103776,0.026331553159844905
2024-10-15,66050.3671875,67881.6796875,64809.1953125,67041.109375,48863870879,0.015064992457922477,0.008526251733136592,1,66.20712834732596,820.0723566145607,464.3516971911786,67224.12166779143,58959.04473845858,63204.76060267857,62864.476302083334,64171.47359202832,0.02597720852680556
2024-10-16,67042.4609375,68375.2890625,66758.7265625,67612.71875,38195189534,0.008526251733136592,-0.0031485616380424464,0,67.56261084289504,1089.669649247262,589.4152876023952,67711.3596944254,58714.97663369961,64209.134486607145,63178.48333333333,65031.78488152124,0.02077265617062885
2024-10-17,67617.078125,67912.2109375,66647.390625,67399.8359375,32790898511,-0.0031485616380424464,0.015118035686984221,1,66.49289119837908,1271.4926068740533,725.8307514567268,68024.88167488588,58562.37184073911,65227.03962053572,63414.85989583333,65623.79764551592,0.02045701802783263
2024-10-18,67419.109375,68969.75,67177.8203125,68418.7890625,36857165014,0.015118035686984221,-0.0008192879217548965,0,69.02118014732842,1480.740556788216,876.8127125230246,68541.54829441027,58298.819283714736,66080.42522321429,63640.496875,66322.54549976194,0.01852907370310616
2024-10-19,68418.9765625,68668.0078125,68024.640625,68362.734375,14443497908,-0.0008192879217548965,0.009346740674458287,1,68.71401109013442,1623.335123025383,1026.1171946234963,69039.10894938129,58074.00159749372,66818.95535714286,63821.239453125,66832.59271857145,0.01929449911420952
2024-10-20,68364.1796875,69359.0078125,68105.71875,69001.703125,18975847518,0.009346740674458287,-0.023678423698328066,0,70.33468773784753,1767.5268330627587,1174.399122311349,69811.45273916508,57868.87812020992,67697.57366071429,64014.863671875,67374.87032017858,0.017901549428623792
2024-10-21,69002.0,69462.734375,66829.8515625,67367.8515625,37498611780,-0.023678423698328066,-9.567341618454961e-05,0,61.55414337141598,1730.0190529431711,1285.5231084377133,70159.60972610368,58173.805508271325,67886.39174107143,64147.29739583333,67373.11563075894,0.013707125261590502
2024-10-22,67360.703125,67801.578125,66581.3671875,67361.40625,31808472566,-9.567341618454961e-05,-0.01379441121005398,0,61.52151503252996,1680.40314270198,1364.4991152905666,70419.694303975,58586.58303977499,67932.1484375,64271.05390625,67370.18828556921,0.012622328007422055
2024-10-23,67362.375,67402.7421875,65188.03515625,66432.1953125,32263980353,-0.01379441121005398,0.02602442034118191,1,56.84338168524464,1548.2552961574256,1401.2503514639384,70498.60502572948,59074.95161489552,67763.50223214286,64374.467057291666,67135.69004230191,0.013139189423702709
2024-10-24,66653.703125,68798.9609375,66454.1015625,68161.0546875,31414428647,0.02602442034118191,-0.022280180844656217,0,62.54941406125896,1564.991431529561,1433.998567477063,70840.53325315002,59342.38119997499,67872.24776785714,64503.103255208334,67392.03120360144,0.016950419747951525
2024-10-25,68165.296875,68722.15625,65521.79296875,66642.4140625,41469984306,-0.022280180844656217,0.00558625096700216,1,55.595824856161606,1439.1240070316126,1435.0236553879731,70933.69614171846,59704.46479578153,67618.47991071429,64619.74557291667,67204.62691832607,0.017894384475670686
2024-10-26,66628.734375,67317.921875,66360.59375,67014.6953125,19588098156,0.00558625096700216,0.01364777618155344,1,56.86186643498699,1353.8073039972514,1418.7803851098288,71067.16706648596,59990.56808976405,67425.90290178571,64680.86809895833,67157.14401686956,0.018221893648675987
2024-10-27,67023.4765625,68221.3125,66847.2265625,67929.296875,16721307878,0.01364777618155344,0.029125296867722028,1,59.887713924734875,1344.4953985829052,1403.9233878044442,71229.52990832597,60397.46891979903,67272.70200892857,64752.155859375,67350.18223140216,0.018760316512821056
2024-10-28,67922.671875,70212.265625,67535.1328125,69907.7578125,38799856657,0.029125296867722028,0.04023493905417541,1,65.52165521101179,1479.7038050407864,1419.0794712517127,71621.75508812619,60782.82264624881,67635.54575892857,64886.159505208336,67989.57612667662,0.019240204275095655
2024-10-29,69910.046875,73577.2109375,69729.9140625,72720.4921875,58541874402,0.04023493905417541,-0.005238593875544262,0,71.6237139090891,1793.1512667380885,1493.8938303489879,72293.4861710596,61324.9306258154,68401.12946428571,65122.332421875,69172.30514188246,0.022975542480540314
2024-10-30,72715.3671875,72905.296875,71411.734375,72339.5390625,40646637831,-0.005238593875544262,-0.029366396164960396,0,69.82133691255191,1987.9055670224334,1592.696177683677,72530.86632332092,62294.054379804096,69245.03571428571,65422.66705729167,69964.11362203684,0.02160999161802643
2024-10-31,72335.046875,72662.3125,69590.5,70215.1875,40627912076,-0.029366396164960396,-0.010435331387529279,0,60.65501606718664,1948.3727082193363,1663.831483790809,72515.881719022,63086.048749728005,69538.48325892857,65735.273046875,70026.88209152762,0.02558384159829077
2024-11-01,70216.8984375,71559.015625,68779.703125,69482.46875,49989795365,-0.010435331387529279,-0.0027804900426771084,0,57.834742118348835,1836.7454945334903,1698.4142859393455,72376.15710210256,63854.71789789744,69944.20535714286,66030.2625,69890.77875614571,0.023847897188128554
2024-11-02,69486.0234375,69867.3515625,69033.71875,69289.2734375,18184612091,-0.0027804900426771084,-0.00791112711687536,0,57.081107349247056,1712.9451113661344,1701.3204510247033,71969.01382393794,64905.65101981207,70269.14508928571,66314.59153645833,69740.40242648429,0.024093475520560344
2024-11-03,69296.3828125,69361.65625,67482.5234375,68741.1171875,34868307655,-0.00791112711687536,-0.013523338185854272,0,54.89535869844752,1552.7022030570515,1671.596801431173,71929.91260271269,65214.25145978731,70385.11941964286,66537.04622395833,69490.58111673822,0.024185538376098437
2024-11-04,68742.1328125,69433.1796875,66803.6484375,67811.5078125,41184819348,-0.013523338185854272,0.02282879023690776,1,51.30723622491786,1335.304279703123,1604.338297085563,71914.54053952955,65306.663366720466,70085.65513392857,66727.76484375,69070.81279067865,0.021410514766635396
2024-11-05,67811.171875,70522.7890625,67458.8671875,69359.5625,46046889204,0.02282879023690776,0.09053568676993895,1,56.41614090971969,1273.2526706115605,1538.1211717907627,71984.05578732888,65411.832493921116,69605.52232142857,66945.78515625,69143.00021800898,0.01562667951976387
2024-11-06,69358.5,76460.15625,69322.03125,75639.078125,118592653963,0.09053568676993895,0.003513808689745934,1,70.11406493764223,1711.0567569858395,1572.708288829778,73516.55235024051,64703.26014975949,70076.88504464286,67392.532421875,70767.01969475673,0.03998845029643887
2024-11-07,75637.0859375,76943.1171875,74480.421875,75904.859375,63467654989,0.003513808689745934,0.008439738809541852,1,70.53615140001676,2055.7683573419345,1669.3203025322093,74775.41627892097,64193.003252329036,70889.6953125,67851.62877604166,72051.47961481755,0.03680213857755946
2024-11-08,75902.8359375,77252.75,75648.7421875,76545.4765625,55176858003,0.008439738809541852,0.0030490452928257916,1,71.57810073259024,2353.5173542608973,1806.159712877947,75980.05781065719,63806.635939342814,71898.69642857143,68383.74127604166,73174.97885173817,0.035577091188722286
2024-11-09,76556.1875,76932.765625,75773.7890625,76778.8671875,29009480361,0.0030490452928257916,0.048129393514959595,1,71.96705218635404,2578.593827866789,1960.6465358757155,77047.28301448947,63517.127141760524,72968.63839285714,68933.88684895834,74075.95093567863,0.03517265005131026
2024-11-10,76775.546875,81474.421875,76565.4296875,80474.1875,82570594495,0.048129393514959595,0.10223522760015435,1,77.27076983101024,3020.333496471212,2172.583927994815,78882.65427935764,62992.389470642374,74644.79129464286,69534.85677083333,75675.51007675896,0.03539241026853674
2024-11-11,80471.4140625,89604.5,80283.25,88701.484375,117966845037,0.10223522760015435,-0.008406532091926988,0,84.36380898182718,3988.314657098934,2535.7300738156387,82918.96995979476,61090.08160270525,77629.07366071429,70385.13880208334,78932.00365131922,0.04179404297819183
2024-11-12,88705.5625,89956.8828125,85155.109375,87955.8125,133673285375,-0.008406532091926988,0.029882636380625716,1,81.87008629661818,4641.7697797320725,2956.9380149989256,85697.00431404688,60464.408967203104,80285.68080357143,71221.95338541667,81187.9558634894,0.045420438308914735
2024-11-13,87929.96875,93434.3515625,86256.9296875,90584.1640625,123559027869,0.029882636380625716,-0.03680261786927608,0,83.6991264147833,5310.507453108672,3427.6519026208753,88713.12042558793,59690.603793162074,82420.69308035714,72039.88802083333,83537.00791324205,0.0383792285198731
2024-11-14,90574.8828125,91765.21875,86682.8125,87250.4296875,87616705248,-0.03680261786927608,0.04373133907381366,1,73.56203319399923,5507.989697741505,3843.7194616450015,90363.47854084143,60101.04724040858,84041.48883928571,72713.53203125,84465.36335680653,0.044907161914263985
2024-11-15,87284.1796875,91868.7421875,87124.8984375,91066.0078125,78243109518,0.04373133907381366,-0.005573223886622736,0,76.99609509400977,5904.319743277301,4255.839517971462,92553.29131434181,60316.3657169082,86115.85044642857,73495.30833333333,86115.52447072988,0.04525062635394144
2024-11-16,91064.3671875,91763.9453125,90094.2265625,90558.4765625,44333192814,-0.005573223886622736,-0.007869224693816235,0,75.5896285735297,6107.062217776547,4626.0840579324795,94302.79604846345,60829.77895153656,88084.36607142857,74267.26302083333,87226.26249367242,0.0460882660541812
2024-11-17,90558.4609375,91433.0390625,88741.6640625,89845.8515625,46350159305,-0.007869224693816235,0.007755383808848215,1,73.55786685077828,6139.46230785115,4928.759707916214,95726.01147475862,61400.372900241375,89423.17522321429,74981.4984375,87881.15976087931,0.04621209992875219
2024-11-18,89843.71875,92596.7890625,89393.59375,90542.640625,75535775084,0.007755383808848215,0.019892819836786257,1,74.28566478453158,6150.465924059448,5173.100951144861,97153.4545172557,61755.1447014943,89686.19754464286,75720.82864583333,88546.52997690947,0.02680145470154095
2024-11-19,90536.8125,94002.8671875,90426.984375,92343.7890625,74521048295,0.019892819836786257,0.02161166598491282,1,76.11570103781403,6232.677567965555,5385.016274509,98685.31594291737,62223.70827583265,90313.05133928571,76498.89817708333,89495.84474830709,0.026885155789526133
2024-11-20,92341.890625,94902.0234375,91619.5,94339.4921875,71730956426,0.02161166598491282,0.044151545428309014,1,77.98521993057028,6385.262124382425,5585.0654444836855,100211.52701150837,63109.927675991625,90849.52678571429,77397.95286458333,90706.75660810531,0.02588998952958734
2024-11-21,94334.640625,99014.21875,94132.6015625,98504.7265625,106024505582,0.044151545428309014,0.005004201495724558,1,81.2788709837307,6764.311318163353,5820.914619219619,102158.92188193857,64064.75858681144,92457.28348214286,78436.06354166666,92656.24909670398,0.021180739501592626
2024-11-22,98496.4296875,99655.5,97222.6640625,98997.6640625,78473580551,0.005004201495724558,-0.012327389984975179,0,81.62916223776257,7023.5236629414285,6061.436427963981,103734.2564924499,65460.26303880009,93590.37723214286,79521.57916666666,94241.60283815298,0.018068524929346776
2024-11-23,99006.7421875,99014.6796875,97232.890625,97777.28125,44414644677,-0.012327389984975179,0.002419161787646784,1,77.75043709944943,7049.21762707876,6258.992667786937,104549.14357027158,67548.9923672284,94621.63504464286,80508.78671875,95125.52244111472,0.01930973105760629
2024-11-24,97778.09375,98647.1796875,95788.078125,98013.8203125,51712020623,0.002419161787646784,-0.05011051933125821,0,77.9689466380332,7007.884474313658,6408.771029092282,104741.74277733568,70376.62441016432,95788.48772321429,81554.50026041667,95847.59690896103,0.01796326141883041
2024-11-25,98033.4453125,98935.03125,92642.9140625,93102.296875,80909462490,-0.05011051933125821,-0.011997304040733403,0,63.92954594371684,6503.836579277602,6427.784139129347,103895.68152411371,73596.95910088629,96154.15290178571,82424.08697916666,95161.27190047076,0.02992195893707416
2024-11-26,93087.28125,94991.75,90770.8125,91985.3203125,91656519855,-0.011997304040733403,0.04323745271515378,1,61.229327408114926,5945.705920582375,6331.368495419953,103512.4464729356,75614.81837081439,96102.94308035714,83225.95442708333,94367.28400347807,0.02959183083807127
2024-11-27,91978.140625,97361.1796875,91778.6640625,95962.53125,71133452438,0.04323745271515378,-0.0032310787967048116,0,66.63347842330502,5757.937121227616,6216.682220581486,103271.7541650625,77861.2778661875,96334.80580357143,84094.446875,94766.09581510855,0.03315965506464575
2024-11-28,95954.9453125,96650.203125,94677.3515625,95652.46875,52260008261,-0.0032310787967048116,0.018912786163713058,1,65.86271854987405,5520.4729665054765,6077.440369766285,102640.66855082937,80403.06269917064,95927.34040178571,84858.84609375,94987.68904883141,0.02772961850180471
2024-11-29,95653.953125,98693.171875,95407.8828125,97461.5234375,54968682476,0.018912786163713058,-0.010388394458550332,0,68.17570226610643,5415.8262338427885,5945.117542581586,101662.85092385158,83449.14595114843,95707.89174107143,85696.24557291667,95606.14764599856,0.02894224975851046
2024-11-30,97468.8125,97499.34375,96144.21875,96449.0546875,31634227866,-0.010388394458550332,0.008613193542348574,1,65.50081808782883,5191.3524976102635,5794.3645335873225,100718.1611573908,85991.32243635919,95518.14508928571,86570.7078125,95816.87440637391,0.02883457323743793
2024-12-01,96461.3359375,97888.125,95770.1875,97279.7890625,36590695296,0.008613193542348574,-0.01454037255458307,0,66.65679186519135,5022.591457854171,5640.009918440692,101011.01545921898,86556.29860328101,95413.28348214286,87497.28515625,96182.60307040543,0.029072312056111892
2024-12-02,97276.0078125,98152.6015625,94482.8671875,95865.3046875,72680784305,-0.01454037255458307,0.0014276215513644441,1,62.798382527106796,4720.297400121024,5456.067414776759,100938.05213110002,87420.21115014997,95807.99888392857,88383.15286458333,96103.27847467907,0.020981156629676867
2024-12-03,95854.59375,96297.203125,93629.5625,96002.1640625,67067810961,0.0014276215513644441,0.02881567529768403,1,63.021418656391276,4440.582320414178,5252.970395904243,101043.16367488995,87856.89960636006,96381.83370535714,89291.85442708334,96077.9998716343,0.019816714951476893
2024-12-04,95988.53125,99207.328125,94660.5234375,98768.53125,77199817112,0.02881567529768403,-0.022020788503929523,0,67.29026374199444,4391.506266422613,5080.677570007918,100984.60750205023,89067.26593544977,96782.69084821429,90323.75520833333,96750.63271622572,0.015646071866549777
2024-12-05,98741.5390625,103900.46875,91998.78125,96593.5703125,149218945580,-0.022020788503929523,0.03444474217316973,1,61.29873079891601,4129.509553706463,4890.443966747627,101008.05806091125,89596.57162658876,96917.13392857143,91231.55546875,96711.36711529428,0.0184923153554092
2024-12-06,97074.2265625,102039.8828125,96514.875,99920.7109375,94534772658,0.03444474217316973,2.627082989481444e-05,1,66.24947644663621,4142.594463359535,4740.87406607001,101377.93113256319,90162.92199243681,97268.44642857143,92040.94322916666,97513.7030708457,0.021594996942083913
2024-12-07,99916.7109375,100563.3828125,99030.8828125,99923.3359375,44177510897,2.627082989481444e-05,0.013136868131795154,1,66.25314438098594,4105.8465211976,4613.868557095528,101456.74847121883,91091.85309128117,97764.77232142857,92841.55911458333,98116.11128750927,0.020801593409986177
2024-12-08,99921.9140625,101399.9921875,98771.515625,101236.015625,44125751925,0.013136868131795154,-0.03756861480096407,0,68.11903685726328,4134.980313421751,4518.090908360772,101714.84545499145,91903.09360750855,98329.94754464286,93664.57708333334,98896.08737188196,0.02099279578968317
2024-12-09,101237.0625,101272.5078125,94355.9140625,97432.71875,110676473908,-0.03756861480096407,-0.007772430783165474,0,58.09626868574506,3807.2867496267572,4375.9300766139695,101524.2334092626,92602.5986219874,98553.86383928571,94353.03880208333,98530.24521641148,0.025948903878290817
2024-12-10,97441.234375,98270.15625,94321.2578125,96675.4296875,104823780634,-0.007772430783165474,0.04652269534294651,1,56.3193682173725,3446.7483713015827,4190.0937355514925,101468.62521376017,92891.80056748983,98650.04464285714,94893.08020833334,98066.5413341836,0.026249943930024205
2024-12-11,96656.0625,101913.359375,95747.2265625,101173.03125,85391409936,0.04652269534294651,-0.011169293200355757,0,63.46620174424217,3483.779129778428,4048.8308143968798,101913.29486846739,92713.96138153262,98993.54464285714,95308.7984375,98843.16381313771,0.029938101572575152
2024-12-12,101167.8046875,102524.9140625,99339.953125,100043.0,72073983533,-0.011169293200355757,0.014156490833941326,1,60.77560742531989,3382.945702604673,3915.6537920384385,102063.62901794595,92668.16082580407,99486.3203125,95711.7046875,99143.12285985329,0.028629125220400016
2024-12-13,100046.6484375,101888.8046875,99233.28125,101459.2578125,56894751583,0.014156490833941326,-0.0008504799301751742,0,62.89852640806858,3378.3708976667986,3808.1972131641105,102574.9725889599,92525.01491104008,99706.11272321429,96074.2078125,99722.15659801498,0.026111925926943273
2024-12-14,101451.4375,102618.8828125,100634.0546875,101372.96875,40422968793,-0.0008504799301751742,0.02886101293644905,1,62.6759514785107,3329.4032375568786,3712.438418042664,103011.11413024424,92424.78821350576,99913.203125,96544.95911458334,100134.85963601124,0.02612773281674036
2024-12-15,101373.53125,105047.5390625,101227.03125,104298.6953125,51145914137,0.02886101293644905,0.016596788984881483,1,66.94678070614545,3486.4876371852006,3667.2482618711715,103860.27648965974,92695.26569784025,100350.72879464286,96986.04869791666,101175.81855513343,0.027830088774158504
2024-12-16,104293.578125,107780.578125,103322.984375,106029.71875,91020417816,0.016596788984881483,0.001045771070669721,1,69.19287762165524,3707.914747153991,3675.3815589277356,104749.8667809085,93210.11525034149,101578.87165178571,97501.75677083334,102389.29360385008,0.020792649916008082
2024-12-17,106030.6875,108268.4453125,105291.734375,106140.6015625,68589364868,0.001045771070669721,-0.057462106019896764,0,69.33661864720082,3847.987439469667,3709.902735036122,105867.7181835635,93110.0708789365,102931.0390625,98044.91510416666,103327.12059351256,0.01960457231917945
2024-12-18,106147.296875,106470.609375,100041.5390625,100041.5390625,93865656139,-0.057462106019896764,-0.025495268879325628,0,54.32268839178438,3427.344392828454,3653.3910665945887,105841.38990600246,93575.30618774756,102769.39732142857,98361.54505208334,102505.72521075942,0.028065885644469792
2024-12-19,100070.6875,102748.1484375,95587.6796875,97490.953125,97221662392,-0.025495268879325628,0.002717960528709318,1,49.49585684012759,2855.2571516670723,3493.7642836090854,105840.71813321671,93578.9209292833,102404.81919642857,98533.1171875,101252.03218931958,0.029399521750268706
2024-12-20,97484.6953125,98098.9140625,92175.1796875,97755.9296875,105634083408,0.002717960528709318,-0.005433973434635808,0,49.9929800577991,2395.6398406241933,3274.1393950121073,105792.45985662301,93757.866705877,101875.77232142857,98646.9984375,100378.00656386469,0.0285733863301695
2024-12-21,97756.1953125,99507.1015625,96426.5234375,97224.7265625,51765334294,-0.005433973434635808,-0.021802983021374844,0,48.95269704530664,1965.8648907686875,3012.4844941634233,105794.31971636097,93750.50059613903,101283.16629464286,98604.33177083333,99589.68656352353,0.028516488778666135
2024-12-22,97218.3203125,97360.265625,94202.1875,95104.9375,43147981314,-0.021802983021374844,-0.004402456102765462,0,44.934433129964674,1437.643624320408,2697.5163201948203,105863.14197436949,93605.64161938052,99969.77232142857,98474.57421875,98468.49929764266,0.024453566492401182
2024-12-23,95099.390625,96416.2109375,92403.1328125,94686.2421875,65239002919,-0.004402456102765462,0.04213760595334648,1,44.16332770537348,974.0114547461708,2352.8153471050905,105981.68689190144,93355.50451434856,98349.27566964286,98371.53958333333,97522.93502010699,0.021329989612715792
2024-12-24,94684.34375,99404.0625,93448.015625,98676.09375,47114953674,0.04213760595334648,0.0063146152104343045,1,52.52417570733435,917.9457889287878,2065.84143546983,105979.82877677037,93348.11887947963,97282.91741071429,98393.61536458334,97811.22470258024,0.03045300553822744
2024-12-25,98675.9140625,99478.75,97593.46875,99299.1953125,33700394629,0.0063146152104343045,-0.03528406928650052,0,53.69041710905839,913.2648843547358,1835.3261252468112,105960.25798262535,93638.25217362466,97176.86830357143,98600.17864583334,98183.21735506017,0.022331016626556587
2024-12-26,99297.6953125,99884.5703125,95137.8828125,95795.515625,47054980873,-0.03528406928650052,-0.017022260795415023,0,46.73799325468102,619.6941164194577,1592.1997234813405,105995.40267552726,93190.58794947274,96934.66294642857,98727.18515625,97586.29192254512,0.024346911025828102
2024-12-27,95704.9765625,97294.84375,93310.7421875,94164.859375,52419934565,-0.017022260795415023,0.010609799867287384,1,43.88945313835861,252.54564733717416,1324.2689082525073,106126.38561615547,92483.75735259453,96421.65290178571,98667.26276041666,96730.93378565884,0.024814259525674003
2024-12-28,94160.1875,95525.8984375,94014.2890625,95163.9296875,24107436185,0.010609799867287384,-0.017167251608511402,0,46.05861850382435,41.71361646259902,1067.7578498945259,105990.43894517841,92012.4954298216,96127.25334821429,98650.978125,96339.18276111913,0.025506381016851442
2024-12-29,95174.0546875,95174.875,92881.7890625,93530.2265625,29635885267,-0.017167251608511402,-0.00948373223930199,0,43.12287798593273,-254.26743896861444,803.3527921218978,106167.60145417262,91445.08370207738,95902.29464285714,98519.93489583333,95636.94371146434,0.024984956747241677
2024-12-30,93527.1953125,94903.3203125,91317.1328125,92643.2109375,56188003691,-0.00948373223930199,0.008484077565384274,1,41.57346980003328,-554.0228748310328,531.8776587313117,106396.66495233652,90812.79832891349,95610.43303571429,98393.0734375,94888.51051797325,0.025135806365497785
